Copyright 1986-2022 Xilinx, Inc. All Rights Reserved. Copyright 2022-2024 Advanced Micro Devices, Inc. All Rights Reserved.
---------------------------------------------------------------------------------------------------------------------------------------------------------------------------------------------------------------------------
| Tool Version : Vivado v.2024.2 (win64) Build 5239630 Fri Nov 08 22:35:27 MST 2024
| Date         : Fri Jun 26 15:32:40 2026
| Host         : Rishitha running 64-bit major release  (build 9200)
| Command      : report_timing_summary -max_paths 10 -report_unconstrained -file async_fifo_timing_summary_routed.rpt -pb async_fifo_timing_summary_routed.pb -rpx async_fifo_timing_summary_routed.rpx -warn_on_violation
| Design       : async_fifo
| Device       : 7s50-csga324
| Speed File   : -1  PRODUCTION 1.23 2018-06-13
| Design State : Routed
---------------------------------------------------------------------------------------------------------------------------------------------------------------------------------------------------------------------------

Timing Summary Report

------------------------------------------------------------------------------------------------
| Timer Settings
| --------------
------------------------------------------------------------------------------------------------

  Enable Multi Corner Analysis               :  Yes
  Enable Pessimism Removal                   :  Yes
  Pessimism Removal Resolution               :  Nearest Common Node
  Enable Input Delay Default Clock           :  No
  Enable Preset / Clear Arcs                 :  No
  Disable Flight Delays                      :  No
  Ignore I/O Paths                           :  No
  Timing Early Launch at Borrowing Latches   :  No
  Borrow Time for Max Delay Exceptions       :  Yes
  Merge Timing Exceptions                    :  Yes
  Inter-SLR Compensation                     :  Conservative

  Corner  Analyze    Analyze    
  Name    Max Paths  Min Paths  
  ------  ---------  ---------  
  Slow    Yes        Yes        
  Fast    Yes        Yes        


------------------------------------------------------------------------------------------------
| Report Methodology
| ------------------
------------------------------------------------------------------------------------------------

Rule       Severity  Description                    Violations  
---------  --------  -----------------------------  ----------  
TIMING-18  Warning   Missing input or output delay  22          

Note: This report is based on the most recent report_methodology run and may not be up-to-date. Run report_methodology on the current design for the latest report.



check_timing report

Table of Contents
-----------------
1. checking no_clock (0)
2. checking constant_clock (0)
3. checking pulse_width_clock (0)
4. checking unconstrained_internal_endpoints (0)
5. checking no_input_delay (12)
6. checking no_output_delay (10)
7. checking multiple_clock (0)
8. checking generated_clocks (0)
9. checking loops (0)
10. checking partial_input_delay (0)
11. checking partial_output_delay (0)
12. checking latch_loops (0)

1. checking no_clock (0)
------------------------
 There are 0 register/latch pins with no clock.


2. checking constant_clock (0)
------------------------------
 There are 0 register/latch pins with constant_clock.


3. checking pulse_width_clock (0)
---------------------------------
 There are 0 register/latch pins which need pulse_width check


4. checking unconstrained_internal_endpoints (0)
------------------------------------------------
 There are 0 pins that are not constrained for maximum delay.

 There are 0 pins that are not constrained for maximum delay due to constant clock.


5. checking no_input_delay (12)
-------------------------------
 There are 12 input ports with no input delay specified. (HIGH)

 There are 0 input ports with no input delay but user has a false path constraint.


6. checking no_output_delay (10)
--------------------------------
 There are 10 ports with no output delay specified. (HIGH)

 There are 0 ports with no output delay but user has a false path constraint

 There are 0 ports with no output delay but with a timing clock defined on it or propagating through it


7. checking multiple_clock (0)
------------------------------
 There are 0 register/latch pins with multiple clocks.


8. checking generated_clocks (0)
--------------------------------
 There are 0 generated clocks that are not connected to a clock source.


9. checking loops (0)
---------------------
 There are 0 combinational loops in the design.


10. checking partial_input_delay (0)
------------------------------------
 There are 0 input ports with partial input delay specified.


11. checking partial_output_delay (0)
-------------------------------------
 There are 0 ports with partial output delay specified.


12. checking latch_loops (0)
----------------------------
 There are 0 combinational latch loops in the design through latch input



------------------------------------------------------------------------------------------------
| Design Timing Summary
| ---------------------
------------------------------------------------------------------------------------------------

    WNS(ns)      TNS(ns)  TNS Failing Endpoints  TNS Total Endpoints      WHS(ns)      THS(ns)  THS Failing Endpoints  THS Total Endpoints     WPWS(ns)     TPWS(ns)  TPWS Failing Endpoints  TPWS Total Endpoints  
    -------      -------  ---------------------  -------------------      -------      -------  ---------------------  -------------------     --------     --------  ----------------------  --------------------  
      7.354        0.000                      0                  120        0.119        0.000                      0                  120        3.750        0.000                       0                    66  


All user specified timing constraints are met.


------------------------------------------------------------------------------------------------
| Clock Summary
| -------------
------------------------------------------------------------------------------------------------

Clock             Waveform(ns)       Period(ns)      Frequency(MHz)
-----             ------------       ----------      --------------
read_clk_domain   {0.000 12.500}     25.000          40.000          
write_clk_domain  {0.000 5.000}      10.000          100.000         


------------------------------------------------------------------------------------------------
| Intra Clock Table
| -----------------
------------------------------------------------------------------------------------------------

Clock                 WNS(ns)      TNS(ns)  TNS Failing Endpoints  TNS Total Endpoints      WHS(ns)      THS(ns)  THS Failing Endpoints  THS Total Endpoints     WPWS(ns)     TPWS(ns)  TPWS Failing Endpoints  TPWS Total Endpoints  
-----                 -------      -------  ---------------------  -------------------      -------      -------  ---------------------  -------------------     --------     --------  ----------------------  --------------------  
read_clk_domain        21.908        0.000                      0                   24        0.119        0.000                      0                   24       12.000        0.000                       0                    31  
write_clk_domain        7.393        0.000                      0                   76        0.121        0.000                      0                   76        3.750        0.000                       0                    35  


------------------------------------------------------------------------------------------------
| Inter Clock Table
| -----------------
------------------------------------------------------------------------------------------------

From Clock    To Clock          WNS(ns)      TNS(ns)  TNS Failing Endpoints  TNS Total Endpoints      WHS(ns)      THS(ns)  THS Failing Endpoints  THS Total Endpoints  
----------    --------          -------      -------  ---------------------  -------------------      -------      -------  ---------------------  -------------------  


------------------------------------------------------------------------------------------------
| Other Path Groups Table
| -----------------------
------------------------------------------------------------------------------------------------

Path Group         From Clock         To Clock               WNS(ns)      TNS(ns)  TNS Failing Endpoints  TNS Total Endpoints      WHS(ns)      THS(ns)  THS Failing Endpoints  THS Total Endpoints  
----------         ----------         --------               -------      -------  ---------------------  -------------------      -------      -------  ---------------------  -------------------  
**async_default**  read_clk_domain    read_clk_domain         22.164        0.000                      0                   10        0.741        0.000                      0                   10  
**async_default**  write_clk_domain   write_clk_domain         7.354        0.000                      0                   10        0.754        0.000                      0                   10  


------------------------------------------------------------------------------------------------
| User Ignored Path Table
| -----------------------
------------------------------------------------------------------------------------------------

Path Group        From Clock        To Clock        
----------        ----------        --------        
(none)            write_clk_domain  read_clk_domain   
(none)            read_clk_domain   write_clk_domain  


------------------------------------------------------------------------------------------------
| Unconstrained Path Table
| ------------------------
------------------------------------------------------------------------------------------------

Path Group        From Clock        To Clock        
----------        ----------        --------        
(none)            read_clk_domain                     
(none)            write_clk_domain                    
(none)                              read_clk_domain   
(none)                              write_clk_domain  


------------------------------------------------------------------------------------------------
| Timing Details
| --------------
------------------------------------------------------------------------------------------------


---------------------------------------------------------------------------------------------------
From Clock:  read_clk_domain
  To Clock:  read_clk_domain

Setup :            0  Failing Endpoints,  Worst Slack       21.908ns,  Total Violation        0.000ns
Hold  :            0  Failing Endpoints,  Worst Slack        0.119ns,  Total Violation        0.000ns
PW    :            0  Failing Endpoints,  Worst Slack       12.000ns,  Total Violation        0.000ns
---------------------------------------------------------------------------------------------------


Max Delay Paths
--------------------------------------------------------------------------------------
Slack (MET) :             21.908ns  (required time - arrival time)
  Source:                 rptr_empty_inst/rbin_reg[3]/C
                            (rising edge-triggered cell FDCE clocked by read_clk_domain  {rise@0.000ns fall@12.500ns period=25.000ns})
  Destination:            rptr_empty_inst/rempty_reg/D
                            (rising edge-triggered cell FDPE clocked by read_clk_domain  {rise@0.000ns fall@12.500ns period=25.000ns})
  Path Group:             read_clk_domain
  Path Type:              Setup (Max at Slow Process Corner)
  Requirement:            25.000ns  (read_clk_domain rise@25.000ns - read_clk_domain rise@0.000ns)
  Data Path Delay:        3.114ns  (logic 0.890ns (28.581%)  route 2.224ns (71.419%))
  Logic Levels:           3  (LUT6=3)
  Clock Path Skew:        -0.024ns (DCD - SCD + CPR)
    Destination Clock Delay (DCD):    4.281ns = ( 29.281 - 25.000 ) 
    Source Clock Delay      (SCD):    4.641ns
    Clock Pessimism Removal (CPR):    0.336ns
  Clock Uncertainty:      0.035ns  ((TSJ^2 + TIJ^2)^1/2 + DJ) / 2 + PE
    Total System Jitter     (TSJ):    0.071ns
    Total Input Jitter      (TIJ):    0.000ns
    Discrete Jitter          (DJ):    0.000ns
    Phase Error              (PE):    0.000ns

    Location             Delay type                Incr(ns)  Path(ns)    Netlist Resource(s)
  -------------------------------------------------------------------    -------------------
                         (clock read_clk_domain rise edge)
                                                      0.000     0.000 r  
    P14                                               0.000     0.000 r  rclk (IN)
                         net (fo=0)                   0.000     0.000    rclk
    P14                  IBUF (Prop_ibuf_I_O)         0.937     0.937 r  rclk_IBUF_inst/O
                         net (fo=1, routed)           1.972     2.909    rclk_IBUF
    BUFGCTRL_X0Y1        BUFG (Prop_bufg_I_O)         0.096     3.005 r  rclk_IBUF_BUFG_inst/O
                         net (fo=30, routed)          1.636     4.641    rptr_empty_inst/CLK
    SLICE_X2Y9           FDCE                                         r  rptr_empty_inst/rbin_reg[3]/C
  -------------------------------------------------------------------    -------------------
    SLICE_X2Y9           FDCE (Prop_fdce_C_Q)         0.518     5.159 r  rptr_empty_inst/rbin_reg[3]/Q
                         net (fo=13, routed)          1.235     6.394    rptr_empty_inst/raddr[3]
    SLICE_X2Y10          LUT6 (Prop_lut6_I0_O)        0.124     6.518 r  rptr_empty_inst/rptr[2]_i_1/O
                         net (fo=2, routed)           0.827     7.345    rptr_empty_inst/rgray_next[2]
    SLICE_X2Y8           LUT6 (Prop_lut6_I3_O)        0.124     7.469 r  rptr_empty_inst/rempty_i_2/O
                         net (fo=1, routed)           0.162     7.631    rptr_empty_inst/rempty_i_2_n_0
    SLICE_X2Y8           LUT6 (Prop_lut6_I1_O)        0.124     7.755 r  rptr_empty_inst/rempty_i_1/O
                         net (fo=1, routed)           0.000     7.755    rptr_empty_inst/rempty_val
    SLICE_X2Y8           FDPE                                         r  rptr_empty_inst/rempty_reg/D
  -------------------------------------------------------------------    -------------------

                         (clock read_clk_domain rise edge)
                                                     25.000    25.000 r  
    P14                                               0.000    25.000 r  rclk (IN)
                         net (fo=0)                   0.000    25.000    rclk
    P14                  IBUF (Prop_ibuf_I_O)         0.804    25.804 r  rclk_IBUF_inst/O
                         net (fo=1, routed)           1.868    27.672    rclk_IBUF
    BUFGCTRL_X0Y1        BUFG (Prop_bufg_I_O)         0.091    27.763 r  rclk_IBUF_BUFG_inst/O
                         net (fo=30, routed)          1.518    29.281    rptr_empty_inst/CLK
    SLICE_X2Y8           FDPE                                         r  rptr_empty_inst/rempty_reg/C
                         clock pessimism              0.336    29.617    
                         clock uncertainty           -0.035    29.582    
    SLICE_X2Y8           FDPE (Setup_fdpe_C_D)        0.081    29.663    rptr_empty_inst/rempty_reg
  -------------------------------------------------------------------
                         required time                         29.663    
                         arrival time                          -7.755    
  -------------------------------------------------------------------
                         slack                                 21.908    

Slack (MET) :             22.139ns  (required time - arrival time)
  Source:                 rptr_empty_inst/rbin_reg[1]/C
                            (rising edge-triggered cell FDCE clocked by read_clk_domain  {rise@0.000ns fall@12.500ns period=25.000ns})
  Destination:            mem_inst/rdata_reg[0]/D
                            (rising edge-triggered cell FDRE clocked by read_clk_domain  {rise@0.000ns fall@12.500ns period=25.000ns})
  Path Group:             read_clk_domain
  Path Type:              Setup (Max at Slow Process Corner)
  Requirement:            25.000ns  (read_clk_domain rise@25.000ns - read_clk_domain rise@0.000ns)
  Data Path Delay:        2.531ns  (logic 0.740ns (29.242%)  route 1.791ns (70.758%))
  Logic Levels:           1  (RAMD32=1)
  Clock Path Skew:        -0.024ns (DCD - SCD + CPR)
    Destination Clock Delay (DCD):    4.280ns = ( 29.280 - 25.000 ) 
    Source Clock Delay      (SCD):    4.640ns
    Clock Pessimism Removal (CPR):    0.336ns
  Clock Uncertainty:      0.035ns  ((TSJ^2 + TIJ^2)^1/2 + DJ) / 2 + PE
    Total System Jitter     (TSJ):    0.071ns
    Total Input Jitter      (TIJ):    0.000ns
    Discrete Jitter          (DJ):    0.000ns
    Phase Error              (PE):    0.000ns

    Location             Delay type                Incr(ns)  Path(ns)    Netlist Resource(s)
  -------------------------------------------------------------------    -------------------
                         (clock read_clk_domain rise edge)
                                                      0.000     0.000 r  
    P14                                               0.000     0.000 r  rclk (IN)
                         net (fo=0)                   0.000     0.000    rclk
    P14                  IBUF (Prop_ibuf_I_O)         0.937     0.937 r  rclk_IBUF_inst/O
                         net (fo=1, routed)           1.972     2.909    rclk_IBUF
    BUFGCTRL_X0Y1        BUFG (Prop_bufg_I_O)         0.096     3.005 r  rclk_IBUF_BUFG_inst/O
                         net (fo=30, routed)          1.635     4.640    rptr_empty_inst/CLK
    SLICE_X3Y11          FDCE                                         r  rptr_empty_inst/rbin_reg[1]/C
  -------------------------------------------------------------------    -------------------
    SLICE_X3Y11          FDCE (Prop_fdce_C_Q)         0.419     5.059 r  rptr_empty_inst/rbin_reg[1]/Q
                         net (fo=15, routed)          1.154     6.213    mem_inst/mem_reg_0_15_0_5/ADDRA1
    SLICE_X2Y11          RAMD32 (Prop_ramd32_RADR1_O)
                                                      0.321     6.534 r  mem_inst/mem_reg_0_15_0_5/RAMA/O
                         net (fo=1, routed)           0.637     7.171    mem_inst/rdata0[0]
    SLICE_X1Y10          FDRE                                         r  mem_inst/rdata_reg[0]/D
  -------------------------------------------------------------------    -------------------

                         (clock read_clk_domain rise edge)
                                                     25.000    25.000 r  
    P14                                               0.000    25.000 r  rclk (IN)
                         net (fo=0)                   0.000    25.000    rclk
    P14                  IBUF (Prop_ibuf_I_O)         0.804    25.804 r  rclk_IBUF_inst/O
                         net (fo=1, routed)           1.868    27.672    rclk_IBUF
    BUFGCTRL_X0Y1        BUFG (Prop_bufg_I_O)         0.091    27.763 r  rclk_IBUF_BUFG_inst/O
                         net (fo=30, routed)          1.517    29.280    mem_inst/CLK
    SLICE_X1Y10          FDRE                                         r  mem_inst/rdata_reg[0]/C
                         clock pessimism              0.336    29.616    
                         clock uncertainty           -0.035    29.581    
    SLICE_X1Y10          FDRE (Setup_fdre_C_D)       -0.271    29.310    mem_inst/rdata_reg[0]
  -------------------------------------------------------------------
                         required time                         29.310    
                         arrival time                          -7.171    
  -------------------------------------------------------------------
                         slack                                 22.139    

Slack (MET) :             22.236ns  (required time - arrival time)
  Source:                 rptr_empty_inst/rbin_reg[1]/C
                            (rising edge-triggered cell FDCE clocked by read_clk_domain  {rise@0.000ns fall@12.500ns period=25.000ns})
  Destination:            mem_inst/rdata_reg[3]/D
                            (rising edge-triggered cell FDRE clocked by read_clk_domain  {rise@0.000ns fall@12.500ns period=25.000ns})
  Path Group:             read_clk_domain
  Path Type:              Setup (Max at Slow Process Corner)
  Requirement:            25.000ns  (read_clk_domain rise@25.000ns - read_clk_domain rise@0.000ns)
  Data Path Delay:        2.647ns  (logic 0.718ns (27.127%)  route 1.929ns (72.873%))
  Logic Levels:           1  (RAMD32=1)
  Clock Path Skew:        -0.024ns (DCD - SCD + CPR)
    Destination Clock Delay (DCD):    4.280ns = ( 29.280 - 25.000 ) 
    Source Clock Delay      (SCD):    4.640ns
    Clock Pessimism Removal (CPR):    0.336ns
  Clock Uncertainty:      0.035ns  ((TSJ^2 + TIJ^2)^1/2 + DJ) / 2 + PE
    Total System Jitter     (TSJ):    0.071ns
    Total Input Jitter      (TIJ):    0.000ns
    Discrete Jitter          (DJ):    0.000ns
    Phase Error              (PE):    0.000ns

    Location             Delay type                Incr(ns)  Path(ns)    Netlist Resource(s)
  -------------------------------------------------------------------    -------------------
                         (clock read_clk_domain rise edge)
                                                      0.000     0.000 r  
    P14                                               0.000     0.000 r  rclk (IN)
                         net (fo=0)                   0.000     0.000    rclk
    P14                  IBUF (Prop_ibuf_I_O)         0.937     0.937 r  rclk_IBUF_inst/O
                         net (fo=1, routed)           1.972     2.909    rclk_IBUF
    BUFGCTRL_X0Y1        BUFG (Prop_bufg_I_O)         0.096     3.005 r  rclk_IBUF_BUFG_inst/O
                         net (fo=30, routed)          1.635     4.640    rptr_empty_inst/CLK
    SLICE_X3Y11          FDCE                                         r  rptr_empty_inst/rbin_reg[1]/C
  -------------------------------------------------------------------    -------------------
    SLICE_X3Y11          FDCE (Prop_fdce_C_Q)         0.419     5.059 r  rptr_empty_inst/rbin_reg[1]/Q
                         net (fo=15, routed)          1.146     6.205    mem_inst/mem_reg_0_15_0_5/ADDRB1
    SLICE_X2Y11          RAMD32 (Prop_ramd32_RADR1_O)
                                                      0.299     6.504 r  mem_inst/mem_reg_0_15_0_5/RAMB_D1/O
                         net (fo=1, routed)           0.783     7.287    mem_inst/rdata0[3]
    SLICE_X1Y10          FDRE                                         r  mem_inst/rdata_reg[3]/D
  -------------------------------------------------------------------    -------------------

                         (clock read_clk_domain rise edge)
                                                     25.000    25.000 r  
    P14                                               0.000    25.000 r  rclk (IN)
                         net (fo=0)                   0.000    25.000    rclk
    P14                  IBUF (Prop_ibuf_I_O)         0.804    25.804 r  rclk_IBUF_inst/O
                         net (fo=1, routed)           1.868    27.672    rclk_IBUF
    BUFGCTRL_X0Y1        BUFG (Prop_bufg_I_O)         0.091    27.763 r  rclk_IBUF_BUFG_inst/O
                         net (fo=30, routed)          1.517    29.280    mem_inst/CLK
    SLICE_X1Y10          FDRE                                         r  mem_inst/rdata_reg[3]/C
                         clock pessimism              0.336    29.616    
                         clock uncertainty           -0.035    29.581    
    SLICE_X1Y10          FDRE (Setup_fdre_C_D)       -0.058    29.523    mem_inst/rdata_reg[3]
  -------------------------------------------------------------------
                         required time                         29.523    
                         arrival time                          -7.287    
  -------------------------------------------------------------------
                         slack                                 22.236    

Slack (MET) :             22.295ns  (required time - arrival time)
  Source:                 rptr_empty_inst/rbin_reg[1]/C
                            (rising edge-triggered cell FDCE clocked by read_clk_domain  {rise@0.000ns fall@12.500ns period=25.000ns})
  Destination:            mem_inst/rdata_reg[2]/D
                            (rising edge-triggered cell FDRE clocked by read_clk_domain  {rise@0.000ns fall@12.500ns period=25.000ns})
  Path Group:             read_clk_domain
  Path Type:              Setup (Max at Slow Process Corner)
  Requirement:            25.000ns  (read_clk_domain rise@25.000ns - read_clk_domain rise@0.000ns)
  Data Path Delay:        2.361ns  (logic 0.746ns (31.601%)  route 1.615ns (68.399%))
  Logic Levels:           1  (RAMD32=1)
  Clock Path Skew:        -0.024ns (DCD - SCD + CPR)
    Destination Clock Delay (DCD):    4.280ns = ( 29.280 - 25.000 ) 
    Source Clock Delay      (SCD):    4.640ns
    Clock Pessimism Removal (CPR):    0.336ns
  Clock Uncertainty:      0.035ns  ((TSJ^2 + TIJ^2)^1/2 + DJ) / 2 + PE
    Total System Jitter     (TSJ):    0.071ns
    Total Input Jitter      (TIJ):    0.000ns
    Discrete Jitter          (DJ):    0.000ns
    Phase Error              (PE):    0.000ns

    Location             Delay type                Incr(ns)  Path(ns)    Netlist Resource(s)
  -------------------------------------------------------------------    -------------------
                         (clock read_clk_domain rise edge)
                                                      0.000     0.000 r  
    P14                                               0.000     0.000 r  rclk (IN)
                         net (fo=0)                   0.000     0.000    rclk
    P14                  IBUF (Prop_ibuf_I_O)         0.937     0.937 r  rclk_IBUF_inst/O
                         net (fo=1, routed)           1.972     2.909    rclk_IBUF
    BUFGCTRL_X0Y1        BUFG (Prop_bufg_I_O)         0.096     3.005 r  rclk_IBUF_BUFG_inst/O
                         net (fo=30, routed)          1.635     4.640    rptr_empty_inst/CLK
    SLICE_X3Y11          FDCE                                         r  rptr_empty_inst/rbin_reg[1]/C
  -------------------------------------------------------------------    -------------------
    SLICE_X3Y11          FDCE (Prop_fdce_C_Q)         0.419     5.059 r  rptr_empty_inst/rbin_reg[1]/Q
                         net (fo=15, routed)          1.146     6.205    mem_inst/mem_reg_0_15_0_5/ADDRB1
    SLICE_X2Y11          RAMD32 (Prop_ramd32_RADR1_O)
                                                      0.327     6.532 r  mem_inst/mem_reg_0_15_0_5/RAMB/O
                         net (fo=1, routed)           0.469     7.001    mem_inst/rdata0[2]
    SLICE_X1Y10          FDRE                                         r  mem_inst/rdata_reg[2]/D
  -------------------------------------------------------------------    -------------------

                         (clock read_clk_domain rise edge)
                                                     25.000    25.000 r  
    P14                                               0.000    25.000 r  rclk (IN)
                         net (fo=0)                   0.000    25.000    rclk
    P14                  IBUF (Prop_ibuf_I_O)         0.804    25.804 r  rclk_IBUF_inst/O
                         net (fo=1, routed)           1.868    27.672    rclk_IBUF
    BUFGCTRL_X0Y1        BUFG (Prop_bufg_I_O)         0.091    27.763 r  rclk_IBUF_BUFG_inst/O
                         net (fo=30, routed)          1.517    29.280    mem_inst/CLK
    SLICE_X1Y10          FDRE                                         r  mem_inst/rdata_reg[2]/C
                         clock pessimism              0.336    29.616    
                         clock uncertainty           -0.035    29.581    
    SLICE_X1Y10          FDRE (Setup_fdre_C_D)       -0.285    29.296    mem_inst/rdata_reg[2]
  -------------------------------------------------------------------
                         required time                         29.296    
                         arrival time                          -7.001    
  -------------------------------------------------------------------
                         slack                                 22.295    

Slack (MET) :             22.337ns  (required time - arrival time)
  Source:                 rptr_empty_inst/rbin_reg[1]/C
                            (rising edge-triggered cell FDCE clocked by read_clk_domain  {rise@0.000ns fall@12.500ns period=25.000ns})
  Destination:            rptr_empty_inst/rbin_reg[4]/D
                            (rising edge-triggered cell FDCE clocked by read_clk_domain  {rise@0.000ns fall@12.500ns period=25.000ns})
  Path Group:             read_clk_domain
  Path Type:              Setup (Max at Slow Process Corner)
  Requirement:            25.000ns  (read_clk_domain rise@25.000ns - read_clk_domain rise@0.000ns)
  Data Path Delay:        2.682ns  (logic 0.842ns (31.397%)  route 1.840ns (68.603%))
  Logic Levels:           2  (LUT3=1 LUT5=1)
  Clock Path Skew:        -0.023ns (DCD - SCD + CPR)
    Destination Clock Delay (DCD):    4.281ns = ( 29.281 - 25.000 ) 
    Source Clock Delay      (SCD):    4.640ns
    Clock Pessimism Removal (CPR):    0.336ns
  Clock Uncertainty:      0.035ns  ((TSJ^2 + TIJ^2)^1/2 + DJ) / 2 + PE
    Total System Jitter     (TSJ):    0.071ns
    Total Input Jitter      (TIJ):    0.000ns
    Discrete Jitter          (DJ):    0.000ns
    Phase Error              (PE):    0.000ns

    Location             Delay type                Incr(ns)  Path(ns)    Netlist Resource(s)
  -------------------------------------------------------------------    -------------------
                         (clock read_clk_domain rise edge)
                                                      0.000     0.000 r  
    P14                                               0.000     0.000 r  rclk (IN)
                         net (fo=0)                   0.000     0.000    rclk
    P14                  IBUF (Prop_ibuf_I_O)         0.937     0.937 r  rclk_IBUF_inst/O
                         net (fo=1, routed)           1.972     2.909    rclk_IBUF
    BUFGCTRL_X0Y1        BUFG (Prop_bufg_I_O)         0.096     3.005 r  rclk_IBUF_BUFG_inst/O
                         net (fo=30, routed)          1.635     4.640    rptr_empty_inst/CLK
    SLICE_X3Y11          FDCE                                         r  rptr_empty_inst/rbin_reg[1]/C
  -------------------------------------------------------------------    -------------------
    SLICE_X3Y11          FDCE (Prop_fdce_C_Q)         0.419     5.059 r  rptr_empty_inst/rbin_reg[1]/Q
                         net (fo=15, routed)          1.029     6.088    rptr_empty_inst/raddr[1]
    SLICE_X2Y9           LUT5 (Prop_lut5_I4_O)        0.299     6.387 r  rptr_empty_inst/rptr[3]_i_3/O
                         net (fo=3, routed)           0.811     7.198    rptr_empty_inst/rptr[3]_i_3_n_0
    SLICE_X2Y8           LUT3 (Prop_lut3_I0_O)        0.124     7.322 r  rptr_empty_inst/rbin[4]_i_1/O
                         net (fo=1, routed)           0.000     7.322    rptr_empty_inst/rbin_next[4]
    SLICE_X2Y8           FDCE                                         r  rptr_empty_inst/rbin_reg[4]/D
  -------------------------------------------------------------------    -------------------

                         (clock read_clk_domain rise edge)
                                                     25.000    25.000 r  
    P14                                               0.000    25.000 r  rclk (IN)
                         net (fo=0)                   0.000    25.000    rclk
    P14                  IBUF (Prop_ibuf_I_O)         0.804    25.804 r  rclk_IBUF_inst/O
                         net (fo=1, routed)           1.868    27.672    rclk_IBUF
    BUFGCTRL_X0Y1        BUFG (Prop_bufg_I_O)         0.091    27.763 r  rclk_IBUF_BUFG_inst/O
                         net (fo=30, routed)          1.518    29.281    rptr_empty_inst/CLK
    SLICE_X2Y8           FDCE                                         r  rptr_empty_inst/rbin_reg[4]/C
                         clock pessimism              0.336    29.617    
                         clock uncertainty           -0.035    29.582    
    SLICE_X2Y8           FDCE (Setup_fdce_C_D)        0.077    29.659    rptr_empty_inst/rbin_reg[4]
  -------------------------------------------------------------------
                         required time                         29.659    
                         arrival time                          -7.322    
  -------------------------------------------------------------------
                         slack                                 22.337    

Slack (MET) :             22.356ns  (required time - arrival time)
  Source:                 rptr_empty_inst/rbin_reg[1]/C
                            (rising edge-triggered cell FDCE clocked by read_clk_domain  {rise@0.000ns fall@12.500ns period=25.000ns})
  Destination:            rptr_empty_inst/rptr_reg[3]/D
                            (rising edge-triggered cell FDCE clocked by read_clk_domain  {rise@0.000ns fall@12.500ns period=25.000ns})
  Path Group:             read_clk_domain
  Path Type:              Setup (Max at Slow Process Corner)
  Requirement:            25.000ns  (read_clk_domain rise@25.000ns - read_clk_domain rise@0.000ns)
  Data Path Delay:        2.704ns  (logic 0.864ns (31.955%)  route 1.840ns (68.045%))
  Logic Levels:           2  (LUT3=1 LUT5=1)
  Clock Path Skew:        -0.023ns (DCD - SCD + CPR)
    Destination Clock Delay (DCD):    4.281ns = ( 29.281 - 25.000 ) 
    Source Clock Delay      (SCD):    4.640ns
    Clock Pessimism Removal (CPR):    0.336ns
  Clock Uncertainty:      0.035ns  ((TSJ^2 + TIJ^2)^1/2 + DJ) / 2 + PE
    Total System Jitter     (TSJ):    0.071ns
    Total Input Jitter      (TIJ):    0.000ns
    Discrete Jitter          (DJ):    0.000ns
    Phase Error              (PE):    0.000ns

    Location             Delay type                Incr(ns)  Path(ns)    Netlist Resource(s)
  -------------------------------------------------------------------    -------------------
                         (clock read_clk_domain rise edge)
                                                      0.000     0.000 r  
    P14                                               0.000     0.000 r  rclk (IN)
                         net (fo=0)                   0.000     0.000    rclk
    P14                  IBUF (Prop_ibuf_I_O)         0.937     0.937 r  rclk_IBUF_inst/O
                         net (fo=1, routed)           1.972     2.909    rclk_IBUF
    BUFGCTRL_X0Y1        BUFG (Prop_bufg_I_O)         0.096     3.005 r  rclk_IBUF_BUFG_inst/O
                         net (fo=30, routed)          1.635     4.640    rptr_empty_inst/CLK
    SLICE_X3Y11          FDCE                                         r  rptr_empty_inst/rbin_reg[1]/C
  -------------------------------------------------------------------    -------------------
    SLICE_X3Y11          FDCE (Prop_fdce_C_Q)         0.419     5.059 r  rptr_empty_inst/rbin_reg[1]/Q
                         net (fo=15, routed)          1.029     6.088    rptr_empty_inst/raddr[1]
    SLICE_X2Y9           LUT5 (Prop_lut5_I4_O)        0.299     6.387 r  rptr_empty_inst/rptr[3]_i_3/O
                         net (fo=3, routed)           0.811     7.198    rptr_empty_inst/rptr[3]_i_3_n_0
    SLICE_X2Y8           LUT3 (Prop_lut3_I2_O)        0.146     7.344 r  rptr_empty_inst/rptr[3]_i_1/O
                         net (fo=1, routed)           0.000     7.344    rptr_empty_inst/rgray_next[3]
    SLICE_X2Y8           FDCE                                         r  rptr_empty_inst/rptr_reg[3]/D
  -------------------------------------------------------------------    -------------------

                         (clock read_clk_domain rise edge)
                                                     25.000    25.000 r  
    P14                                               0.000    25.000 r  rclk (IN)
                         net (fo=0)                   0.000    25.000    rclk
    P14                  IBUF (Prop_ibuf_I_O)         0.804    25.804 r  rclk_IBUF_inst/O
                         net (fo=1, routed)           1.868    27.672    rclk_IBUF
    BUFGCTRL_X0Y1        BUFG (Prop_bufg_I_O)         0.091    27.763 r  rclk_IBUF_BUFG_inst/O
                         net (fo=30, routed)          1.518    29.281    rptr_empty_inst/CLK
    SLICE_X2Y8           FDCE                                         r  rptr_empty_inst/rptr_reg[3]/C
                         clock pessimism              0.336    29.617    
                         clock uncertainty           -0.035    29.582    
    SLICE_X2Y8           FDCE (Setup_fdce_C_D)        0.118    29.700    rptr_empty_inst/rptr_reg[3]
  -------------------------------------------------------------------
                         required time                         29.700    
                         arrival time                          -7.344    
  -------------------------------------------------------------------
                         slack                                 22.356    

Slack (MET) :             22.397ns  (required time - arrival time)
  Source:                 rptr_empty_inst/rbin_reg[3]/C
                            (rising edge-triggered cell FDCE clocked by read_clk_domain  {rise@0.000ns fall@12.500ns period=25.000ns})
  Destination:            rptr_empty_inst/rptr_reg[2]/D
                            (rising edge-triggered cell FDCE clocked by read_clk_domain  {rise@0.000ns fall@12.500ns period=25.000ns})
  Path Group:             read_clk_domain
  Path Type:              Setup (Max at Slow Process Corner)
  Requirement:            25.000ns  (read_clk_domain rise@25.000ns - read_clk_domain rise@0.000ns)
  Data Path Delay:        2.523ns  (logic 0.642ns (25.447%)  route 1.881ns (74.553%))
  Logic Levels:           1  (LUT6=1)
  Clock Path Skew:        0.000ns (DCD - SCD + CPR)
    Destination Clock Delay (DCD):    4.280ns = ( 29.280 - 25.000 ) 
    Source Clock Delay      (SCD):    4.641ns
    Clock Pessimism Removal (CPR):    0.361ns
  Clock Uncertainty:      0.035ns  ((TSJ^2 + TIJ^2)^1/2 + DJ) / 2 + PE
    Total System Jitter     (TSJ):    0.071ns
    Total Input Jitter      (TIJ):    0.000ns
    Discrete Jitter          (DJ):    0.000ns
    Phase Error              (PE):    0.000ns

    Location             Delay type                Incr(ns)  Path(ns)    Netlist Resource(s)
  -------------------------------------------------------------------    -------------------
                         (clock read_clk_domain rise edge)
                                                      0.000     0.000 r  
    P14                                               0.000     0.000 r  rclk (IN)
                         net (fo=0)                   0.000     0.000    rclk
    P14                  IBUF (Prop_ibuf_I_O)         0.937     0.937 r  rclk_IBUF_inst/O
                         net (fo=1, routed)           1.972     2.909    rclk_IBUF
    BUFGCTRL_X0Y1        BUFG (Prop_bufg_I_O)         0.096     3.005 r  rclk_IBUF_BUFG_inst/O
                         net (fo=30, routed)          1.636     4.641    rptr_empty_inst/CLK
    SLICE_X2Y9           FDCE                                         r  rptr_empty_inst/rbin_reg[3]/C
  -------------------------------------------------------------------    -------------------
    SLICE_X2Y9           FDCE (Prop_fdce_C_Q)         0.518     5.159 r  rptr_empty_inst/rbin_reg[3]/Q
                         net (fo=13, routed)          1.235     6.394    rptr_empty_inst/raddr[3]
    SLICE_X2Y10          LUT6 (Prop_lut6_I0_O)        0.124     6.518 r  rptr_empty_inst/rptr[2]_i_1/O
                         net (fo=2, routed)           0.646     7.164    rptr_empty_inst/rgray_next[2]
    SLICE_X2Y9           FDCE                                         r  rptr_empty_inst/rptr_reg[2]/D
  -------------------------------------------------------------------    -------------------

                         (clock read_clk_domain rise edge)
                                                     25.000    25.000 r  
    P14                                               0.000    25.000 r  rclk (IN)
                         net (fo=0)                   0.000    25.000    rclk
    P14                  IBUF (Prop_ibuf_I_O)         0.804    25.804 r  rclk_IBUF_inst/O
                         net (fo=1, routed)           1.868    27.672    rclk_IBUF
    BUFGCTRL_X0Y1        BUFG (Prop_bufg_I_O)         0.091    27.763 r  rclk_IBUF_BUFG_inst/O
                         net (fo=30, routed)          1.517    29.280    rptr_empty_inst/CLK
    SLICE_X2Y9           FDCE                                         r  rptr_empty_inst/rptr_reg[2]/C
                         clock pessimism              0.361    29.641    
                         clock uncertainty           -0.035    29.606    
    SLICE_X2Y9           FDCE (Setup_fdce_C_D)       -0.045    29.561    rptr_empty_inst/rptr_reg[2]
  -------------------------------------------------------------------
                         required time                         29.561    
                         arrival time                          -7.164    
  -------------------------------------------------------------------
                         slack                                 22.397    

Slack (MET) :             22.427ns  (required time - arrival time)
  Source:                 rptr_empty_inst/rbin_reg[1]/C
                            (rising edge-triggered cell FDCE clocked by read_clk_domain  {rise@0.000ns fall@12.500ns period=25.000ns})
  Destination:            rptr_empty_inst/rptr_reg[1]/D
                            (rising edge-triggered cell FDCE clocked by read_clk_domain  {rise@0.000ns fall@12.500ns period=25.000ns})
  Path Group:             read_clk_domain
  Path Type:              Setup (Max at Slow Process Corner)
  Requirement:            25.000ns  (read_clk_domain rise@25.000ns - read_clk_domain rise@0.000ns)
  Data Path Delay:        2.261ns  (logic 0.746ns (32.999%)  route 1.515ns (67.000%))
  Logic Levels:           1  (LUT5=1)
  Clock Path Skew:        -0.023ns (DCD - SCD + CPR)
    Destination Clock Delay (DCD):    4.281ns = ( 29.281 - 25.000 ) 
    Source Clock Delay      (SCD):    4.640ns
    Clock Pessimism Removal (CPR):    0.336ns
  Clock Uncertainty:      0.035ns  ((TSJ^2 + TIJ^2)^1/2 + DJ) / 2 + PE
    Total System Jitter     (TSJ):    0.071ns
    Total Input Jitter      (TIJ):    0.000ns
    Discrete Jitter          (DJ):    0.000ns
    Phase Error              (PE):    0.000ns

    Location             Delay type                Incr(ns)  Path(ns)    Netlist Resource(s)
  -------------------------------------------------------------------    -------------------
                         (clock read_clk_domain rise edge)
                                                      0.000     0.000 r  
    P14                                               0.000     0.000 r  rclk (IN)
                         net (fo=0)                   0.000     0.000    rclk
    P14                  IBUF (Prop_ibuf_I_O)         0.937     0.937 r  rclk_IBUF_inst/O
                         net (fo=1, routed)           1.972     2.909    rclk_IBUF
    BUFGCTRL_X0Y1        BUFG (Prop_bufg_I_O)         0.096     3.005 r  rclk_IBUF_BUFG_inst/O
                         net (fo=30, routed)          1.635     4.640    rptr_empty_inst/CLK
    SLICE_X3Y11          FDCE                                         r  rptr_empty_inst/rbin_reg[1]/C
  -------------------------------------------------------------------    -------------------
    SLICE_X3Y11          FDCE (Prop_fdce_C_Q)         0.419     5.059 r  rptr_empty_inst/rbin_reg[1]/Q
                         net (fo=15, routed)          1.029     6.088    rptr_empty_inst/raddr[1]
    SLICE_X2Y9           LUT5 (Prop_lut5_I1_O)        0.327     6.415 r  rptr_empty_inst/rptr[1]_i_1/O
                         net (fo=2, routed)           0.486     6.901    rptr_empty_inst/rgray_next[1]
    SLICE_X2Y8           FDCE                                         r  rptr_empty_inst/rptr_reg[1]/D
  -------------------------------------------------------------------    -------------------

                         (clock read_clk_domain rise edge)
                                                     25.000    25.000 r  
    P14                                               0.000    25.000 r  rclk (IN)
                         net (fo=0)                   0.000    25.000    rclk
    P14                  IBUF (Prop_ibuf_I_O)         0.804    25.804 r  rclk_IBUF_inst/O
                         net (fo=1, routed)           1.868    27.672    rclk_IBUF
    BUFGCTRL_X0Y1        BUFG (Prop_bufg_I_O)         0.091    27.763 r  rclk_IBUF_BUFG_inst/O
                         net (fo=30, routed)          1.518    29.281    rptr_empty_inst/CLK
    SLICE_X2Y8           FDCE                                         r  rptr_empty_inst/rptr_reg[1]/C
                         clock pessimism              0.336    29.617    
                         clock uncertainty           -0.035    29.582    
    SLICE_X2Y8           FDCE (Setup_fdce_C_D)       -0.254    29.328    rptr_empty_inst/rptr_reg[1]
  -------------------------------------------------------------------
                         required time                         29.328    
                         arrival time                          -6.901    
  -------------------------------------------------------------------
                         slack                                 22.427    

Slack (MET) :             22.474ns  (required time - arrival time)
  Source:                 rptr_empty_inst/rbin_reg[1]/C
                            (rising edge-triggered cell FDCE clocked by read_clk_domain  {rise@0.000ns fall@12.500ns period=25.000ns})
  Destination:            mem_inst/rdata_reg[1]/D
                            (rising edge-triggered cell FDRE clocked by read_clk_domain  {rise@0.000ns fall@12.500ns period=25.000ns})
  Path Group:             read_clk_domain
  Path Type:              Setup (Max at Slow Process Corner)
  Requirement:            25.000ns  (read_clk_domain rise@25.000ns - read_clk_domain rise@0.000ns)
  Data Path Delay:        2.385ns  (logic 0.718ns (30.100%)  route 1.667ns (69.900%))
  Logic Levels:           1  (RAMD32=1)
  Clock Path Skew:        -0.024ns (DCD - SCD + CPR)
    Destination Clock Delay (DCD):    4.280ns = ( 29.280 - 25.000 ) 
    Source Clock Delay      (SCD):    4.640ns
    Clock Pessimism Removal (CPR):    0.336ns
  Clock Uncertainty:      0.035ns  ((TSJ^2 + TIJ^2)^1/2 + DJ) / 2 + PE
    Total System Jitter     (TSJ):    0.071ns
    Total Input Jitter      (TIJ):    0.000ns
    Discrete Jitter          (DJ):    0.000ns
    Phase Error              (PE):    0.000ns

    Location             Delay type                Incr(ns)  Path(ns)    Netlist Resource(s)
  -------------------------------------------------------------------    -------------------
                         (clock read_clk_domain rise edge)
                                                      0.000     0.000 r  
    P14                                               0.000     0.000 r  rclk (IN)
                         net (fo=0)                   0.000     0.000    rclk
    P14                  IBUF (Prop_ibuf_I_O)         0.937     0.937 r  rclk_IBUF_inst/O
                         net (fo=1, routed)           1.972     2.909    rclk_IBUF
    BUFGCTRL_X0Y1        BUFG (Prop_bufg_I_O)         0.096     3.005 r  rclk_IBUF_BUFG_inst/O
                         net (fo=30, routed)          1.635     4.640    rptr_empty_inst/CLK
    SLICE_X3Y11          FDCE                                         r  rptr_empty_inst/rbin_reg[1]/C
  -------------------------------------------------------------------    -------------------
    SLICE_X3Y11          FDCE (Prop_fdce_C_Q)         0.419     5.059 r  rptr_empty_inst/rbin_reg[1]/Q
                         net (fo=15, routed)          1.154     6.213    mem_inst/mem_reg_0_15_0_5/ADDRA1
    SLICE_X2Y11          RAMD32 (Prop_ramd32_RADR1_O)
                                                      0.299     6.512 r  mem_inst/mem_reg_0_15_0_5/RAMA_D1/O
                         net (fo=1, routed)           0.514     7.026    mem_inst/rdata0[1]
    SLICE_X1Y10          FDRE                                         r  mem_inst/rdata_reg[1]/D
  -------------------------------------------------------------------    -------------------

                         (clock read_clk_domain rise edge)
                                                     25.000    25.000 r  
    P14                                               0.000    25.000 r  rclk (IN)
                         net (fo=0)                   0.000    25.000    rclk
    P14                  IBUF (Prop_ibuf_I_O)         0.804    25.804 r  rclk_IBUF_inst/O
                         net (fo=1, routed)           1.868    27.672    rclk_IBUF
    BUFGCTRL_X0Y1        BUFG (Prop_bufg_I_O)         0.091    27.763 r  rclk_IBUF_BUFG_inst/O
                         net (fo=30, routed)          1.517    29.280    mem_inst/CLK
    SLICE_X1Y10          FDRE                                         r  mem_inst/rdata_reg[1]/C
                         clock pessimism              0.336    29.616    
                         clock uncertainty           -0.035    29.581    
    SLICE_X1Y10          FDRE (Setup_fdre_C_D)       -0.081    29.500    mem_inst/rdata_reg[1]
  -------------------------------------------------------------------
                         required time                         29.500    
                         arrival time                          -7.026    
  -------------------------------------------------------------------
                         slack                                 22.474    

Slack (MET) :             22.510ns  (required time - arrival time)
  Source:                 rptr_empty_inst/rbin_reg[3]/C
                            (rising edge-triggered cell FDCE clocked by read_clk_domain  {rise@0.000ns fall@12.500ns period=25.000ns})
  Destination:            mem_inst/rdata_reg[7]/D
                            (rising edge-triggered cell FDRE clocked by read_clk_domain  {rise@0.000ns fall@12.500ns period=25.000ns})
  Path Group:             read_clk_domain
  Path Type:              Setup (Max at Slow Process Corner)
  Requirement:            25.000ns  (read_clk_domain rise@25.000ns - read_clk_domain rise@0.000ns)
  Data Path Delay:        2.165ns  (logic 0.671ns (30.992%)  route 1.494ns (69.008%))
  Logic Levels:           1  (RAMD32=1)
  Clock Path Skew:        -0.025ns (DCD - SCD + CPR)
    Destination Clock Delay (DCD):    4.280ns = ( 29.280 - 25.000 ) 
    Source Clock Delay      (SCD):    4.641ns
    Clock Pessimism Removal (CPR):    0.336ns
  Clock Uncertainty:      0.035ns  ((TSJ^2 + TIJ^2)^1/2 + DJ) / 2 + PE
    Total System Jitter     (TSJ):    0.071ns
    Total Input Jitter      (TIJ):    0.000ns
    Discrete Jitter          (DJ):    0.000ns
    Phase Error              (PE):    0.000ns

    Location             Delay type                Incr(ns)  Path(ns)    Netlist Resource(s)
  -------------------------------------------------------------------    -------------------
                         (clock read_clk_domain rise edge)
                                                      0.000     0.000 r  
    P14                                               0.000     0.000 r  rclk (IN)
                         net (fo=0)                   0.000     0.000    rclk
    P14                  IBUF (Prop_ibuf_I_O)         0.937     0.937 r  rclk_IBUF_inst/O
                         net (fo=1, routed)           1.972     2.909    rclk_IBUF
    BUFGCTRL_X0Y1        BUFG (Prop_bufg_I_O)         0.096     3.005 r  rclk_IBUF_BUFG_inst/O
                         net (fo=30, routed)          1.636     4.641    rptr_empty_inst/CLK
    SLICE_X2Y9           FDCE                                         r  rptr_empty_inst/rbin_reg[3]/C
  -------------------------------------------------------------------    -------------------
    SLICE_X2Y9           FDCE (Prop_fdce_C_Q)         0.518     5.159 r  rptr_empty_inst/rbin_reg[3]/Q
                         net (fo=13, routed)          1.023     6.182    mem_inst/mem_reg_0_15_6_7__0/DPRA3
    SLICE_X2Y10          RAMD32 (Prop_ramd32_RADR3_O)
                                                      0.153     6.335 r  mem_inst/mem_reg_0_15_6_7__0/DP/O
                         net (fo=1, routed)           0.471     6.806    mem_inst/rdata0[7]
    SLICE_X0Y10          FDRE                                         r  mem_inst/rdata_reg[7]/D
  -------------------------------------------------------------------    -------------------

                         (clock read_clk_domain rise edge)
                                                     25.000    25.000 r  
    P14                                               0.000    25.000 r  rclk (IN)
                         net (fo=0)                   0.000    25.000    rclk
    P14                  IBUF (Prop_ibuf_I_O)         0.804    25.804 r  rclk_IBUF_inst/O
                         net (fo=1, routed)           1.868    27.672    rclk_IBUF
    BUFGCTRL_X0Y1        BUFG (Prop_bufg_I_O)         0.091    27.763 r  rclk_IBUF_BUFG_inst/O
                         net (fo=30, routed)          1.517    29.280    mem_inst/CLK
    SLICE_X0Y10          FDRE                                         r  mem_inst/rdata_reg[7]/C
                         clock pessimism              0.336    29.616    
                         clock uncertainty           -0.035    29.581    
    SLICE_X0Y10          FDRE (Setup_fdre_C_D)       -0.265    29.316    mem_inst/rdata_reg[7]
  -------------------------------------------------------------------
                         required time                         29.316    
                         arrival time                          -6.806    
  -------------------------------------------------------------------
                         slack                                 22.510    





Min Delay Paths
--------------------------------------------------------------------------------------
Slack (MET) :             0.119ns  (arrival time - required time)
  Source:                 rrst_sync_inst/rst_ff1_reg/C
                            (rising edge-triggered cell FDCE clocked by read_clk_domain  {rise@0.000ns fall@12.500ns period=25.000ns})
  Destination:            rrst_sync_inst/sync_rst_n_reg/D
                            (rising edge-triggered cell FDCE clocked by read_clk_domain  {rise@0.000ns fall@12.500ns period=25.000ns})
  Path Group:             read_clk_domain
  Path Type:              Hold (Min at Fast Process Corner)
  Requirement:            0.000ns  (read_clk_domain rise@0.000ns - read_clk_domain rise@0.000ns)
  Data Path Delay:        0.197ns  (logic 0.141ns (71.611%)  route 0.056ns (28.389%))
  Logic Levels:           0  
  Clock Path Skew:        0.000ns (DCD - SCD - CPR)
    Destination Clock Delay (DCD):    1.937ns
    Source Clock Delay      (SCD):    1.420ns
    Clock Pessimism Removal (CPR):    0.517ns

    Location             Delay type                Incr(ns)  Path(ns)    Netlist Resource(s)
  -------------------------------------------------------------------    -------------------
                         (clock read_clk_domain rise edge)
                                                      0.000     0.000 r  
    P14                                               0.000     0.000 r  rclk (IN)
                         net (fo=0)                   0.000     0.000    rclk
    P14                  IBUF (Prop_ibuf_I_O)         0.166     0.166 r  rclk_IBUF_inst/O
                         net (fo=1, routed)           0.634     0.801    rclk_IBUF
    BUFGCTRL_X0Y1        BUFG (Prop_bufg_I_O)         0.026     0.827 r  rclk_IBUF_BUFG_inst/O
                         net (fo=30, routed)          0.594     1.420    rrst_sync_inst/CLK
    SLICE_X3Y8           FDCE                                         r  rrst_sync_inst/rst_ff1_reg/C
  -------------------------------------------------------------------    -------------------
    SLICE_X3Y8           FDCE (Prop_fdce_C_Q)         0.141     1.561 r  rrst_sync_inst/rst_ff1_reg/Q
                         net (fo=1, routed)           0.056     1.617    rrst_sync_inst/rst_ff1
    SLICE_X3Y8           FDCE                                         r  rrst_sync_inst/sync_rst_n_reg/D
  -------------------------------------------------------------------    -------------------

                         (clock read_clk_domain rise edge)
                                                      0.000     0.000 r  
    P14                                               0.000     0.000 r  rclk (IN)
                         net (fo=0)                   0.000     0.000    rclk
    P14                  IBUF (Prop_ibuf_I_O)         0.355     0.355 r  rclk_IBUF_inst/O
                         net (fo=1, routed)           0.689     1.044    rclk_IBUF
    BUFGCTRL_X0Y1        BUFG (Prop_bufg_I_O)         0.029     1.073 r  rclk_IBUF_BUFG_inst/O
                         net (fo=30, routed)          0.865     1.937    rrst_sync_inst/CLK
    SLICE_X3Y8           FDCE                                         r  rrst_sync_inst/sync_rst_n_reg/C
                         clock pessimism             -0.517     1.420    
    SLICE_X3Y8           FDCE (Hold_fdce_C_D)         0.078     1.498    rrst_sync_inst/sync_rst_n_reg
  -------------------------------------------------------------------
                         required time                         -1.498    
                         arrival time                           1.617    
  -------------------------------------------------------------------
                         slack                                  0.119    

Slack (MET) :             0.121ns  (arrival time - required time)
  Source:                 sync_w2r_inst/rq1_wptr_reg[4]/C
                            (rising edge-triggered cell FDCE clocked by read_clk_domain  {rise@0.000ns fall@12.500ns period=25.000ns})
  Destination:            sync_w2r_inst/rq2_wptr_int_reg[4]/D
                            (rising edge-triggered cell FDCE clocked by read_clk_domain  {rise@0.000ns fall@12.500ns period=25.000ns})
  Path Group:             read_clk_domain
  Path Type:              Hold (Min at Fast Process Corner)
  Requirement:            0.000ns  (read_clk_domain rise@0.000ns - read_clk_domain rise@0.000ns)
  Data Path Delay:        0.197ns  (logic 0.141ns (71.611%)  route 0.056ns (28.389%))
  Logic Levels:           0  
  Clock Path Skew:        0.000ns (DCD - SCD - CPR)
    Destination Clock Delay (DCD):    1.937ns
    Source Clock Delay      (SCD):    1.420ns
    Clock Pessimism Removal (CPR):    0.517ns

    Location             Delay type                Incr(ns)  Path(ns)    Netlist Resource(s)
  -------------------------------------------------------------------    -------------------
                         (clock read_clk_domain rise edge)
                                                      0.000     0.000 r  
    P14                                               0.000     0.000 r  rclk (IN)
                         net (fo=0)                   0.000     0.000    rclk
    P14                  IBUF (Prop_ibuf_I_O)         0.166     0.166 r  rclk_IBUF_inst/O
                         net (fo=1, routed)           0.634     0.801    rclk_IBUF
    BUFGCTRL_X0Y1        BUFG (Prop_bufg_I_O)         0.026     0.827 r  rclk_IBUF_BUFG_inst/O
                         net (fo=30, routed)          0.594     1.420    sync_w2r_inst/CLK
    SLICE_X3Y8           FDCE                                         r  sync_w2r_inst/rq1_wptr_reg[4]/C
  -------------------------------------------------------------------    -------------------
    SLICE_X3Y8           FDCE (Prop_fdce_C_Q)         0.141     1.561 r  sync_w2r_inst/rq1_wptr_reg[4]/Q
                         net (fo=1, routed)           0.056     1.617    sync_w2r_inst/rq1_wptr[4]
    SLICE_X3Y8           FDCE                                         r  sync_w2r_inst/rq2_wptr_int_reg[4]/D
  -------------------------------------------------------------------    -------------------

                         (clock read_clk_domain rise edge)
                                                      0.000     0.000 r  
    P14                                               0.000     0.000 r  rclk (IN)
                         net (fo=0)                   0.000     0.000    rclk
    P14                  IBUF (Prop_ibuf_I_O)         0.355     0.355 r  rclk_IBUF_inst/O
                         net (fo=1, routed)           0.689     1.044    rclk_IBUF
    BUFGCTRL_X0Y1        BUFG (Prop_bufg_I_O)         0.029     1.073 r  rclk_IBUF_BUFG_inst/O
                         net (fo=30, routed)          0.865     1.937    sync_w2r_inst/CLK
    SLICE_X3Y8           FDCE                                         r  sync_w2r_inst/rq2_wptr_int_reg[4]/C
                         clock pessimism             -0.517     1.420    
    SLICE_X3Y8           FDCE (Hold_fdce_C_D)         0.076     1.496    sync_w2r_inst/rq2_wptr_int_reg[4]
  -------------------------------------------------------------------
                         required time                         -1.496    
                         arrival time                           1.617    
  -------------------------------------------------------------------
                         slack                                  0.121    

Slack (MET) :             0.122ns  (arrival time - required time)
  Source:                 sync_w2r_inst/rq1_wptr_reg[0]/C
                            (rising edge-triggered cell FDCE clocked by read_clk_domain  {rise@0.000ns fall@12.500ns period=25.000ns})
  Destination:            sync_w2r_inst/rq2_wptr_int_reg[0]/D
                            (rising edge-triggered cell FDCE clocked by read_clk_domain  {rise@0.000ns fall@12.500ns period=25.000ns})
  Path Group:             read_clk_domain
  Path Type:              Hold (Min at Fast Process Corner)
  Requirement:            0.000ns  (read_clk_domain rise@0.000ns - read_clk_domain rise@0.000ns)
  Data Path Delay:        0.197ns  (logic 0.141ns (71.611%)  route 0.056ns (28.389%))
  Logic Levels:           0  
  Clock Path Skew:        0.000ns (DCD - SCD - CPR)
    Destination Clock Delay (DCD):    1.936ns
    Source Clock Delay      (SCD):    1.419ns
    Clock Pessimism Removal (CPR):    0.517ns

    Location             Delay type                Incr(ns)  Path(ns)    Netlist Resource(s)
  -------------------------------------------------------------------    -------------------
                         (clock read_clk_domain rise edge)
                                                      0.000     0.000 r  
    P14                                               0.000     0.000 r  rclk (IN)
                         net (fo=0)                   0.000     0.000    rclk
    P14                  IBUF (Prop_ibuf_I_O)         0.166     0.166 r  rclk_IBUF_inst/O
                         net (fo=1, routed)           0.634     0.801    rclk_IBUF
    BUFGCTRL_X0Y1        BUFG (Prop_bufg_I_O)         0.026     0.827 r  rclk_IBUF_BUFG_inst/O
                         net (fo=30, routed)          0.593     1.419    sync_w2r_inst/CLK
    SLICE_X3Y10          FDCE                                         r  sync_w2r_inst/rq1_wptr_reg[0]/C
  -------------------------------------------------------------------    -------------------
    SLICE_X3Y10          FDCE (Prop_fdce_C_Q)         0.141     1.560 r  sync_w2r_inst/rq1_wptr_reg[0]/Q
                         net (fo=1, routed)           0.056     1.616    sync_w2r_inst/rq1_wptr[0]
    SLICE_X3Y10          FDCE                                         r  sync_w2r_inst/rq2_wptr_int_reg[0]/D
  -------------------------------------------------------------------    -------------------

                         (clock read_clk_domain rise edge)
                                                      0.000     0.000 r  
    P14                                               0.000     0.000 r  rclk (IN)
                         net (fo=0)                   0.000     0.000    rclk
    P14                  IBUF (Prop_ibuf_I_O)         0.355     0.355 r  rclk_IBUF_inst/O
                         net (fo=1, routed)           0.689     1.044    rclk_IBUF
    BUFGCTRL_X0Y1        BUFG (Prop_bufg_I_O)         0.029     1.073 r  rclk_IBUF_BUFG_inst/O
                         net (fo=30, routed)          0.864     1.936    sync_w2r_inst/CLK
    SLICE_X3Y10          FDCE                                         r  sync_w2r_inst/rq2_wptr_int_reg[0]/C
                         clock pessimism             -0.517     1.419    
    SLICE_X3Y10          FDCE (Hold_fdce_C_D)         0.075     1.494    sync_w2r_inst/rq2_wptr_int_reg[0]
  -------------------------------------------------------------------
                         required time                         -1.494    
                         arrival time                           1.616    
  -------------------------------------------------------------------
                         slack                                  0.122    

Slack (MET) :             0.122ns  (arrival time - required time)
  Source:                 sync_w2r_inst/rq1_wptr_reg[2]/C
                            (rising edge-triggered cell FDCE clocked by read_clk_domain  {rise@0.000ns fall@12.500ns period=25.000ns})
  Destination:            sync_w2r_inst/rq2_wptr_int_reg[2]/D
                            (rising edge-triggered cell FDCE clocked by read_clk_domain  {rise@0.000ns fall@12.500ns period=25.000ns})
  Path Group:             read_clk_domain
  Path Type:              Hold (Min at Fast Process Corner)
  Requirement:            0.000ns  (read_clk_domain rise@0.000ns - read_clk_domain rise@0.000ns)
  Data Path Delay:        0.197ns  (logic 0.141ns (71.611%)  route 0.056ns (28.389%))
  Logic Levels:           0  
  Clock Path Skew:        0.000ns (DCD - SCD - CPR)
    Destination Clock Delay (DCD):    1.937ns
    Source Clock Delay      (SCD):    1.420ns
    Clock Pessimism Removal (CPR):    0.517ns

    Location             Delay type                Incr(ns)  Path(ns)    Netlist Resource(s)
  -------------------------------------------------------------------    -------------------
                         (clock read_clk_domain rise edge)
                                                      0.000     0.000 r  
    P14                                               0.000     0.000 r  rclk (IN)
                         net (fo=0)                   0.000     0.000    rclk
    P14                  IBUF (Prop_ibuf_I_O)         0.166     0.166 r  rclk_IBUF_inst/O
                         net (fo=1, routed)           0.634     0.801    rclk_IBUF
    BUFGCTRL_X0Y1        BUFG (Prop_bufg_I_O)         0.026     0.827 r  rclk_IBUF_BUFG_inst/O
                         net (fo=30, routed)          0.594     1.420    sync_w2r_inst/CLK
    SLICE_X3Y8           FDCE                                         r  sync_w2r_inst/rq1_wptr_reg[2]/C
  -------------------------------------------------------------------    -------------------
    SLICE_X3Y8           FDCE (Prop_fdce_C_Q)         0.141     1.561 r  sync_w2r_inst/rq1_wptr_reg[2]/Q
                         net (fo=1, routed)           0.056     1.617    sync_w2r_inst/rq1_wptr[2]
    SLICE_X3Y8           FDCE                                         r  sync_w2r_inst/rq2_wptr_int_reg[2]/D
  -------------------------------------------------------------------    -------------------

                         (clock read_clk_domain rise edge)
                                                      0.000     0.000 r  
    P14                                               0.000     0.000 r  rclk (IN)
                         net (fo=0)                   0.000     0.000    rclk
    P14                  IBUF (Prop_ibuf_I_O)         0.355     0.355 r  rclk_IBUF_inst/O
                         net (fo=1, routed)           0.689     1.044    rclk_IBUF
    BUFGCTRL_X0Y1        BUFG (Prop_bufg_I_O)         0.029     1.073 r  rclk_IBUF_BUFG_inst/O
                         net (fo=30, routed)          0.865     1.937    sync_w2r_inst/CLK
    SLICE_X3Y8           FDCE                                         r  sync_w2r_inst/rq2_wptr_int_reg[2]/C
                         clock pessimism             -0.517     1.420    
    SLICE_X3Y8           FDCE (Hold_fdce_C_D)         0.075     1.495    sync_w2r_inst/rq2_wptr_int_reg[2]
  -------------------------------------------------------------------
                         required time                         -1.495    
                         arrival time                           1.617    
  -------------------------------------------------------------------
                         slack                                  0.122    

Slack (MET) :             0.126ns  (arrival time - required time)
  Source:                 sync_w2r_inst/rq1_wptr_reg[3]/C
                            (rising edge-triggered cell FDCE clocked by read_clk_domain  {rise@0.000ns fall@12.500ns period=25.000ns})
  Destination:            sync_w2r_inst/rq2_wptr_int_reg[3]/D
                            (rising edge-triggered cell FDCE clocked by read_clk_domain  {rise@0.000ns fall@12.500ns period=25.000ns})
  Path Group:             read_clk_domain
  Path Type:              Hold (Min at Fast Process Corner)
  Requirement:            0.000ns  (read_clk_domain rise@0.000ns - read_clk_domain rise@0.000ns)
  Data Path Delay:        0.197ns  (logic 0.141ns (71.611%)  route 0.056ns (28.389%))
  Logic Levels:           0  
  Clock Path Skew:        0.000ns (DCD - SCD - CPR)
    Destination Clock Delay (DCD):    1.937ns
    Source Clock Delay      (SCD):    1.420ns
    Clock Pessimism Removal (CPR):    0.517ns

    Location             Delay type                Incr(ns)  Path(ns)    Netlist Resource(s)
  -------------------------------------------------------------------    -------------------
                         (clock read_clk_domain rise edge)
                                                      0.000     0.000 r  
    P14                                               0.000     0.000 r  rclk (IN)
                         net (fo=0)                   0.000     0.000    rclk
    P14                  IBUF (Prop_ibuf_I_O)         0.166     0.166 r  rclk_IBUF_inst/O
                         net (fo=1, routed)           0.634     0.801    rclk_IBUF
    BUFGCTRL_X0Y1        BUFG (Prop_bufg_I_O)         0.026     0.827 r  rclk_IBUF_BUFG_inst/O
                         net (fo=30, routed)          0.594     1.420    sync_w2r_inst/CLK
    SLICE_X3Y8           FDCE                                         r  sync_w2r_inst/rq1_wptr_reg[3]/C
  -------------------------------------------------------------------    -------------------
    SLICE_X3Y8           FDCE (Prop_fdce_C_Q)         0.141     1.561 r  sync_w2r_inst/rq1_wptr_reg[3]/Q
                         net (fo=1, routed)           0.056     1.617    sync_w2r_inst/rq1_wptr[3]
    SLICE_X3Y8           FDCE                                         r  sync_w2r_inst/rq2_wptr_int_reg[3]/D
  -------------------------------------------------------------------    -------------------

                         (clock read_clk_domain rise edge)
                                                      0.000     0.000 r  
    P14                                               0.000     0.000 r  rclk (IN)
                         net (fo=0)                   0.000     0.000    rclk
    P14                  IBUF (Prop_ibuf_I_O)         0.355     0.355 r  rclk_IBUF_inst/O
                         net (fo=1, routed)           0.689     1.044    rclk_IBUF
    BUFGCTRL_X0Y1        BUFG (Prop_bufg_I_O)         0.029     1.073 r  rclk_IBUF_BUFG_inst/O
                         net (fo=30, routed)          0.865     1.937    sync_w2r_inst/CLK
    SLICE_X3Y8           FDCE                                         r  sync_w2r_inst/rq2_wptr_int_reg[3]/C
                         clock pessimism             -0.517     1.420    
    SLICE_X3Y8           FDCE (Hold_fdce_C_D)         0.071     1.491    sync_w2r_inst/rq2_wptr_int_reg[3]
  -------------------------------------------------------------------
                         required time                         -1.491    
                         arrival time                           1.617    
  -------------------------------------------------------------------
                         slack                                  0.126    

Slack (MET) :             0.131ns  (arrival time - required time)
  Source:                 sync_w2r_inst/rq1_wptr_reg[1]/C
                            (rising edge-triggered cell FDCE clocked by read_clk_domain  {rise@0.000ns fall@12.500ns period=25.000ns})
  Destination:            sync_w2r_inst/rq2_wptr_int_reg[1]/D
                            (rising edge-triggered cell FDCE clocked by read_clk_domain  {rise@0.000ns fall@12.500ns period=25.000ns})
  Path Group:             read_clk_domain
  Path Type:              Hold (Min at Fast Process Corner)
  Requirement:            0.000ns  (read_clk_domain rise@0.000ns - read_clk_domain rise@0.000ns)
  Data Path Delay:        0.206ns  (logic 0.141ns (68.336%)  route 0.065ns (31.664%))
  Logic Levels:           0  
  Clock Path Skew:        0.000ns (DCD - SCD - CPR)
    Destination Clock Delay (DCD):    1.935ns
    Source Clock Delay      (SCD):    1.418ns
    Clock Pessimism Removal (CPR):    0.517ns

    Location             Delay type                Incr(ns)  Path(ns)    Netlist Resource(s)
  -------------------------------------------------------------------    -------------------
                         (clock read_clk_domain rise edge)
                                                      0.000     0.000 r  
    P14                                               0.000     0.000 r  rclk (IN)
                         net (fo=0)                   0.000     0.000    rclk
    P14                  IBUF (Prop_ibuf_I_O)         0.166     0.166 r  rclk_IBUF_inst/O
                         net (fo=1, routed)           0.634     0.801    rclk_IBUF
    BUFGCTRL_X0Y1        BUFG (Prop_bufg_I_O)         0.026     0.827 r  rclk_IBUF_BUFG_inst/O
                         net (fo=30, routed)          0.592     1.418    sync_w2r_inst/CLK
    SLICE_X4Y8           FDCE                                         r  sync_w2r_inst/rq1_wptr_reg[1]/C
  -------------------------------------------------------------------    -------------------
    SLICE_X4Y8           FDCE (Prop_fdce_C_Q)         0.141     1.559 r  sync_w2r_inst/rq1_wptr_reg[1]/Q
                         net (fo=1, routed)           0.065     1.625    sync_w2r_inst/rq1_wptr[1]
    SLICE_X4Y8           FDCE                                         r  sync_w2r_inst/rq2_wptr_int_reg[1]/D
  -------------------------------------------------------------------    -------------------

                         (clock read_clk_domain rise edge)
                                                      0.000     0.000 r  
    P14                                               0.000     0.000 r  rclk (IN)
                         net (fo=0)                   0.000     0.000    rclk
    P14                  IBUF (Prop_ibuf_I_O)         0.355     0.355 r  rclk_IBUF_inst/O
                         net (fo=1, routed)           0.689     1.044    rclk_IBUF
    BUFGCTRL_X0Y1        BUFG (Prop_bufg_I_O)         0.029     1.073 r  rclk_IBUF_BUFG_inst/O
                         net (fo=30, routed)          0.863     1.935    sync_w2r_inst/CLK
    SLICE_X4Y8           FDCE                                         r  sync_w2r_inst/rq2_wptr_int_reg[1]/C
                         clock pessimism             -0.517     1.418    
    SLICE_X4Y8           FDCE (Hold_fdce_C_D)         0.075     1.493    sync_w2r_inst/rq2_wptr_int_reg[1]
  -------------------------------------------------------------------
                         required time                         -1.493    
                         arrival time                           1.625    
  -------------------------------------------------------------------
                         slack                                  0.131    

Slack (MET) :             0.239ns  (arrival time - required time)
  Source:                 rptr_empty_inst/rbin_reg[3]/C
                            (rising edge-triggered cell FDCE clocked by read_clk_domain  {rise@0.000ns fall@12.500ns period=25.000ns})
  Destination:            rptr_empty_inst/rptr_reg[3]/D
                            (rising edge-triggered cell FDCE clocked by read_clk_domain  {rise@0.000ns fall@12.500ns period=25.000ns})
  Path Group:             read_clk_domain
  Path Type:              Hold (Min at Fast Process Corner)
  Requirement:            0.000ns  (read_clk_domain rise@0.000ns - read_clk_domain rise@0.000ns)
  Data Path Delay:        0.386ns  (logic 0.212ns (54.992%)  route 0.174ns (45.008%))
  Logic Levels:           1  (LUT3=1)
  Clock Path Skew:        0.016ns (DCD - SCD - CPR)
    Destination Clock Delay (DCD):    1.937ns
    Source Clock Delay      (SCD):    1.420ns
    Clock Pessimism Removal (CPR):    0.501ns

    Location             Delay type                Incr(ns)  Path(ns)    Netlist Resource(s)
  -------------------------------------------------------------------    -------------------
                         (clock read_clk_domain rise edge)
                                                      0.000     0.000 r  
    P14                                               0.000     0.000 r  rclk (IN)
                         net (fo=0)                   0.000     0.000    rclk
    P14                  IBUF (Prop_ibuf_I_O)         0.166     0.166 r  rclk_IBUF_inst/O
                         net (fo=1, routed)           0.634     0.801    rclk_IBUF
    BUFGCTRL_X0Y1        BUFG (Prop_bufg_I_O)         0.026     0.827 r  rclk_IBUF_BUFG_inst/O
                         net (fo=30, routed)          0.594     1.420    rptr_empty_inst/CLK
    SLICE_X2Y9           FDCE                                         r  rptr_empty_inst/rbin_reg[3]/C
  -------------------------------------------------------------------    -------------------
    SLICE_X2Y9           FDCE (Prop_fdce_C_Q)         0.164     1.584 r  rptr_empty_inst/rbin_reg[3]/Q
                         net (fo=13, routed)          0.174     1.758    rptr_empty_inst/raddr[3]
    SLICE_X2Y8           LUT3 (Prop_lut3_I1_O)        0.048     1.806 r  rptr_empty_inst/rptr[3]_i_1/O
                         net (fo=1, routed)           0.000     1.806    rptr_empty_inst/rgray_next[3]
    SLICE_X2Y8           FDCE                                         r  rptr_empty_inst/rptr_reg[3]/D
  -------------------------------------------------------------------    -------------------

                         (clock read_clk_domain rise edge)
                                                      0.000     0.000 r  
    P14                                               0.000     0.000 r  rclk (IN)
                         net (fo=0)                   0.000     0.000    rclk
    P14                  IBUF (Prop_ibuf_I_O)         0.355     0.355 r  rclk_IBUF_inst/O
                         net (fo=1, routed)           0.689     1.044    rclk_IBUF
    BUFGCTRL_X0Y1        BUFG (Prop_bufg_I_O)         0.029     1.073 r  rclk_IBUF_BUFG_inst/O
                         net (fo=30, routed)          0.865     1.937    rptr_empty_inst/CLK
    SLICE_X2Y8           FDCE                                         r  rptr_empty_inst/rptr_reg[3]/C
                         clock pessimism             -0.501     1.436    
    SLICE_X2Y8           FDCE (Hold_fdce_C_D)         0.131     1.567    rptr_empty_inst/rptr_reg[3]
  -------------------------------------------------------------------
                         required time                         -1.567    
                         arrival time                           1.806    
  -------------------------------------------------------------------
                         slack                                  0.239    

Slack (MET) :             0.247ns  (arrival time - required time)
  Source:                 rptr_empty_inst/rbin_reg[3]/C
                            (rising edge-triggered cell FDCE clocked by read_clk_domain  {rise@0.000ns fall@12.500ns period=25.000ns})
  Destination:            rptr_empty_inst/rbin_reg[4]/D
                            (rising edge-triggered cell FDCE clocked by read_clk_domain  {rise@0.000ns fall@12.500ns period=25.000ns})
  Path Group:             read_clk_domain
  Path Type:              Hold (Min at Fast Process Corner)
  Requirement:            0.000ns  (read_clk_domain rise@0.000ns - read_clk_domain rise@0.000ns)
  Data Path Delay:        0.383ns  (logic 0.209ns (54.639%)  route 0.174ns (45.361%))
  Logic Levels:           1  (LUT3=1)
  Clock Path Skew:        0.016ns (DCD - SCD - CPR)
    Destination Clock Delay (DCD):    1.937ns
    Source Clock Delay      (SCD):    1.420ns
    Clock Pessimism Removal (CPR):    0.501ns

    Location             Delay type                Incr(ns)  Path(ns)    Netlist Resource(s)
  -------------------------------------------------------------------    -------------------
                         (clock read_clk_domain rise edge)
                                                      0.000     0.000 r  
    P14                                               0.000     0.000 r  rclk (IN)
                         net (fo=0)                   0.000     0.000    rclk
    P14                  IBUF (Prop_ibuf_I_O)         0.166     0.166 r  rclk_IBUF_inst/O
                         net (fo=1, routed)           0.634     0.801    rclk_IBUF
    BUFGCTRL_X0Y1        BUFG (Prop_bufg_I_O)         0.026     0.827 r  rclk_IBUF_BUFG_inst/O
                         net (fo=30, routed)          0.594     1.420    rptr_empty_inst/CLK
    SLICE_X2Y9           FDCE                                         r  rptr_empty_inst/rbin_reg[3]/C
  -------------------------------------------------------------------    -------------------
    SLICE_X2Y9           FDCE (Prop_fdce_C_Q)         0.164     1.584 r  rptr_empty_inst/rbin_reg[3]/Q
                         net (fo=13, routed)          0.174     1.758    rptr_empty_inst/raddr[3]
    SLICE_X2Y8           LUT3 (Prop_lut3_I1_O)        0.045     1.803 r  rptr_empty_inst/rbin[4]_i_1/O
                         net (fo=1, routed)           0.000     1.803    rptr_empty_inst/rbin_next[4]
    SLICE_X2Y8           FDCE                                         r  rptr_empty_inst/rbin_reg[4]/D
  -------------------------------------------------------------------    -------------------

                         (clock read_clk_domain rise edge)
                                                      0.000     0.000 r  
    P14                                               0.000     0.000 r  rclk (IN)
                         net (fo=0)                   0.000     0.000    rclk
    P14                  IBUF (Prop_ibuf_I_O)         0.355     0.355 r  rclk_IBUF_inst/O
                         net (fo=1, routed)           0.689     1.044    rclk_IBUF
    BUFGCTRL_X0Y1        BUFG (Prop_bufg_I_O)         0.029     1.073 r  rclk_IBUF_BUFG_inst/O
                         net (fo=30, routed)          0.865     1.937    rptr_empty_inst/CLK
    SLICE_X2Y8           FDCE                                         r  rptr_empty_inst/rbin_reg[4]/C
                         clock pessimism             -0.501     1.436    
    SLICE_X2Y8           FDCE (Hold_fdce_C_D)         0.120     1.556    rptr_empty_inst/rbin_reg[4]
  -------------------------------------------------------------------
                         required time                         -1.556    
                         arrival time                           1.803    
  -------------------------------------------------------------------
                         slack                                  0.247    

Slack (MET) :             0.248ns  (arrival time - required time)
  Source:                 rptr_empty_inst/rempty_reg/C
                            (rising edge-triggered cell FDPE clocked by read_clk_domain  {rise@0.000ns fall@12.500ns period=25.000ns})
  Destination:            rptr_empty_inst/rbin_reg[3]/D
                            (rising edge-triggered cell FDCE clocked by read_clk_domain  {rise@0.000ns fall@12.500ns period=25.000ns})
  Path Group:             read_clk_domain
  Path Type:              Hold (Min at Fast Process Corner)
  Requirement:            0.000ns  (read_clk_domain rise@0.000ns - read_clk_domain rise@0.000ns)
  Data Path Delay:        0.384ns  (logic 0.209ns (54.492%)  route 0.175ns (45.508%))
  Logic Levels:           1  (LUT6=1)
  Clock Path Skew:        0.016ns (DCD - SCD - CPR)
    Destination Clock Delay (DCD):    1.937ns
    Source Clock Delay      (SCD):    1.420ns
    Clock Pessimism Removal (CPR):    0.501ns

    Location             Delay type                Incr(ns)  Path(ns)    Netlist Resource(s)
  -------------------------------------------------------------------    -------------------
                         (clock read_clk_domain rise edge)
                                                      0.000     0.000 r  
    P14                                               0.000     0.000 r  rclk (IN)
                         net (fo=0)                   0.000     0.000    rclk
    P14                  IBUF (Prop_ibuf_I_O)         0.166     0.166 r  rclk_IBUF_inst/O
                         net (fo=1, routed)           0.634     0.801    rclk_IBUF
    BUFGCTRL_X0Y1        BUFG (Prop_bufg_I_O)         0.026     0.827 r  rclk_IBUF_BUFG_inst/O
                         net (fo=30, routed)          0.594     1.420    rptr_empty_inst/CLK
    SLICE_X2Y8           FDPE                                         r  rptr_empty_inst/rempty_reg/C
  -------------------------------------------------------------------    -------------------
    SLICE_X2Y8           FDPE (Prop_fdpe_C_Q)         0.164     1.584 r  rptr_empty_inst/rempty_reg/Q
                         net (fo=9, routed)           0.175     1.759    rptr_empty_inst/rempty_OBUF
    SLICE_X2Y9           LUT6 (Prop_lut6_I3_O)        0.045     1.804 r  rptr_empty_inst/rbin[3]_i_1/O
                         net (fo=1, routed)           0.000     1.804    rptr_empty_inst/rbin_next__0[3]
    SLICE_X2Y9           FDCE                                         r  rptr_empty_inst/rbin_reg[3]/D
  -------------------------------------------------------------------    -------------------

                         (clock read_clk_domain rise edge)
                                                      0.000     0.000 r  
    P14                                               0.000     0.000 r  rclk (IN)
                         net (fo=0)                   0.000     0.000    rclk
    P14                  IBUF (Prop_ibuf_I_O)         0.355     0.355 r  rclk_IBUF_inst/O
                         net (fo=1, routed)           0.689     1.044    rclk_IBUF
    BUFGCTRL_X0Y1        BUFG (Prop_bufg_I_O)         0.029     1.073 r  rclk_IBUF_BUFG_inst/O
                         net (fo=30, routed)          0.865     1.937    rptr_empty_inst/CLK
    SLICE_X2Y9           FDCE                                         r  rptr_empty_inst/rbin_reg[3]/C
                         clock pessimism             -0.501     1.436    
    SLICE_X2Y9           FDCE (Hold_fdce_C_D)         0.120     1.556    rptr_empty_inst/rbin_reg[3]
  -------------------------------------------------------------------
                         required time                         -1.556    
                         arrival time                           1.804    
  -------------------------------------------------------------------
                         slack                                  0.248    

Slack (MET) :             0.250ns  (arrival time - required time)
  Source:                 rptr_empty_inst/rbin_reg[3]/C
                            (rising edge-triggered cell FDCE clocked by read_clk_domain  {rise@0.000ns fall@12.500ns period=25.000ns})
  Destination:            rptr_empty_inst/rempty_reg/D
                            (rising edge-triggered cell FDPE clocked by read_clk_domain  {rise@0.000ns fall@12.500ns period=25.000ns})
  Path Group:             read_clk_domain
  Path Type:              Hold (Min at Fast Process Corner)
  Requirement:            0.000ns  (read_clk_domain rise@0.000ns - read_clk_domain rise@0.000ns)
  Data Path Delay:        0.387ns  (logic 0.209ns (54.073%)  route 0.178ns (45.927%))
  Logic Levels:           1  (LUT6=1)
  Clock Path Skew:        0.016ns (DCD - SCD - CPR)
    Destination Clock Delay (DCD):    1.937ns
    Source Clock Delay      (SCD):    1.420ns
    Clock Pessimism Removal (CPR):    0.501ns

    Location             Delay type                Incr(ns)  Path(ns)    Netlist Resource(s)
  -------------------------------------------------------------------    -------------------
                         (clock read_clk_domain rise edge)
                                                      0.000     0.000 r  
    P14                                               0.000     0.000 r  rclk (IN)
                         net (fo=0)                   0.000     0.000    rclk
    P14                  IBUF (Prop_ibuf_I_O)         0.166     0.166 r  rclk_IBUF_inst/O
                         net (fo=1, routed)           0.634     0.801    rclk_IBUF
    BUFGCTRL_X0Y1        BUFG (Prop_bufg_I_O)         0.026     0.827 r  rclk_IBUF_BUFG_inst/O
                         net (fo=30, routed)          0.594     1.420    rptr_empty_inst/CLK
    SLICE_X2Y9           FDCE                                         r  rptr_empty_inst/rbin_reg[3]/C
  -------------------------------------------------------------------    -------------------
    SLICE_X2Y9           FDCE (Prop_fdce_C_Q)         0.164     1.584 r  rptr_empty_inst/rbin_reg[3]/Q
                         net (fo=13, routed)          0.178     1.762    rptr_empty_inst/raddr[3]
    SLICE_X2Y8           LUT6 (Prop_lut6_I4_O)        0.045     1.807 r  rptr_empty_inst/rempty_i_1/O
                         net (fo=1, routed)           0.000     1.807    rptr_empty_inst/rempty_val
    SLICE_X2Y8           FDPE                                         r  rptr_empty_inst/rempty_reg/D
  -------------------------------------------------------------------    -------------------

                         (clock read_clk_domain rise edge)
                                                      0.000     0.000 r  
    P14                                               0.000     0.000 r  rclk (IN)
                         net (fo=0)                   0.000     0.000    rclk
    P14                  IBUF (Prop_ibuf_I_O)         0.355     0.355 r  rclk_IBUF_inst/O
                         net (fo=1, routed)           0.689     1.044    rclk_IBUF
    BUFGCTRL_X0Y1        BUFG (Prop_bufg_I_O)         0.029     1.073 r  rclk_IBUF_BUFG_inst/O
                         net (fo=30, routed)          0.865     1.937    rptr_empty_inst/CLK
    SLICE_X2Y8           FDPE                                         r  rptr_empty_inst/rempty_reg/C
                         clock pessimism             -0.501     1.436    
    SLICE_X2Y8           FDPE (Hold_fdpe_C_D)         0.121     1.557    rptr_empty_inst/rempty_reg
  -------------------------------------------------------------------
                         required time                         -1.557    
                         arrival time                           1.807    
  -------------------------------------------------------------------
                         slack                                  0.250    





Pulse Width Checks
--------------------------------------------------------------------------------------
Clock Name:         read_clk_domain
Waveform(ns):       { 0.000 12.500 }
Period(ns):         25.000
Sources:            { rclk }

Check Type        Corner  Lib Pin  Reference Pin  Required(ns)  Actual(ns)  Slack(ns)  Location       Pin
Min Period        n/a     BUFG/I   n/a            2.155         25.000      22.845     BUFGCTRL_X0Y1  rclk_IBUF_BUFG_inst/I
Min Period        n/a     FDRE/C   n/a            1.000         25.000      24.000     SLICE_X1Y10    mem_inst/rdata_reg[0]/C
Min Period        n/a     FDRE/C   n/a            1.000         25.000      24.000     SLICE_X1Y10    mem_inst/rdata_reg[1]/C
Min Period        n/a     FDRE/C   n/a            1.000         25.000      24.000     SLICE_X1Y10    mem_inst/rdata_reg[2]/C
Min Period        n/a     FDRE/C   n/a            1.000         25.000      24.000     SLICE_X1Y10    mem_inst/rdata_reg[3]/C
Min Period        n/a     FDRE/C   n/a            1.000         25.000      24.000     SLICE_X0Y10    mem_inst/rdata_reg[4]/C
Min Period        n/a     FDRE/C   n/a            1.000         25.000      24.000     SLICE_X0Y10    mem_inst/rdata_reg[5]/C
Min Period        n/a     FDRE/C   n/a            1.000         25.000      24.000     SLICE_X0Y10    mem_inst/rdata_reg[6]/C
Min Period        n/a     FDRE/C   n/a            1.000         25.000      24.000     SLICE_X0Y10    mem_inst/rdata_reg[7]/C
Min Period        n/a     FDCE/C   n/a            1.000         25.000      24.000     SLICE_X3Y11    rptr_empty_inst/rbin_reg[0]/C
Low Pulse Width   Slow    FDRE/C   n/a            0.500         12.500      12.000     SLICE_X1Y10    mem_inst/rdata_reg[0]/C
Low Pulse Width   Fast    FDRE/C   n/a            0.500         12.500      12.000     SLICE_X1Y10    mem_inst/rdata_reg[0]/C
Low Pulse Width   Slow    FDRE/C   n/a            0.500         12.500      12.000     SLICE_X1Y10    mem_inst/rdata_reg[1]/C
Low Pulse Width   Fast    FDRE/C   n/a            0.500         12.500      12.000     SLICE_X1Y10    mem_inst/rdata_reg[1]/C
Low Pulse Width   Slow    FDRE/C   n/a            0.500         12.500      12.000     SLICE_X1Y10    mem_inst/rdata_reg[2]/C
Low Pulse Width   Fast    FDRE/C   n/a            0.500         12.500      12.000     SLICE_X1Y10    mem_inst/rdata_reg[2]/C
Low Pulse Width   Slow    FDRE/C   n/a            0.500         12.500      12.000     SLICE_X1Y10    mem_inst/rdata_reg[3]/C
Low Pulse Width   Fast    FDRE/C   n/a            0.500         12.500      12.000     SLICE_X1Y10    mem_inst/rdata_reg[3]/C
Low Pulse Width   Slow    FDRE/C   n/a            0.500         12.500      12.000     SLICE_X0Y10    mem_inst/rdata_reg[4]/C
Low Pulse Width   Fast    FDRE/C   n/a            0.500         12.500      12.000     SLICE_X0Y10    mem_inst/rdata_reg[4]/C
High Pulse Width  Slow    FDRE/C   n/a            0.500         12.500      12.000     SLICE_X1Y10    mem_inst/rdata_reg[0]/C
High Pulse Width  Fast    FDRE/C   n/a            0.500         12.500      12.000     SLICE_X1Y10    mem_inst/rdata_reg[0]/C
High Pulse Width  Slow    FDRE/C   n/a            0.500         12.500      12.000     SLICE_X1Y10    mem_inst/rdata_reg[1]/C
High Pulse Width  Fast    FDRE/C   n/a            0.500         12.500      12.000     SLICE_X1Y10    mem_inst/rdata_reg[1]/C
High Pulse Width  Slow    FDRE/C   n/a            0.500         12.500      12.000     SLICE_X1Y10    mem_inst/rdata_reg[2]/C
High Pulse Width  Fast    FDRE/C   n/a            0.500         12.500      12.000     SLICE_X1Y10    mem_inst/rdata_reg[2]/C
High Pulse Width  Slow    FDRE/C   n/a            0.500         12.500      12.000     SLICE_X1Y10    mem_inst/rdata_reg[3]/C
High Pulse Width  Fast    FDRE/C   n/a            0.500         12.500      12.000     SLICE_X1Y10    mem_inst/rdata_reg[3]/C
High Pulse Width  Slow    FDRE/C   n/a            0.500         12.500      12.000     SLICE_X0Y10    mem_inst/rdata_reg[4]/C
High Pulse Width  Fast    FDRE/C   n/a            0.500         12.500      12.000     SLICE_X0Y10    mem_inst/rdata_reg[4]/C



---------------------------------------------------------------------------------------------------
From Clock:  write_clk_domain
  To Clock:  write_clk_domain

Setup :            0  Failing Endpoints,  Worst Slack        7.393ns,  Total Violation        0.000ns
Hold  :            0  Failing Endpoints,  Worst Slack        0.121ns,  Total Violation        0.000ns
PW    :            0  Failing Endpoints,  Worst Slack        3.750ns,  Total Violation        0.000ns
---------------------------------------------------------------------------------------------------


Max Delay Paths
--------------------------------------------------------------------------------------
Slack (MET) :             7.393ns  (required time - arrival time)
  Source:                 wptr_full_inst/wfull_reg/C
                            (rising edge-triggered cell FDCE clocked by write_clk_domain  {rise@0.000ns fall@5.000ns period=10.000ns})
  Destination:            wptr_full_inst/wfull_reg/D
                            (rising edge-triggered cell FDCE clocked by write_clk_domain  {rise@0.000ns fall@5.000ns period=10.000ns})
  Path Group:             write_clk_domain
  Path Type:              Setup (Max at Slow Process Corner)
  Requirement:            10.000ns  (write_clk_domain rise@10.000ns - write_clk_domain rise@0.000ns)
  Data Path Delay:        2.600ns  (logic 0.828ns (31.844%)  route 1.772ns (68.156%))
  Logic Levels:           3  (LUT2=1 LUT6=2)
  Clock Path Skew:        0.000ns (DCD - SCD + CPR)
    Destination Clock Delay (DCD):    4.283ns = ( 14.283 - 10.000 ) 
    Source Clock Delay      (SCD):    4.644ns
    Clock Pessimism Removal (CPR):    0.361ns
  Clock Uncertainty:      0.035ns  ((TSJ^2 + TIJ^2)^1/2 + DJ) / 2 + PE
    Total System Jitter     (TSJ):    0.071ns
    Total Input Jitter      (TIJ):    0.000ns
    Discrete Jitter          (DJ):    0.000ns
    Phase Error              (PE):    0.000ns

    Location             Delay type                Incr(ns)  Path(ns)    Netlist Resource(s)
  -------------------------------------------------------------------    -------------------
                         (clock write_clk_domain rise edge)
                                                      0.000     0.000 r  
    R16                                               0.000     0.000 r  wclk (IN)
                         net (fo=0)                   0.000     0.000    wclk
    R16                  IBUF (Prop_ibuf_I_O)         0.940     0.940 r  wclk_IBUF_inst/O
                         net (fo=1, routed)           1.972     2.911    wclk_IBUF
    BUFGCTRL_X0Y0        BUFG (Prop_bufg_I_O)         0.096     3.007 r  wclk_IBUF_BUFG_inst/O
                         net (fo=34, routed)          1.636     4.644    wptr_full_inst/CLK
    SLICE_X3Y9           FDCE                                         r  wptr_full_inst/wfull_reg/C
  -------------------------------------------------------------------    -------------------
    SLICE_X3Y9           FDCE (Prop_fdce_C_Q)         0.456     5.100 r  wptr_full_inst/wfull_reg/Q
                         net (fo=10, routed)          0.719     5.819    wptr_full_inst/wfull_OBUF
    SLICE_X2Y9           LUT2 (Prop_lut2_I0_O)        0.124     5.943 r  wptr_full_inst/wptr[3]_i_2/O
                         net (fo=4, routed)           0.377     6.320    wptr_full_inst/wptr[3]_i_2_n_0
    SLICE_X3Y9           LUT6 (Prop_lut6_I2_O)        0.124     6.444 r  wptr_full_inst/wbin[4]_i_1/O
                         net (fo=2, routed)           0.676     7.120    wptr_full_inst/wbin_next[4]
    SLICE_X3Y9           LUT6 (Prop_lut6_I4_O)        0.124     7.244 r  wptr_full_inst/wfull_i_1/O
                         net (fo=1, routed)           0.000     7.244    wptr_full_inst/wfull_val
    SLICE_X3Y9           FDCE                                         r  wptr_full_inst/wfull_reg/D
  -------------------------------------------------------------------    -------------------

                         (clock write_clk_domain rise edge)
                                                     10.000    10.000 r  
    R16                                               0.000    10.000 r  wclk (IN)
                         net (fo=0)                   0.000    10.000    wclk
    R16                  IBUF (Prop_ibuf_I_O)         0.806    10.806 r  wclk_IBUF_inst/O
                         net (fo=1, routed)           1.868    12.674    wclk_IBUF
    BUFGCTRL_X0Y0        BUFG (Prop_bufg_I_O)         0.091    12.765 r  wclk_IBUF_BUFG_inst/O
                         net (fo=34, routed)          1.517    14.283    wptr_full_inst/CLK
    SLICE_X3Y9           FDCE                                         r  wptr_full_inst/wfull_reg/C
                         clock pessimism              0.361    14.644    
                         clock uncertainty           -0.035    14.608    
    SLICE_X3Y9           FDCE (Setup_fdce_C_D)        0.029    14.637    wptr_full_inst/wfull_reg
  -------------------------------------------------------------------
                         required time                         14.637    
                         arrival time                          -7.244    
  -------------------------------------------------------------------
                         slack                                  7.393    

Slack (MET) :             7.495ns  (required time - arrival time)
  Source:                 wptr_full_inst/wfull_reg/C
                            (rising edge-triggered cell FDCE clocked by write_clk_domain  {rise@0.000ns fall@5.000ns period=10.000ns})
  Destination:            mem_inst/mem_reg_0_15_0_5/RAMA/WE
                            (rising edge-triggered cell RAMD32 clocked by write_clk_domain  {rise@0.000ns fall@5.000ns period=10.000ns})
  Path Group:             write_clk_domain
  Path Type:              Setup (Max at Slow Process Corner)
  Requirement:            10.000ns  (write_clk_domain rise@10.000ns - write_clk_domain rise@0.000ns)
  Data Path Delay:        1.910ns  (logic 0.580ns (30.362%)  route 1.330ns (69.638%))
  Logic Levels:           1  (LUT2=1)
  Clock Path Skew:        -0.026ns (DCD - SCD + CPR)
    Destination Clock Delay (DCD):    4.282ns = ( 14.282 - 10.000 ) 
    Source Clock Delay      (SCD):    4.644ns
    Clock Pessimism Removal (CPR):    0.336ns
  Clock Uncertainty:      0.035ns  ((TSJ^2 + TIJ^2)^1/2 + DJ) / 2 + PE
    Total System Jitter     (TSJ):    0.071ns
    Total Input Jitter      (TIJ):    0.000ns
    Discrete Jitter          (DJ):    0.000ns
    Phase Error              (PE):    0.000ns

    Location             Delay type                Incr(ns)  Path(ns)    Netlist Resource(s)
  -------------------------------------------------------------------    -------------------
                         (clock write_clk_domain rise edge)
                                                      0.000     0.000 r  
    R16                                               0.000     0.000 r  wclk (IN)
                         net (fo=0)                   0.000     0.000    wclk
    R16                  IBUF (Prop_ibuf_I_O)         0.940     0.940 r  wclk_IBUF_inst/O
                         net (fo=1, routed)           1.972     2.911    wclk_IBUF
    BUFGCTRL_X0Y0        BUFG (Prop_bufg_I_O)         0.096     3.007 r  wclk_IBUF_BUFG_inst/O
                         net (fo=34, routed)          1.636     4.644    wptr_full_inst/CLK
    SLICE_X3Y9           FDCE                                         r  wptr_full_inst/wfull_reg/C
  -------------------------------------------------------------------    -------------------
    SLICE_X3Y9           FDCE (Prop_fdce_C_Q)         0.456     5.100 f  wptr_full_inst/wfull_reg/Q
                         net (fo=10, routed)          0.692     5.792    wptr_full_inst/wfull_OBUF
    SLICE_X3Y10          LUT2 (Prop_lut2_I1_O)        0.124     5.916 r  wptr_full_inst/mem_reg_0_15_0_5_i_1/O
                         net (fo=12, routed)          0.638     6.554    mem_inst/mem_reg_0_15_0_5/WE
    SLICE_X2Y11          RAMD32                                       r  mem_inst/mem_reg_0_15_0_5/RAMA/WE
  -------------------------------------------------------------------    -------------------

                         (clock write_clk_domain rise edge)
                                                     10.000    10.000 r  
    R16                                               0.000    10.000 r  wclk (IN)
                         net (fo=0)                   0.000    10.000    wclk
    R16                  IBUF (Prop_ibuf_I_O)         0.806    10.806 r  wclk_IBUF_inst/O
                         net (fo=1, routed)           1.868    12.674    wclk_IBUF
    BUFGCTRL_X0Y0        BUFG (Prop_bufg_I_O)         0.091    12.765 r  wclk_IBUF_BUFG_inst/O
                         net (fo=34, routed)          1.516    14.282    mem_inst/mem_reg_0_15_0_5/WCLK
    SLICE_X2Y11          RAMD32                                       r  mem_inst/mem_reg_0_15_0_5/RAMA/CLK
                         clock pessimism              0.336    14.618    
                         clock uncertainty           -0.035    14.582    
    SLICE_X2Y11          RAMD32 (Setup_ramd32_CLK_WE)
                                                     -0.533    14.049    mem_inst/mem_reg_0_15_0_5/RAMA
  -------------------------------------------------------------------
                         required time                         14.049    
                         arrival time                          -6.554    
  -------------------------------------------------------------------
                         slack                                  7.495    

Slack (MET) :             7.495ns  (required time - arrival time)
  Source:                 wptr_full_inst/wfull_reg/C
                            (rising edge-triggered cell FDCE clocked by write_clk_domain  {rise@0.000ns fall@5.000ns period=10.000ns})
  Destination:            mem_inst/mem_reg_0_15_0_5/RAMA_D1/WE
                            (rising edge-triggered cell RAMD32 clocked by write_clk_domain  {rise@0.000ns fall@5.000ns period=10.000ns})
  Path Group:             write_clk_domain
  Path Type:              Setup (Max at Slow Process Corner)
  Requirement:            10.000ns  (write_clk_domain rise@10.000ns - write_clk_domain rise@0.000ns)
  Data Path Delay:        1.910ns  (logic 0.580ns (30.362%)  route 1.330ns (69.638%))
  Logic Levels:           1  (LUT2=1)
  Clock Path Skew:        -0.026ns (DCD - SCD + CPR)
    Destination Clock Delay (DCD):    4.282ns = ( 14.282 - 10.000 ) 
    Source Clock Delay      (SCD):    4.644ns
    Clock Pessimism Removal (CPR):    0.336ns
  Clock Uncertainty:      0.035ns  ((TSJ^2 + TIJ^2)^1/2 + DJ) / 2 + PE
    Total System Jitter     (TSJ):    0.071ns
    Total Input Jitter      (TIJ):    0.000ns
    Discrete Jitter          (DJ):    0.000ns
    Phase Error              (PE):    0.000ns

    Location             Delay type                Incr(ns)  Path(ns)    Netlist Resource(s)
  -------------------------------------------------------------------    -------------------
                         (clock write_clk_domain rise edge)
                                                      0.000     0.000 r  
    R16                                               0.000     0.000 r  wclk (IN)
                         net (fo=0)                   0.000     0.000    wclk
    R16                  IBUF (Prop_ibuf_I_O)         0.940     0.940 r  wclk_IBUF_inst/O
                         net (fo=1, routed)           1.972     2.911    wclk_IBUF
    BUFGCTRL_X0Y0        BUFG (Prop_bufg_I_O)         0.096     3.007 r  wclk_IBUF_BUFG_inst/O
                         net (fo=34, routed)          1.636     4.644    wptr_full_inst/CLK
    SLICE_X3Y9           FDCE                                         r  wptr_full_inst/wfull_reg/C
  -------------------------------------------------------------------    -------------------
    SLICE_X3Y9           FDCE (Prop_fdce_C_Q)         0.456     5.100 f  wptr_full_inst/wfull_reg/Q
                         net (fo=10, routed)          0.692     5.792    wptr_full_inst/wfull_OBUF
    SLICE_X3Y10          LUT2 (Prop_lut2_I1_O)        0.124     5.916 r  wptr_full_inst/mem_reg_0_15_0_5_i_1/O
                         net (fo=12, routed)          0.638     6.554    mem_inst/mem_reg_0_15_0_5/WE
    SLICE_X2Y11          RAMD32                                       r  mem_inst/mem_reg_0_15_0_5/RAMA_D1/WE
  -------------------------------------------------------------------    -------------------

                         (clock write_clk_domain rise edge)
                                                     10.000    10.000 r  
    R16                                               0.000    10.000 r  wclk (IN)
                         net (fo=0)                   0.000    10.000    wclk
    R16                  IBUF (Prop_ibuf_I_O)         0.806    10.806 r  wclk_IBUF_inst/O
                         net (fo=1, routed)           1.868    12.674    wclk_IBUF
    BUFGCTRL_X0Y0        BUFG (Prop_bufg_I_O)         0.091    12.765 r  wclk_IBUF_BUFG_inst/O
                         net (fo=34, routed)          1.516    14.282    mem_inst/mem_reg_0_15_0_5/WCLK
    SLICE_X2Y11          RAMD32                                       r  mem_inst/mem_reg_0_15_0_5/RAMA_D1/CLK
                         clock pessimism              0.336    14.618    
                         clock uncertainty           -0.035    14.582    
    SLICE_X2Y11          RAMD32 (Setup_ramd32_CLK_WE)
                                                     -0.533    14.049    mem_inst/mem_reg_0_15_0_5/RAMA_D1
  -------------------------------------------------------------------
                         required time                         14.049    
                         arrival time                          -6.554    
  -------------------------------------------------------------------
                         slack                                  7.495    

Slack (MET) :             7.495ns  (required time - arrival time)
  Source:                 wptr_full_inst/wfull_reg/C
                            (rising edge-triggered cell FDCE clocked by write_clk_domain  {rise@0.000ns fall@5.000ns period=10.000ns})
  Destination:            mem_inst/mem_reg_0_15_0_5/RAMB/WE
                            (rising edge-triggered cell RAMD32 clocked by write_clk_domain  {rise@0.000ns fall@5.000ns period=10.000ns})
  Path Group:             write_clk_domain
  Path Type:              Setup (Max at Slow Process Corner)
  Requirement:            10.000ns  (write_clk_domain rise@10.000ns - write_clk_domain rise@0.000ns)
  Data Path Delay:        1.910ns  (logic 0.580ns (30.362%)  route 1.330ns (69.638%))
  Logic Levels:           1  (LUT2=1)
  Clock Path Skew:        -0.026ns (DCD - SCD + CPR)
    Destination Clock Delay (DCD):    4.282ns = ( 14.282 - 10.000 ) 
    Source Clock Delay      (SCD):    4.644ns
    Clock Pessimism Removal (CPR):    0.336ns
  Clock Uncertainty:      0.035ns  ((TSJ^2 + TIJ^2)^1/2 + DJ) / 2 + PE
    Total System Jitter     (TSJ):    0.071ns
    Total Input Jitter      (TIJ):    0.000ns
    Discrete Jitter          (DJ):    0.000ns
    Phase Error              (PE):    0.000ns

    Location             Delay type                Incr(ns)  Path(ns)    Netlist Resource(s)
  -------------------------------------------------------------------    -------------------
                         (clock write_clk_domain rise edge)
                                                      0.000     0.000 r  
    R16                                               0.000     0.000 r  wclk (IN)
                         net (fo=0)                   0.000     0.000    wclk
    R16                  IBUF (Prop_ibuf_I_O)         0.940     0.940 r  wclk_IBUF_inst/O
                         net (fo=1, routed)           1.972     2.911    wclk_IBUF
    BUFGCTRL_X0Y0        BUFG (Prop_bufg_I_O)         0.096     3.007 r  wclk_IBUF_BUFG_inst/O
                         net (fo=34, routed)          1.636     4.644    wptr_full_inst/CLK
    SLICE_X3Y9           FDCE                                         r  wptr_full_inst/wfull_reg/C
  -------------------------------------------------------------------    -------------------
    SLICE_X3Y9           FDCE (Prop_fdce_C_Q)         0.456     5.100 f  wptr_full_inst/wfull_reg/Q
                         net (fo=10, routed)          0.692     5.792    wptr_full_inst/wfull_OBUF
    SLICE_X3Y10          LUT2 (Prop_lut2_I1_O)        0.124     5.916 r  wptr_full_inst/mem_reg_0_15_0_5_i_1/O
                         net (fo=12, routed)          0.638     6.554    mem_inst/mem_reg_0_15_0_5/WE
    SLICE_X2Y11          RAMD32                                       r  mem_inst/mem_reg_0_15_0_5/RAMB/WE
  -------------------------------------------------------------------    -------------------

                         (clock write_clk_domain rise edge)
                                                     10.000    10.000 r  
    R16                                               0.000    10.000 r  wclk (IN)
                         net (fo=0)                   0.000    10.000    wclk
    R16                  IBUF (Prop_ibuf_I_O)         0.806    10.806 r  wclk_IBUF_inst/O
                         net (fo=1, routed)           1.868    12.674    wclk_IBUF
    BUFGCTRL_X0Y0        BUFG (Prop_bufg_I_O)         0.091    12.765 r  wclk_IBUF_BUFG_inst/O
                         net (fo=34, routed)          1.516    14.282    mem_inst/mem_reg_0_15_0_5/WCLK
    SLICE_X2Y11          RAMD32                                       r  mem_inst/mem_reg_0_15_0_5/RAMB/CLK
                         clock pessimism              0.336    14.618    
                         clock uncertainty           -0.035    14.582    
    SLICE_X2Y11          RAMD32 (Setup_ramd32_CLK_WE)
                                                     -0.533    14.049    mem_inst/mem_reg_0_15_0_5/RAMB
  -------------------------------------------------------------------
                         required time                         14.049    
                         arrival time                          -6.554    
  -------------------------------------------------------------------
                         slack                                  7.495    

Slack (MET) :             7.495ns  (required time - arrival time)
  Source:                 wptr_full_inst/wfull_reg/C
                            (rising edge-triggered cell FDCE clocked by write_clk_domain  {rise@0.000ns fall@5.000ns period=10.000ns})
  Destination:            mem_inst/mem_reg_0_15_0_5/RAMB_D1/WE
                            (rising edge-triggered cell RAMD32 clocked by write_clk_domain  {rise@0.000ns fall@5.000ns period=10.000ns})
  Path Group:             write_clk_domain
  Path Type:              Setup (Max at Slow Process Corner)
  Requirement:            10.000ns  (write_clk_domain rise@10.000ns - write_clk_domain rise@0.000ns)
  Data Path Delay:        1.910ns  (logic 0.580ns (30.362%)  route 1.330ns (69.638%))
  Logic Levels:           1  (LUT2=1)
  Clock Path Skew:        -0.026ns (DCD - SCD + CPR)
    Destination Clock Delay (DCD):    4.282ns = ( 14.282 - 10.000 ) 
    Source Clock Delay      (SCD):    4.644ns
    Clock Pessimism Removal (CPR):    0.336ns
  Clock Uncertainty:      0.035ns  ((TSJ^2 + TIJ^2)^1/2 + DJ) / 2 + PE
    Total System Jitter     (TSJ):    0.071ns
    Total Input Jitter      (TIJ):    0.000ns
    Discrete Jitter          (DJ):    0.000ns
    Phase Error              (PE):    0.000ns

    Location             Delay type                Incr(ns)  Path(ns)    Netlist Resource(s)
  -------------------------------------------------------------------    -------------------
                         (clock write_clk_domain rise edge)
                                                      0.000     0.000 r  
    R16                                               0.000     0.000 r  wclk (IN)
                         net (fo=0)                   0.000     0.000    wclk
    R16                  IBUF (Prop_ibuf_I_O)         0.940     0.940 r  wclk_IBUF_inst/O
                         net (fo=1, routed)           1.972     2.911    wclk_IBUF
    BUFGCTRL_X0Y0        BUFG (Prop_bufg_I_O)         0.096     3.007 r  wclk_IBUF_BUFG_inst/O
                         net (fo=34, routed)          1.636     4.644    wptr_full_inst/CLK
    SLICE_X3Y9           FDCE                                         r  wptr_full_inst/wfull_reg/C
  -------------------------------------------------------------------    -------------------
    SLICE_X3Y9           FDCE (Prop_fdce_C_Q)         0.456     5.100 f  wptr_full_inst/wfull_reg/Q
                         net (fo=10, routed)          0.692     5.792    wptr_full_inst/wfull_OBUF
    SLICE_X3Y10          LUT2 (Prop_lut2_I1_O)        0.124     5.916 r  wptr_full_inst/mem_reg_0_15_0_5_i_1/O
                         net (fo=12, routed)          0.638     6.554    mem_inst/mem_reg_0_15_0_5/WE
    SLICE_X2Y11          RAMD32                                       r  mem_inst/mem_reg_0_15_0_5/RAMB_D1/WE
  -------------------------------------------------------------------    -------------------

                         (clock write_clk_domain rise edge)
                                                     10.000    10.000 r  
    R16                                               0.000    10.000 r  wclk (IN)
                         net (fo=0)                   0.000    10.000    wclk
    R16                  IBUF (Prop_ibuf_I_O)         0.806    10.806 r  wclk_IBUF_inst/O
                         net (fo=1, routed)           1.868    12.674    wclk_IBUF
    BUFGCTRL_X0Y0        BUFG (Prop_bufg_I_O)         0.091    12.765 r  wclk_IBUF_BUFG_inst/O
                         net (fo=34, routed)          1.516    14.282    mem_inst/mem_reg_0_15_0_5/WCLK
    SLICE_X2Y11          RAMD32                                       r  mem_inst/mem_reg_0_15_0_5/RAMB_D1/CLK
                         clock pessimism              0.336    14.618    
                         clock uncertainty           -0.035    14.582    
    SLICE_X2Y11          RAMD32 (Setup_ramd32_CLK_WE)
                                                     -0.533    14.049    mem_inst/mem_reg_0_15_0_5/RAMB_D1
  -------------------------------------------------------------------
                         required time                         14.049    
                         arrival time                          -6.554    
  -------------------------------------------------------------------
                         slack                                  7.495    

Slack (MET) :             7.495ns  (required time - arrival time)
  Source:                 wptr_full_inst/wfull_reg/C
                            (rising edge-triggered cell FDCE clocked by write_clk_domain  {rise@0.000ns fall@5.000ns period=10.000ns})
  Destination:            mem_inst/mem_reg_0_15_0_5/RAMC/WE
                            (rising edge-triggered cell RAMD32 clocked by write_clk_domain  {rise@0.000ns fall@5.000ns period=10.000ns})
  Path Group:             write_clk_domain
  Path Type:              Setup (Max at Slow Process Corner)
  Requirement:            10.000ns  (write_clk_domain rise@10.000ns - write_clk_domain rise@0.000ns)
  Data Path Delay:        1.910ns  (logic 0.580ns (30.362%)  route 1.330ns (69.638%))
  Logic Levels:           1  (LUT2=1)
  Clock Path Skew:        -0.026ns (DCD - SCD + CPR)
    Destination Clock Delay (DCD):    4.282ns = ( 14.282 - 10.000 ) 
    Source Clock Delay      (SCD):    4.644ns
    Clock Pessimism Removal (CPR):    0.336ns
  Clock Uncertainty:      0.035ns  ((TSJ^2 + TIJ^2)^1/2 + DJ) / 2 + PE
    Total System Jitter     (TSJ):    0.071ns
    Total Input Jitter      (TIJ):    0.000ns
    Discrete Jitter          (DJ):    0.000ns
    Phase Error              (PE):    0.000ns

    Location             Delay type                Incr(ns)  Path(ns)    Netlist Resource(s)
  -------------------------------------------------------------------    -------------------
                         (clock write_clk_domain rise edge)
                                                      0.000     0.000 r  
    R16                                               0.000     0.000 r  wclk (IN)
                         net (fo=0)                   0.000     0.000    wclk
    R16                  IBUF (Prop_ibuf_I_O)         0.940     0.940 r  wclk_IBUF_inst/O
                         net (fo=1, routed)           1.972     2.911    wclk_IBUF
    BUFGCTRL_X0Y0        BUFG (Prop_bufg_I_O)         0.096     3.007 r  wclk_IBUF_BUFG_inst/O
                         net (fo=34, routed)          1.636     4.644    wptr_full_inst/CLK
    SLICE_X3Y9           FDCE                                         r  wptr_full_inst/wfull_reg/C
  -------------------------------------------------------------------    -------------------
    SLICE_X3Y9           FDCE (Prop_fdce_C_Q)         0.456     5.100 f  wptr_full_inst/wfull_reg/Q
                         net (fo=10, routed)          0.692     5.792    wptr_full_inst/wfull_OBUF
    SLICE_X3Y10          LUT2 (Prop_lut2_I1_O)        0.124     5.916 r  wptr_full_inst/mem_reg_0_15_0_5_i_1/O
                         net (fo=12, routed)          0.638     6.554    mem_inst/mem_reg_0_15_0_5/WE
    SLICE_X2Y11          RAMD32                                       r  mem_inst/mem_reg_0_15_0_5/RAMC/WE
  -------------------------------------------------------------------    -------------------

                         (clock write_clk_domain rise edge)
                                                     10.000    10.000 r  
    R16                                               0.000    10.000 r  wclk (IN)
                         net (fo=0)                   0.000    10.000    wclk
    R16                  IBUF (Prop_ibuf_I_O)         0.806    10.806 r  wclk_IBUF_inst/O
                         net (fo=1, routed)           1.868    12.674    wclk_IBUF
    BUFGCTRL_X0Y0        BUFG (Prop_bufg_I_O)         0.091    12.765 r  wclk_IBUF_BUFG_inst/O
                         net (fo=34, routed)          1.516    14.282    mem_inst/mem_reg_0_15_0_5/WCLK
    SLICE_X2Y11          RAMD32                                       r  mem_inst/mem_reg_0_15_0_5/RAMC/CLK
                         clock pessimism              0.336    14.618    
                         clock uncertainty           -0.035    14.582    
    SLICE_X2Y11          RAMD32 (Setup_ramd32_CLK_WE)
                                                     -0.533    14.049    mem_inst/mem_reg_0_15_0_5/RAMC
  -------------------------------------------------------------------
                         required time                         14.049    
                         arrival time                          -6.554    
  -------------------------------------------------------------------
                         slack                                  7.495    

Slack (MET) :             7.495ns  (required time - arrival time)
  Source:                 wptr_full_inst/wfull_reg/C
                            (rising edge-triggered cell FDCE clocked by write_clk_domain  {rise@0.000ns fall@5.000ns period=10.000ns})
  Destination:            mem_inst/mem_reg_0_15_0_5/RAMC_D1/WE
                            (rising edge-triggered cell RAMD32 clocked by write_clk_domain  {rise@0.000ns fall@5.000ns period=10.000ns})
  Path Group:             write_clk_domain
  Path Type:              Setup (Max at Slow Process Corner)
  Requirement:            10.000ns  (write_clk_domain rise@10.000ns - write_clk_domain rise@0.000ns)
  Data Path Delay:        1.910ns  (logic 0.580ns (30.362%)  route 1.330ns (69.638%))
  Logic Levels:           1  (LUT2=1)
  Clock Path Skew:        -0.026ns (DCD - SCD + CPR)
    Destination Clock Delay (DCD):    4.282ns = ( 14.282 - 10.000 ) 
    Source Clock Delay      (SCD):    4.644ns
    Clock Pessimism Removal (CPR):    0.336ns
  Clock Uncertainty:      0.035ns  ((TSJ^2 + TIJ^2)^1/2 + DJ) / 2 + PE
    Total System Jitter     (TSJ):    0.071ns
    Total Input Jitter      (TIJ):    0.000ns
    Discrete Jitter          (DJ):    0.000ns
    Phase Error              (PE):    0.000ns

    Location             Delay type                Incr(ns)  Path(ns)    Netlist Resource(s)
  -------------------------------------------------------------------    -------------------
                         (clock write_clk_domain rise edge)
                                                      0.000     0.000 r  
    R16                                               0.000     0.000 r  wclk (IN)
                         net (fo=0)                   0.000     0.000    wclk
    R16                  IBUF (Prop_ibuf_I_O)         0.940     0.940 r  wclk_IBUF_inst/O
                         net (fo=1, routed)           1.972     2.911    wclk_IBUF
    BUFGCTRL_X0Y0        BUFG (Prop_bufg_I_O)         0.096     3.007 r  wclk_IBUF_BUFG_inst/O
                         net (fo=34, routed)          1.636     4.644    wptr_full_inst/CLK
    SLICE_X3Y9           FDCE                                         r  wptr_full_inst/wfull_reg/C
  -------------------------------------------------------------------    -------------------
    SLICE_X3Y9           FDCE (Prop_fdce_C_Q)         0.456     5.100 f  wptr_full_inst/wfull_reg/Q
                         net (fo=10, routed)          0.692     5.792    wptr_full_inst/wfull_OBUF
    SLICE_X3Y10          LUT2 (Prop_lut2_I1_O)        0.124     5.916 r  wptr_full_inst/mem_reg_0_15_0_5_i_1/O
                         net (fo=12, routed)          0.638     6.554    mem_inst/mem_reg_0_15_0_5/WE
    SLICE_X2Y11          RAMD32                                       r  mem_inst/mem_reg_0_15_0_5/RAMC_D1/WE
  -------------------------------------------------------------------    -------------------

                         (clock write_clk_domain rise edge)
                                                     10.000    10.000 r  
    R16                                               0.000    10.000 r  wclk (IN)
                         net (fo=0)                   0.000    10.000    wclk
    R16                  IBUF (Prop_ibuf_I_O)         0.806    10.806 r  wclk_IBUF_inst/O
                         net (fo=1, routed)           1.868    12.674    wclk_IBUF
    BUFGCTRL_X0Y0        BUFG (Prop_bufg_I_O)         0.091    12.765 r  wclk_IBUF_BUFG_inst/O
                         net (fo=34, routed)          1.516    14.282    mem_inst/mem_reg_0_15_0_5/WCLK
    SLICE_X2Y11          RAMD32                                       r  mem_inst/mem_reg_0_15_0_5/RAMC_D1/CLK
                         clock pessimism              0.336    14.618    
                         clock uncertainty           -0.035    14.582    
    SLICE_X2Y11          RAMD32 (Setup_ramd32_CLK_WE)
                                                     -0.533    14.049    mem_inst/mem_reg_0_15_0_5/RAMC_D1
  -------------------------------------------------------------------
                         required time                         14.049    
                         arrival time                          -6.554    
  -------------------------------------------------------------------
                         slack                                  7.495    

Slack (MET) :             7.495ns  (required time - arrival time)
  Source:                 wptr_full_inst/wfull_reg/C
                            (rising edge-triggered cell FDCE clocked by write_clk_domain  {rise@0.000ns fall@5.000ns period=10.000ns})
  Destination:            mem_inst/mem_reg_0_15_0_5/RAMD/WE
                            (rising edge-triggered cell RAMS32 clocked by write_clk_domain  {rise@0.000ns fall@5.000ns period=10.000ns})
  Path Group:             write_clk_domain
  Path Type:              Setup (Max at Slow Process Corner)
  Requirement:            10.000ns  (write_clk_domain rise@10.000ns - write_clk_domain rise@0.000ns)
  Data Path Delay:        1.910ns  (logic 0.580ns (30.362%)  route 1.330ns (69.638%))
  Logic Levels:           1  (LUT2=1)
  Clock Path Skew:        -0.026ns (DCD - SCD + CPR)
    Destination Clock Delay (DCD):    4.282ns = ( 14.282 - 10.000 ) 
    Source Clock Delay      (SCD):    4.644ns
    Clock Pessimism Removal (CPR):    0.336ns
  Clock Uncertainty:      0.035ns  ((TSJ^2 + TIJ^2)^1/2 + DJ) / 2 + PE
    Total System Jitter     (TSJ):    0.071ns
    Total Input Jitter      (TIJ):    0.000ns
    Discrete Jitter          (DJ):    0.000ns
    Phase Error              (PE):    0.000ns

    Location             Delay type                Incr(ns)  Path(ns)    Netlist Resource(s)
  -------------------------------------------------------------------    -------------------
                         (clock write_clk_domain rise edge)
                                                      0.000     0.000 r  
    R16                                               0.000     0.000 r  wclk (IN)
                         net (fo=0)                   0.000     0.000    wclk
    R16                  IBUF (Prop_ibuf_I_O)         0.940     0.940 r  wclk_IBUF_inst/O
                         net (fo=1, routed)           1.972     2.911    wclk_IBUF
    BUFGCTRL_X0Y0        BUFG (Prop_bufg_I_O)         0.096     3.007 r  wclk_IBUF_BUFG_inst/O
                         net (fo=34, routed)          1.636     4.644    wptr_full_inst/CLK
    SLICE_X3Y9           FDCE                                         r  wptr_full_inst/wfull_reg/C
  -------------------------------------------------------------------    -------------------
    SLICE_X3Y9           FDCE (Prop_fdce_C_Q)         0.456     5.100 f  wptr_full_inst/wfull_reg/Q
                         net (fo=10, routed)          0.692     5.792    wptr_full_inst/wfull_OBUF
    SLICE_X3Y10          LUT2 (Prop_lut2_I1_O)        0.124     5.916 r  wptr_full_inst/mem_reg_0_15_0_5_i_1/O
                         net (fo=12, routed)          0.638     6.554    mem_inst/mem_reg_0_15_0_5/WE
    SLICE_X2Y11          RAMS32                                       r  mem_inst/mem_reg_0_15_0_5/RAMD/WE
  -------------------------------------------------------------------    -------------------

                         (clock write_clk_domain rise edge)
                                                     10.000    10.000 r  
    R16                                               0.000    10.000 r  wclk (IN)
                         net (fo=0)                   0.000    10.000    wclk
    R16                  IBUF (Prop_ibuf_I_O)         0.806    10.806 r  wclk_IBUF_inst/O
                         net (fo=1, routed)           1.868    12.674    wclk_IBUF
    BUFGCTRL_X0Y0        BUFG (Prop_bufg_I_O)         0.091    12.765 r  wclk_IBUF_BUFG_inst/O
                         net (fo=34, routed)          1.516    14.282    mem_inst/mem_reg_0_15_0_5/WCLK
    SLICE_X2Y11          RAMS32                                       r  mem_inst/mem_reg_0_15_0_5/RAMD/CLK
                         clock pessimism              0.336    14.618    
                         clock uncertainty           -0.035    14.582    
    SLICE_X2Y11          RAMS32 (Setup_rams32_CLK_WE)
                                                     -0.533    14.049    mem_inst/mem_reg_0_15_0_5/RAMD
  -------------------------------------------------------------------
                         required time                         14.049    
                         arrival time                          -6.554    
  -------------------------------------------------------------------
                         slack                                  7.495    

Slack (MET) :             7.495ns  (required time - arrival time)
  Source:                 wptr_full_inst/wfull_reg/C
                            (rising edge-triggered cell FDCE clocked by write_clk_domain  {rise@0.000ns fall@5.000ns period=10.000ns})
  Destination:            mem_inst/mem_reg_0_15_0_5/RAMD_D1/WE
                            (rising edge-triggered cell RAMS32 clocked by write_clk_domain  {rise@0.000ns fall@5.000ns period=10.000ns})
  Path Group:             write_clk_domain
  Path Type:              Setup (Max at Slow Process Corner)
  Requirement:            10.000ns  (write_clk_domain rise@10.000ns - write_clk_domain rise@0.000ns)
  Data Path Delay:        1.910ns  (logic 0.580ns (30.362%)  route 1.330ns (69.638%))
  Logic Levels:           1  (LUT2=1)
  Clock Path Skew:        -0.026ns (DCD - SCD + CPR)
    Destination Clock Delay (DCD):    4.282ns = ( 14.282 - 10.000 ) 
    Source Clock Delay      (SCD):    4.644ns
    Clock Pessimism Removal (CPR):    0.336ns
  Clock Uncertainty:      0.035ns  ((TSJ^2 + TIJ^2)^1/2 + DJ) / 2 + PE
    Total System Jitter     (TSJ):    0.071ns
    Total Input Jitter      (TIJ):    0.000ns
    Discrete Jitter          (DJ):    0.000ns
    Phase Error              (PE):    0.000ns

    Location             Delay type                Incr(ns)  Path(ns)    Netlist Resource(s)
  -------------------------------------------------------------------    -------------------
                         (clock write_clk_domain rise edge)
                                                      0.000     0.000 r  
    R16                                               0.000     0.000 r  wclk (IN)
                         net (fo=0)                   0.000     0.000    wclk
    R16                  IBUF (Prop_ibuf_I_O)         0.940     0.940 r  wclk_IBUF_inst/O
                         net (fo=1, routed)           1.972     2.911    wclk_IBUF
    BUFGCTRL_X0Y0        BUFG (Prop_bufg_I_O)         0.096     3.007 r  wclk_IBUF_BUFG_inst/O
                         net (fo=34, routed)          1.636     4.644    wptr_full_inst/CLK
    SLICE_X3Y9           FDCE                                         r  wptr_full_inst/wfull_reg/C
  -------------------------------------------------------------------    -------------------
    SLICE_X3Y9           FDCE (Prop_fdce_C_Q)         0.456     5.100 f  wptr_full_inst/wfull_reg/Q
                         net (fo=10, routed)          0.692     5.792    wptr_full_inst/wfull_OBUF
    SLICE_X3Y10          LUT2 (Prop_lut2_I1_O)        0.124     5.916 r  wptr_full_inst/mem_reg_0_15_0_5_i_1/O
                         net (fo=12, routed)          0.638     6.554    mem_inst/mem_reg_0_15_0_5/WE
    SLICE_X2Y11          RAMS32                                       r  mem_inst/mem_reg_0_15_0_5/RAMD_D1/WE
  -------------------------------------------------------------------    -------------------

                         (clock write_clk_domain rise edge)
                                                     10.000    10.000 r  
    R16                                               0.000    10.000 r  wclk (IN)
                         net (fo=0)                   0.000    10.000    wclk
    R16                  IBUF (Prop_ibuf_I_O)         0.806    10.806 r  wclk_IBUF_inst/O
                         net (fo=1, routed)           1.868    12.674    wclk_IBUF
    BUFGCTRL_X0Y0        BUFG (Prop_bufg_I_O)         0.091    12.765 r  wclk_IBUF_BUFG_inst/O
                         net (fo=34, routed)          1.516    14.282    mem_inst/mem_reg_0_15_0_5/WCLK
    SLICE_X2Y11          RAMS32                                       r  mem_inst/mem_reg_0_15_0_5/RAMD_D1/CLK
                         clock pessimism              0.336    14.618    
                         clock uncertainty           -0.035    14.582    
    SLICE_X2Y11          RAMS32 (Setup_rams32_CLK_WE)
                                                     -0.533    14.049    mem_inst/mem_reg_0_15_0_5/RAMD_D1
  -------------------------------------------------------------------
                         required time                         14.049    
                         arrival time                          -6.554    
  -------------------------------------------------------------------
                         slack                                  7.495    

Slack (MET) :             7.556ns  (required time - arrival time)
  Source:                 wptr_full_inst/wfull_reg/C
                            (rising edge-triggered cell FDCE clocked by write_clk_domain  {rise@0.000ns fall@5.000ns period=10.000ns})
  Destination:            mem_inst/mem_reg_0_15_6_7/DP/WE
                            (rising edge-triggered cell RAMD32 clocked by write_clk_domain  {rise@0.000ns fall@5.000ns period=10.000ns})
  Path Group:             write_clk_domain
  Path Type:              Setup (Max at Slow Process Corner)
  Requirement:            10.000ns  (write_clk_domain rise@10.000ns - write_clk_domain rise@0.000ns)
  Data Path Delay:        1.851ns  (logic 0.580ns (31.334%)  route 1.271ns (68.666%))
  Logic Levels:           1  (LUT2=1)
  Clock Path Skew:        -0.025ns (DCD - SCD + CPR)
    Destination Clock Delay (DCD):    4.283ns = ( 14.283 - 10.000 ) 
    Source Clock Delay      (SCD):    4.644ns
    Clock Pessimism Removal (CPR):    0.336ns
  Clock Uncertainty:      0.035ns  ((TSJ^2 + TIJ^2)^1/2 + DJ) / 2 + PE
    Total System Jitter     (TSJ):    0.071ns
    Total Input Jitter      (TIJ):    0.000ns
    Discrete Jitter          (DJ):    0.000ns
    Phase Error              (PE):    0.000ns

    Location             Delay type                Incr(ns)  Path(ns)    Netlist Resource(s)
  -------------------------------------------------------------------    -------------------
                         (clock write_clk_domain rise edge)
                                                      0.000     0.000 r  
    R16                                               0.000     0.000 r  wclk (IN)
                         net (fo=0)                   0.000     0.000    wclk
    R16                  IBUF (Prop_ibuf_I_O)         0.940     0.940 r  wclk_IBUF_inst/O
                         net (fo=1, routed)           1.972     2.911    wclk_IBUF
    BUFGCTRL_X0Y0        BUFG (Prop_bufg_I_O)         0.096     3.007 r  wclk_IBUF_BUFG_inst/O
                         net (fo=34, routed)          1.636     4.644    wptr_full_inst/CLK
    SLICE_X3Y9           FDCE                                         r  wptr_full_inst/wfull_reg/C
  -------------------------------------------------------------------    -------------------
    SLICE_X3Y9           FDCE (Prop_fdce_C_Q)         0.456     5.100 f  wptr_full_inst/wfull_reg/Q
                         net (fo=10, routed)          0.692     5.792    wptr_full_inst/wfull_OBUF
    SLICE_X3Y10          LUT2 (Prop_lut2_I1_O)        0.124     5.916 r  wptr_full_inst/mem_reg_0_15_0_5_i_1/O
                         net (fo=12, routed)          0.579     6.495    mem_inst/mem_reg_0_15_6_7/WE
    SLICE_X2Y10          RAMD32                                       r  mem_inst/mem_reg_0_15_6_7/DP/WE
  -------------------------------------------------------------------    -------------------

                         (clock write_clk_domain rise edge)
                                                     10.000    10.000 r  
    R16                                               0.000    10.000 r  wclk (IN)
                         net (fo=0)                   0.000    10.000    wclk
    R16                  IBUF (Prop_ibuf_I_O)         0.806    10.806 r  wclk_IBUF_inst/O
                         net (fo=1, routed)           1.868    12.674    wclk_IBUF
    BUFGCTRL_X0Y0        BUFG (Prop_bufg_I_O)         0.091    12.765 r  wclk_IBUF_BUFG_inst/O
                         net (fo=34, routed)          1.517    14.283    mem_inst/mem_reg_0_15_6_7/WCLK
    SLICE_X2Y10          RAMD32                                       r  mem_inst/mem_reg_0_15_6_7/DP/CLK
                         clock pessimism              0.336    14.619    
                         clock uncertainty           -0.035    14.583    
    SLICE_X2Y10          RAMD32 (Setup_ramd32_CLK_WE)
                                                     -0.533    14.050    mem_inst/mem_reg_0_15_6_7/DP
  -------------------------------------------------------------------
                         required time                         14.050    
                         arrival time                          -6.495    
  -------------------------------------------------------------------
                         slack                                  7.556    





Min Delay Paths
--------------------------------------------------------------------------------------
Slack (MET) :             0.121ns  (arrival time - required time)
  Source:                 sync_r2w_inst/wq1_rptr_reg[4]/C
                            (rising edge-triggered cell FDCE clocked by write_clk_domain  {rise@0.000ns fall@5.000ns period=10.000ns})
  Destination:            sync_r2w_inst/wq2_rptr_int_reg[4]/D
                            (rising edge-triggered cell FDCE clocked by write_clk_domain  {rise@0.000ns fall@5.000ns period=10.000ns})
  Path Group:             write_clk_domain
  Path Type:              Hold (Min at Fast Process Corner)
  Requirement:            0.000ns  (write_clk_domain rise@0.000ns - write_clk_domain rise@0.000ns)
  Data Path Delay:        0.197ns  (logic 0.141ns (71.611%)  route 0.056ns (28.389%))
  Logic Levels:           0  
  Clock Path Skew:        0.000ns (DCD - SCD - CPR)
    Destination Clock Delay (DCD):    1.940ns
    Source Clock Delay      (SCD):    1.423ns
    Clock Pessimism Removal (CPR):    0.517ns

    Location             Delay type                Incr(ns)  Path(ns)    Netlist Resource(s)
  -------------------------------------------------------------------    -------------------
                         (clock write_clk_domain rise edge)
                                                      0.000     0.000 r  
    R16                                               0.000     0.000 r  wclk (IN)
                         net (fo=0)                   0.000     0.000    wclk
    R16                  IBUF (Prop_ibuf_I_O)         0.169     0.169 r  wclk_IBUF_inst/O
                         net (fo=1, routed)           0.634     0.803    wclk_IBUF
    BUFGCTRL_X0Y0        BUFG (Prop_bufg_I_O)         0.026     0.829 r  wclk_IBUF_BUFG_inst/O
                         net (fo=34, routed)          0.594     1.423    sync_r2w_inst/CLK
    SLICE_X1Y9           FDCE                                         r  sync_r2w_inst/wq1_rptr_reg[4]/C
  -------------------------------------------------------------------    -------------------
    SLICE_X1Y9           FDCE (Prop_fdce_C_Q)         0.141     1.564 r  sync_r2w_inst/wq1_rptr_reg[4]/Q
                         net (fo=1, routed)           0.056     1.619    sync_r2w_inst/wq1_rptr[4]
    SLICE_X1Y9           FDCE                                         r  sync_r2w_inst/wq2_rptr_int_reg[4]/D
  -------------------------------------------------------------------    -------------------

                         (clock write_clk_domain rise edge)
                                                      0.000     0.000 r  
    R16                                               0.000     0.000 r  wclk (IN)
                         net (fo=0)                   0.000     0.000    wclk
    R16                  IBUF (Prop_ibuf_I_O)         0.357     0.357 r  wclk_IBUF_inst/O
                         net (fo=1, routed)           0.689     1.046    wclk_IBUF
    BUFGCTRL_X0Y0        BUFG (Prop_bufg_I_O)         0.029     1.075 r  wclk_IBUF_BUFG_inst/O
                         net (fo=34, routed)          0.865     1.940    sync_r2w_inst/CLK
    SLICE_X1Y9           FDCE                                         r  sync_r2w_inst/wq2_rptr_int_reg[4]/C
                         clock pessimism             -0.517     1.423    
    SLICE_X1Y9           FDCE (Hold_fdce_C_D)         0.076     1.499    sync_r2w_inst/wq2_rptr_int_reg[4]
  -------------------------------------------------------------------
                         required time                         -1.499    
                         arrival time                           1.619    
  -------------------------------------------------------------------
                         slack                                  0.121    

Slack (MET) :             0.122ns  (arrival time - required time)
  Source:                 sync_r2w_inst/wq1_rptr_reg[0]/C
                            (rising edge-triggered cell FDCE clocked by write_clk_domain  {rise@0.000ns fall@5.000ns period=10.000ns})
  Destination:            sync_r2w_inst/wq2_rptr_int_reg[0]/D
                            (rising edge-triggered cell FDCE clocked by write_clk_domain  {rise@0.000ns fall@5.000ns period=10.000ns})
  Path Group:             write_clk_domain
  Path Type:              Hold (Min at Fast Process Corner)
  Requirement:            0.000ns  (write_clk_domain rise@0.000ns - write_clk_domain rise@0.000ns)
  Data Path Delay:        0.197ns  (logic 0.141ns (71.611%)  route 0.056ns (28.389%))
  Logic Levels:           0  
  Clock Path Skew:        0.000ns (DCD - SCD - CPR)
    Destination Clock Delay (DCD):    1.940ns
    Source Clock Delay      (SCD):    1.423ns
    Clock Pessimism Removal (CPR):    0.517ns

    Location             Delay type                Incr(ns)  Path(ns)    Netlist Resource(s)
  -------------------------------------------------------------------    -------------------
                         (clock write_clk_domain rise edge)
                                                      0.000     0.000 r  
    R16                                               0.000     0.000 r  wclk (IN)
                         net (fo=0)                   0.000     0.000    wclk
    R16                  IBUF (Prop_ibuf_I_O)         0.169     0.169 r  wclk_IBUF_inst/O
                         net (fo=1, routed)           0.634     0.803    wclk_IBUF
    BUFGCTRL_X0Y0        BUFG (Prop_bufg_I_O)         0.026     0.829 r  wclk_IBUF_BUFG_inst/O
                         net (fo=34, routed)          0.594     1.423    sync_r2w_inst/CLK
    SLICE_X1Y9           FDCE                                         r  sync_r2w_inst/wq1_rptr_reg[0]/C
  -------------------------------------------------------------------    -------------------
    SLICE_X1Y9           FDCE (Prop_fdce_C_Q)         0.141     1.564 r  sync_r2w_inst/wq1_rptr_reg[0]/Q
                         net (fo=1, routed)           0.056     1.619    sync_r2w_inst/wq1_rptr[0]
    SLICE_X1Y9           FDCE                                         r  sync_r2w_inst/wq2_rptr_int_reg[0]/D
  -------------------------------------------------------------------    -------------------

                         (clock write_clk_domain rise edge)
                                                      0.000     0.000 r  
    R16                                               0.000     0.000 r  wclk (IN)
                         net (fo=0)                   0.000     0.000    wclk
    R16                  IBUF (Prop_ibuf_I_O)         0.357     0.357 r  wclk_IBUF_inst/O
                         net (fo=1, routed)           0.689     1.046    wclk_IBUF
    BUFGCTRL_X0Y0        BUFG (Prop_bufg_I_O)         0.029     1.075 r  wclk_IBUF_BUFG_inst/O
                         net (fo=34, routed)          0.865     1.940    sync_r2w_inst/CLK
    SLICE_X1Y9           FDCE                                         r  sync_r2w_inst/wq2_rptr_int_reg[0]/C
                         clock pessimism             -0.517     1.423    
    SLICE_X1Y9           FDCE (Hold_fdce_C_D)         0.075     1.498    sync_r2w_inst/wq2_rptr_int_reg[0]
  -------------------------------------------------------------------
                         required time                         -1.498    
                         arrival time                           1.619    
  -------------------------------------------------------------------
                         slack                                  0.122    

Slack (MET) :             0.122ns  (arrival time - required time)
  Source:                 sync_r2w_inst/wq1_rptr_reg[1]/C
                            (rising edge-triggered cell FDCE clocked by write_clk_domain  {rise@0.000ns fall@5.000ns period=10.000ns})
  Destination:            sync_r2w_inst/wq2_rptr_int_reg[1]/D
                            (rising edge-triggered cell FDCE clocked by write_clk_domain  {rise@0.000ns fall@5.000ns period=10.000ns})
  Path Group:             write_clk_domain
  Path Type:              Hold (Min at Fast Process Corner)
  Requirement:            0.000ns  (write_clk_domain rise@0.000ns - write_clk_domain rise@0.000ns)
  Data Path Delay:        0.197ns  (logic 0.141ns (71.611%)  route 0.056ns (28.389%))
  Logic Levels:           0  
  Clock Path Skew:        0.000ns (DCD - SCD - CPR)
    Destination Clock Delay (DCD):    1.940ns
    Source Clock Delay      (SCD):    1.423ns
    Clock Pessimism Removal (CPR):    0.517ns

    Location             Delay type                Incr(ns)  Path(ns)    Netlist Resource(s)
  -------------------------------------------------------------------    -------------------
                         (clock write_clk_domain rise edge)
                                                      0.000     0.000 r  
    R16                                               0.000     0.000 r  wclk (IN)
                         net (fo=0)                   0.000     0.000    wclk
    R16                  IBUF (Prop_ibuf_I_O)         0.169     0.169 r  wclk_IBUF_inst/O
                         net (fo=1, routed)           0.634     0.803    wclk_IBUF
    BUFGCTRL_X0Y0        BUFG (Prop_bufg_I_O)         0.026     0.829 r  wclk_IBUF_BUFG_inst/O
                         net (fo=34, routed)          0.594     1.423    sync_r2w_inst/CLK
    SLICE_X1Y8           FDCE                                         r  sync_r2w_inst/wq1_rptr_reg[1]/C
  -------------------------------------------------------------------    -------------------
    SLICE_X1Y8           FDCE (Prop_fdce_C_Q)         0.141     1.564 r  sync_r2w_inst/wq1_rptr_reg[1]/Q
                         net (fo=1, routed)           0.056     1.619    sync_r2w_inst/wq1_rptr[1]
    SLICE_X1Y8           FDCE                                         r  sync_r2w_inst/wq2_rptr_int_reg[1]/D
  -------------------------------------------------------------------    -------------------

                         (clock write_clk_domain rise edge)
                                                      0.000     0.000 r  
    R16                                               0.000     0.000 r  wclk (IN)
                         net (fo=0)                   0.000     0.000    wclk
    R16                  IBUF (Prop_ibuf_I_O)         0.357     0.357 r  wclk_IBUF_inst/O
                         net (fo=1, routed)           0.689     1.046    wclk_IBUF
    BUFGCTRL_X0Y0        BUFG (Prop_bufg_I_O)         0.029     1.075 r  wclk_IBUF_BUFG_inst/O
                         net (fo=34, routed)          0.865     1.940    sync_r2w_inst/CLK
    SLICE_X1Y8           FDCE                                         r  sync_r2w_inst/wq2_rptr_int_reg[1]/C
                         clock pessimism             -0.517     1.423    
    SLICE_X1Y8           FDCE (Hold_fdce_C_D)         0.075     1.498    sync_r2w_inst/wq2_rptr_int_reg[1]
  -------------------------------------------------------------------
                         required time                         -1.498    
                         arrival time                           1.619    
  -------------------------------------------------------------------
                         slack                                  0.122    

Slack (MET) :             0.126ns  (arrival time - required time)
  Source:                 sync_r2w_inst/wq1_rptr_reg[2]/C
                            (rising edge-triggered cell FDCE clocked by write_clk_domain  {rise@0.000ns fall@5.000ns period=10.000ns})
  Destination:            sync_r2w_inst/wq2_rptr_int_reg[2]/D
                            (rising edge-triggered cell FDCE clocked by write_clk_domain  {rise@0.000ns fall@5.000ns period=10.000ns})
  Path Group:             write_clk_domain
  Path Type:              Hold (Min at Fast Process Corner)
  Requirement:            0.000ns  (write_clk_domain rise@0.000ns - write_clk_domain rise@0.000ns)
  Data Path Delay:        0.197ns  (logic 0.141ns (71.611%)  route 0.056ns (28.389%))
  Logic Levels:           0  
  Clock Path Skew:        0.000ns (DCD - SCD - CPR)
    Destination Clock Delay (DCD):    1.940ns
    Source Clock Delay      (SCD):    1.423ns
    Clock Pessimism Removal (CPR):    0.517ns

    Location             Delay type                Incr(ns)  Path(ns)    Netlist Resource(s)
  -------------------------------------------------------------------    -------------------
                         (clock write_clk_domain rise edge)
                                                      0.000     0.000 r  
    R16                                               0.000     0.000 r  wclk (IN)
                         net (fo=0)                   0.000     0.000    wclk
    R16                  IBUF (Prop_ibuf_I_O)         0.169     0.169 r  wclk_IBUF_inst/O
                         net (fo=1, routed)           0.634     0.803    wclk_IBUF
    BUFGCTRL_X0Y0        BUFG (Prop_bufg_I_O)         0.026     0.829 r  wclk_IBUF_BUFG_inst/O
                         net (fo=34, routed)          0.594     1.423    sync_r2w_inst/CLK
    SLICE_X1Y9           FDCE                                         r  sync_r2w_inst/wq1_rptr_reg[2]/C
  -------------------------------------------------------------------    -------------------
    SLICE_X1Y9           FDCE (Prop_fdce_C_Q)         0.141     1.564 r  sync_r2w_inst/wq1_rptr_reg[2]/Q
                         net (fo=1, routed)           0.056     1.619    sync_r2w_inst/wq1_rptr[2]
    SLICE_X1Y9           FDCE                                         r  sync_r2w_inst/wq2_rptr_int_reg[2]/D
  -------------------------------------------------------------------    -------------------

                         (clock write_clk_domain rise edge)
                                                      0.000     0.000 r  
    R16                                               0.000     0.000 r  wclk (IN)
                         net (fo=0)                   0.000     0.000    wclk
    R16                  IBUF (Prop_ibuf_I_O)         0.357     0.357 r  wclk_IBUF_inst/O
                         net (fo=1, routed)           0.689     1.046    wclk_IBUF
    BUFGCTRL_X0Y0        BUFG (Prop_bufg_I_O)         0.029     1.075 r  wclk_IBUF_BUFG_inst/O
                         net (fo=34, routed)          0.865     1.940    sync_r2w_inst/CLK
    SLICE_X1Y9           FDCE                                         r  sync_r2w_inst/wq2_rptr_int_reg[2]/C
                         clock pessimism             -0.517     1.423    
    SLICE_X1Y9           FDCE (Hold_fdce_C_D)         0.071     1.494    sync_r2w_inst/wq2_rptr_int_reg[2]
  -------------------------------------------------------------------
                         required time                         -1.494    
                         arrival time                           1.619    
  -------------------------------------------------------------------
                         slack                                  0.126    

Slack (MET) :             0.126ns  (arrival time - required time)
  Source:                 sync_r2w_inst/wq1_rptr_reg[3]/C
                            (rising edge-triggered cell FDCE clocked by write_clk_domain  {rise@0.000ns fall@5.000ns period=10.000ns})
  Destination:            sync_r2w_inst/wq2_rptr_int_reg[3]/D
                            (rising edge-triggered cell FDCE clocked by write_clk_domain  {rise@0.000ns fall@5.000ns period=10.000ns})
  Path Group:             write_clk_domain
  Path Type:              Hold (Min at Fast Process Corner)
  Requirement:            0.000ns  (write_clk_domain rise@0.000ns - write_clk_domain rise@0.000ns)
  Data Path Delay:        0.197ns  (logic 0.141ns (71.611%)  route 0.056ns (28.389%))
  Logic Levels:           0  
  Clock Path Skew:        0.000ns (DCD - SCD - CPR)
    Destination Clock Delay (DCD):    1.940ns
    Source Clock Delay      (SCD):    1.423ns
    Clock Pessimism Removal (CPR):    0.517ns

    Location             Delay type                Incr(ns)  Path(ns)    Netlist Resource(s)
  -------------------------------------------------------------------    -------------------
                         (clock write_clk_domain rise edge)
                                                      0.000     0.000 r  
    R16                                               0.000     0.000 r  wclk (IN)
                         net (fo=0)                   0.000     0.000    wclk
    R16                  IBUF (Prop_ibuf_I_O)         0.169     0.169 r  wclk_IBUF_inst/O
                         net (fo=1, routed)           0.634     0.803    wclk_IBUF
    BUFGCTRL_X0Y0        BUFG (Prop_bufg_I_O)         0.026     0.829 r  wclk_IBUF_BUFG_inst/O
                         net (fo=34, routed)          0.594     1.423    sync_r2w_inst/CLK
    SLICE_X1Y8           FDCE                                         r  sync_r2w_inst/wq1_rptr_reg[3]/C
  -------------------------------------------------------------------    -------------------
    SLICE_X1Y8           FDCE (Prop_fdce_C_Q)         0.141     1.564 r  sync_r2w_inst/wq1_rptr_reg[3]/Q
                         net (fo=1, routed)           0.056     1.619    sync_r2w_inst/wq1_rptr[3]
    SLICE_X1Y8           FDCE                                         r  sync_r2w_inst/wq2_rptr_int_reg[3]/D
  -------------------------------------------------------------------    -------------------

                         (clock write_clk_domain rise edge)
                                                      0.000     0.000 r  
    R16                                               0.000     0.000 r  wclk (IN)
                         net (fo=0)                   0.000     0.000    wclk
    R16                  IBUF (Prop_ibuf_I_O)         0.357     0.357 r  wclk_IBUF_inst/O
                         net (fo=1, routed)           0.689     1.046    wclk_IBUF
    BUFGCTRL_X0Y0        BUFG (Prop_bufg_I_O)         0.029     1.075 r  wclk_IBUF_BUFG_inst/O
                         net (fo=34, routed)          0.865     1.940    sync_r2w_inst/CLK
    SLICE_X1Y8           FDCE                                         r  sync_r2w_inst/wq2_rptr_int_reg[3]/C
                         clock pessimism             -0.517     1.423    
    SLICE_X1Y8           FDCE (Hold_fdce_C_D)         0.071     1.494    sync_r2w_inst/wq2_rptr_int_reg[3]
  -------------------------------------------------------------------
                         required time                         -1.494    
                         arrival time                           1.619    
  -------------------------------------------------------------------
                         slack                                  0.126    

Slack (MET) :             0.165ns  (arrival time - required time)
  Source:                 wptr_full_inst/wbin_reg[2]/C
                            (rising edge-triggered cell FDCE clocked by write_clk_domain  {rise@0.000ns fall@5.000ns period=10.000ns})
  Destination:            mem_inst/mem_reg_0_15_6_7/DP/WADR2
                            (rising edge-triggered cell RAMD32 clocked by write_clk_domain  {rise@0.000ns fall@5.000ns period=10.000ns})
  Path Group:             write_clk_domain
  Path Type:              Hold (Min at Fast Process Corner)
  Requirement:            0.000ns  (write_clk_domain rise@0.000ns - write_clk_domain rise@0.000ns)
  Data Path Delay:        0.457ns  (logic 0.141ns (30.855%)  route 0.316ns (69.145%))
  Logic Levels:           0  
  Clock Path Skew:        0.038ns (DCD - SCD - CPR)
    Destination Clock Delay (DCD):    1.939ns
    Source Clock Delay      (SCD):    1.421ns
    Clock Pessimism Removal (CPR):    0.480ns

    Location             Delay type                Incr(ns)  Path(ns)    Netlist Resource(s)
  -------------------------------------------------------------------    -------------------
                         (clock write_clk_domain rise edge)
                                                      0.000     0.000 r  
    R16                                               0.000     0.000 r  wclk (IN)
                         net (fo=0)                   0.000     0.000    wclk
    R16                  IBUF (Prop_ibuf_I_O)         0.169     0.169 r  wclk_IBUF_inst/O
                         net (fo=1, routed)           0.634     0.803    wclk_IBUF
    BUFGCTRL_X0Y0        BUFG (Prop_bufg_I_O)         0.026     0.829 r  wclk_IBUF_BUFG_inst/O
                         net (fo=34, routed)          0.592     1.421    wptr_full_inst/CLK
    SLICE_X4Y9           FDCE                                         r  wptr_full_inst/wbin_reg[2]/C
  -------------------------------------------------------------------    -------------------
    SLICE_X4Y9           FDCE (Prop_fdce_C_Q)         0.141     1.562 r  wptr_full_inst/wbin_reg[2]/Q
                         net (fo=22, routed)          0.316     1.878    mem_inst/mem_reg_0_15_6_7/A2
    SLICE_X2Y10          RAMD32                                       r  mem_inst/mem_reg_0_15_6_7/DP/WADR2
  -------------------------------------------------------------------    -------------------

                         (clock write_clk_domain rise edge)
                                                      0.000     0.000 r  
    R16                                               0.000     0.000 r  wclk (IN)
                         net (fo=0)                   0.000     0.000    wclk
    R16                  IBUF (Prop_ibuf_I_O)         0.357     0.357 r  wclk_IBUF_inst/O
                         net (fo=1, routed)           0.689     1.046    wclk_IBUF
    BUFGCTRL_X0Y0        BUFG (Prop_bufg_I_O)         0.029     1.075 r  wclk_IBUF_BUFG_inst/O
                         net (fo=34, routed)          0.864     1.939    mem_inst/mem_reg_0_15_6_7/WCLK
    SLICE_X2Y10          RAMD32                                       r  mem_inst/mem_reg_0_15_6_7/DP/CLK
                         clock pessimism             -0.480     1.459    
    SLICE_X2Y10          RAMD32 (Hold_ramd32_CLK_WADR2)
                                                      0.254     1.713    mem_inst/mem_reg_0_15_6_7/DP
  -------------------------------------------------------------------
                         required time                         -1.713    
                         arrival time                           1.878    
  -------------------------------------------------------------------
                         slack                                  0.165    

Slack (MET) :             0.165ns  (arrival time - required time)
  Source:                 wptr_full_inst/wbin_reg[2]/C
                            (rising edge-triggered cell FDCE clocked by write_clk_domain  {rise@0.000ns fall@5.000ns period=10.000ns})
  Destination:            mem_inst/mem_reg_0_15_6_7/SP/WADR2
                            (rising edge-triggered cell RAMD32 clocked by write_clk_domain  {rise@0.000ns fall@5.000ns period=10.000ns})
  Path Group:             write_clk_domain
  Path Type:              Hold (Min at Fast Process Corner)
  Requirement:            0.000ns  (write_clk_domain rise@0.000ns - write_clk_domain rise@0.000ns)
  Data Path Delay:        0.457ns  (logic 0.141ns (30.855%)  route 0.316ns (69.145%))
  Logic Levels:           0  
  Clock Path Skew:        0.038ns (DCD - SCD - CPR)
    Destination Clock Delay (DCD):    1.939ns
    Source Clock Delay      (SCD):    1.421ns
    Clock Pessimism Removal (CPR):    0.480ns

    Location             Delay type                Incr(ns)  Path(ns)    Netlist Resource(s)
  -------------------------------------------------------------------    -------------------
                         (clock write_clk_domain rise edge)
                                                      0.000     0.000 r  
    R16                                               0.000     0.000 r  wclk (IN)
                         net (fo=0)                   0.000     0.000    wclk
    R16                  IBUF (Prop_ibuf_I_O)         0.169     0.169 r  wclk_IBUF_inst/O
                         net (fo=1, routed)           0.634     0.803    wclk_IBUF
    BUFGCTRL_X0Y0        BUFG (Prop_bufg_I_O)         0.026     0.829 r  wclk_IBUF_BUFG_inst/O
                         net (fo=34, routed)          0.592     1.421    wptr_full_inst/CLK
    SLICE_X4Y9           FDCE                                         r  wptr_full_inst/wbin_reg[2]/C
  -------------------------------------------------------------------    -------------------
    SLICE_X4Y9           FDCE (Prop_fdce_C_Q)         0.141     1.562 r  wptr_full_inst/wbin_reg[2]/Q
                         net (fo=22, routed)          0.316     1.878    mem_inst/mem_reg_0_15_6_7/A2
    SLICE_X2Y10          RAMD32                                       r  mem_inst/mem_reg_0_15_6_7/SP/WADR2
  -------------------------------------------------------------------    -------------------

                         (clock write_clk_domain rise edge)
                                                      0.000     0.000 r  
    R16                                               0.000     0.000 r  wclk (IN)
                         net (fo=0)                   0.000     0.000    wclk
    R16                  IBUF (Prop_ibuf_I_O)         0.357     0.357 r  wclk_IBUF_inst/O
                         net (fo=1, routed)           0.689     1.046    wclk_IBUF
    BUFGCTRL_X0Y0        BUFG (Prop_bufg_I_O)         0.029     1.075 r  wclk_IBUF_BUFG_inst/O
                         net (fo=34, routed)          0.864     1.939    mem_inst/mem_reg_0_15_6_7/WCLK
    SLICE_X2Y10          RAMD32                                       r  mem_inst/mem_reg_0_15_6_7/SP/CLK
                         clock pessimism             -0.480     1.459    
    SLICE_X2Y10          RAMD32 (Hold_ramd32_CLK_WADR2)
                                                      0.254     1.713    mem_inst/mem_reg_0_15_6_7/SP
  -------------------------------------------------------------------
                         required time                         -1.713    
                         arrival time                           1.878    
  -------------------------------------------------------------------
                         slack                                  0.165    

Slack (MET) :             0.165ns  (arrival time - required time)
  Source:                 wptr_full_inst/wbin_reg[2]/C
                            (rising edge-triggered cell FDCE clocked by write_clk_domain  {rise@0.000ns fall@5.000ns period=10.000ns})
  Destination:            mem_inst/mem_reg_0_15_6_7__0/DP/WADR2
                            (rising edge-triggered cell RAMD32 clocked by write_clk_domain  {rise@0.000ns fall@5.000ns period=10.000ns})
  Path Group:             write_clk_domain
  Path Type:              Hold (Min at Fast Process Corner)
  Requirement:            0.000ns  (write_clk_domain rise@0.000ns - write_clk_domain rise@0.000ns)
  Data Path Delay:        0.457ns  (logic 0.141ns (30.855%)  route 0.316ns (69.145%))
  Logic Levels:           0  
  Clock Path Skew:        0.038ns (DCD - SCD - CPR)
    Destination Clock Delay (DCD):    1.939ns
    Source Clock Delay      (SCD):    1.421ns
    Clock Pessimism Removal (CPR):    0.480ns

    Location             Delay type                Incr(ns)  Path(ns)    Netlist Resource(s)
  -------------------------------------------------------------------    -------------------
                         (clock write_clk_domain rise edge)
                                                      0.000     0.000 r  
    R16                                               0.000     0.000 r  wclk (IN)
                         net (fo=0)                   0.000     0.000    wclk
    R16                  IBUF (Prop_ibuf_I_O)         0.169     0.169 r  wclk_IBUF_inst/O
                         net (fo=1, routed)           0.634     0.803    wclk_IBUF
    BUFGCTRL_X0Y0        BUFG (Prop_bufg_I_O)         0.026     0.829 r  wclk_IBUF_BUFG_inst/O
                         net (fo=34, routed)          0.592     1.421    wptr_full_inst/CLK
    SLICE_X4Y9           FDCE                                         r  wptr_full_inst/wbin_reg[2]/C
  -------------------------------------------------------------------    -------------------
    SLICE_X4Y9           FDCE (Prop_fdce_C_Q)         0.141     1.562 r  wptr_full_inst/wbin_reg[2]/Q
                         net (fo=22, routed)          0.316     1.878    mem_inst/mem_reg_0_15_6_7__0/A2
    SLICE_X2Y10          RAMD32                                       r  mem_inst/mem_reg_0_15_6_7__0/DP/WADR2
  -------------------------------------------------------------------    -------------------

                         (clock write_clk_domain rise edge)
                                                      0.000     0.000 r  
    R16                                               0.000     0.000 r  wclk (IN)
                         net (fo=0)                   0.000     0.000    wclk
    R16                  IBUF (Prop_ibuf_I_O)         0.357     0.357 r  wclk_IBUF_inst/O
                         net (fo=1, routed)           0.689     1.046    wclk_IBUF
    BUFGCTRL_X0Y0        BUFG (Prop_bufg_I_O)         0.029     1.075 r  wclk_IBUF_BUFG_inst/O
                         net (fo=34, routed)          0.864     1.939    mem_inst/mem_reg_0_15_6_7__0/WCLK
    SLICE_X2Y10          RAMD32                                       r  mem_inst/mem_reg_0_15_6_7__0/DP/CLK
                         clock pessimism             -0.480     1.459    
    SLICE_X2Y10          RAMD32 (Hold_ramd32_CLK_WADR2)
                                                      0.254     1.713    mem_inst/mem_reg_0_15_6_7__0/DP
  -------------------------------------------------------------------
                         required time                         -1.713    
                         arrival time                           1.878    
  -------------------------------------------------------------------
                         slack                                  0.165    

Slack (MET) :             0.165ns  (arrival time - required time)
  Source:                 wptr_full_inst/wbin_reg[2]/C
                            (rising edge-triggered cell FDCE clocked by write_clk_domain  {rise@0.000ns fall@5.000ns period=10.000ns})
  Destination:            mem_inst/mem_reg_0_15_6_7__0/SP/WADR2
                            (rising edge-triggered cell RAMD32 clocked by write_clk_domain  {rise@0.000ns fall@5.000ns period=10.000ns})
  Path Group:             write_clk_domain
  Path Type:              Hold (Min at Fast Process Corner)
  Requirement:            0.000ns  (write_clk_domain rise@0.000ns - write_clk_domain rise@0.000ns)
  Data Path Delay:        0.457ns  (logic 0.141ns (30.855%)  route 0.316ns (69.145%))
  Logic Levels:           0  
  Clock Path Skew:        0.038ns (DCD - SCD - CPR)
    Destination Clock Delay (DCD):    1.939ns
    Source Clock Delay      (SCD):    1.421ns
    Clock Pessimism Removal (CPR):    0.480ns

    Location             Delay type                Incr(ns)  Path(ns)    Netlist Resource(s)
  -------------------------------------------------------------------    -------------------
                         (clock write_clk_domain rise edge)
                                                      0.000     0.000 r  
    R16                                               0.000     0.000 r  wclk (IN)
                         net (fo=0)                   0.000     0.000    wclk
    R16                  IBUF (Prop_ibuf_I_O)         0.169     0.169 r  wclk_IBUF_inst/O
                         net (fo=1, routed)           0.634     0.803    wclk_IBUF
    BUFGCTRL_X0Y0        BUFG (Prop_bufg_I_O)         0.026     0.829 r  wclk_IBUF_BUFG_inst/O
                         net (fo=34, routed)          0.592     1.421    wptr_full_inst/CLK
    SLICE_X4Y9           FDCE                                         r  wptr_full_inst/wbin_reg[2]/C
  -------------------------------------------------------------------    -------------------
    SLICE_X4Y9           FDCE (Prop_fdce_C_Q)         0.141     1.562 r  wptr_full_inst/wbin_reg[2]/Q
                         net (fo=22, routed)          0.316     1.878    mem_inst/mem_reg_0_15_6_7__0/A2
    SLICE_X2Y10          RAMD32                                       r  mem_inst/mem_reg_0_15_6_7__0/SP/WADR2
  -------------------------------------------------------------------    -------------------

                         (clock write_clk_domain rise edge)
                                                      0.000     0.000 r  
    R16                                               0.000     0.000 r  wclk (IN)
                         net (fo=0)                   0.000     0.000    wclk
    R16                  IBUF (Prop_ibuf_I_O)         0.357     0.357 r  wclk_IBUF_inst/O
                         net (fo=1, routed)           0.689     1.046    wclk_IBUF
    BUFGCTRL_X0Y0        BUFG (Prop_bufg_I_O)         0.029     1.075 r  wclk_IBUF_BUFG_inst/O
                         net (fo=34, routed)          0.864     1.939    mem_inst/mem_reg_0_15_6_7__0/WCLK
    SLICE_X2Y10          RAMD32                                       r  mem_inst/mem_reg_0_15_6_7__0/SP/CLK
                         clock pessimism             -0.480     1.459    
    SLICE_X2Y10          RAMD32 (Hold_ramd32_CLK_WADR2)
                                                      0.254     1.713    mem_inst/mem_reg_0_15_6_7__0/SP
  -------------------------------------------------------------------
                         required time                         -1.713    
                         arrival time                           1.878    
  -------------------------------------------------------------------
                         slack                                  0.165    

Slack (MET) :             0.183ns  (arrival time - required time)
  Source:                 wptr_full_inst/wbin_reg[3]/C
                            (rising edge-triggered cell FDCE clocked by write_clk_domain  {rise@0.000ns fall@5.000ns period=10.000ns})
  Destination:            mem_inst/mem_reg_0_15_6_7/DP/WADR3
                            (rising edge-triggered cell RAMD32 clocked by write_clk_domain  {rise@0.000ns fall@5.000ns period=10.000ns})
  Path Group:             write_clk_domain
  Path Type:              Hold (Min at Fast Process Corner)
  Requirement:            0.000ns  (write_clk_domain rise@0.000ns - write_clk_domain rise@0.000ns)
  Data Path Delay:        0.385ns  (logic 0.128ns (33.263%)  route 0.257ns (66.737%))
  Logic Levels:           0  
  Clock Path Skew:        0.015ns (DCD - SCD - CPR)
    Destination Clock Delay (DCD):    1.939ns
    Source Clock Delay      (SCD):    1.423ns
    Clock Pessimism Removal (CPR):    0.501ns

    Location             Delay type                Incr(ns)  Path(ns)    Netlist Resource(s)
  -------------------------------------------------------------------    -------------------
                         (clock write_clk_domain rise edge)
                                                      0.000     0.000 r  
    R16                                               0.000     0.000 r  wclk (IN)
                         net (fo=0)                   0.000     0.000    wclk
    R16                  IBUF (Prop_ibuf_I_O)         0.169     0.169 r  wclk_IBUF_inst/O
                         net (fo=1, routed)           0.634     0.803    wclk_IBUF
    BUFGCTRL_X0Y0        BUFG (Prop_bufg_I_O)         0.026     0.829 r  wclk_IBUF_BUFG_inst/O
                         net (fo=34, routed)          0.594     1.423    wptr_full_inst/CLK
    SLICE_X3Y9           FDCE                                         r  wptr_full_inst/wbin_reg[3]/C
  -------------------------------------------------------------------    -------------------
    SLICE_X3Y9           FDCE (Prop_fdce_C_Q)         0.128     1.551 r  wptr_full_inst/wbin_reg[3]/Q
                         net (fo=19, routed)          0.257     1.807    mem_inst/mem_reg_0_15_6_7/A3
    SLICE_X2Y10          RAMD32                                       r  mem_inst/mem_reg_0_15_6_7/DP/WADR3
  -------------------------------------------------------------------    -------------------

                         (clock write_clk_domain rise edge)
                                                      0.000     0.000 r  
    R16                                               0.000     0.000 r  wclk (IN)
                         net (fo=0)                   0.000     0.000    wclk
    R16                  IBUF (Prop_ibuf_I_O)         0.357     0.357 r  wclk_IBUF_inst/O
                         net (fo=1, routed)           0.689     1.046    wclk_IBUF
    BUFGCTRL_X0Y0        BUFG (Prop_bufg_I_O)         0.029     1.075 r  wclk_IBUF_BUFG_inst/O
                         net (fo=34, routed)          0.864     1.939    mem_inst/mem_reg_0_15_6_7/WCLK
    SLICE_X2Y10          RAMD32                                       r  mem_inst/mem_reg_0_15_6_7/DP/CLK
                         clock pessimism             -0.501     1.438    
    SLICE_X2Y10          RAMD32 (Hold_ramd32_CLK_WADR3)
                                                      0.187     1.625    mem_inst/mem_reg_0_15_6_7/DP
  -------------------------------------------------------------------
                         required time                         -1.625    
                         arrival time                           1.807    
  -------------------------------------------------------------------
                         slack                                  0.183    





Pulse Width Checks
--------------------------------------------------------------------------------------
Clock Name:         write_clk_domain
Waveform(ns):       { 0.000 5.000 }
Period(ns):         10.000
Sources:            { wclk }

Check Type        Corner  Lib Pin     Reference Pin  Required(ns)  Actual(ns)  Slack(ns)  Location       Pin
Min Period        n/a     BUFG/I      n/a            2.155         10.000      7.845      BUFGCTRL_X0Y0  wclk_IBUF_BUFG_inst/I
Min Period        n/a     FDCE/C      n/a            1.000         10.000      9.000      SLICE_X1Y9     sync_r2w_inst/wq1_rptr_reg[0]/C
Min Period        n/a     FDCE/C      n/a            1.000         10.000      9.000      SLICE_X1Y8     sync_r2w_inst/wq1_rptr_reg[1]/C
Min Period        n/a     FDCE/C      n/a            1.000         10.000      9.000      SLICE_X1Y9     sync_r2w_inst/wq1_rptr_reg[2]/C
Min Period        n/a     FDCE/C      n/a            1.000         10.000      9.000      SLICE_X1Y8     sync_r2w_inst/wq1_rptr_reg[3]/C
Min Period        n/a     FDCE/C      n/a            1.000         10.000      9.000      SLICE_X1Y9     sync_r2w_inst/wq1_rptr_reg[4]/C
Min Period        n/a     FDCE/C      n/a            1.000         10.000      9.000      SLICE_X1Y9     sync_r2w_inst/wq2_rptr_int_reg[0]/C
Min Period        n/a     FDCE/C      n/a            1.000         10.000      9.000      SLICE_X1Y8     sync_r2w_inst/wq2_rptr_int_reg[1]/C
Min Period        n/a     FDCE/C      n/a            1.000         10.000      9.000      SLICE_X1Y9     sync_r2w_inst/wq2_rptr_int_reg[2]/C
Min Period        n/a     FDCE/C      n/a            1.000         10.000      9.000      SLICE_X1Y8     sync_r2w_inst/wq2_rptr_int_reg[3]/C
Low Pulse Width   Slow    RAMD32/CLK  n/a            1.250         5.000       3.750      SLICE_X2Y11    mem_inst/mem_reg_0_15_0_5/RAMA/CLK
Low Pulse Width   Fast    RAMD32/CLK  n/a            1.250         5.000       3.750      SLICE_X2Y11    mem_inst/mem_reg_0_15_0_5/RAMA/CLK
Low Pulse Width   Slow    RAMD32/CLK  n/a            1.250         5.000       3.750      SLICE_X2Y11    mem_inst/mem_reg_0_15_0_5/RAMA_D1/CLK
Low Pulse Width   Fast    RAMD32/CLK  n/a            1.250         5.000       3.750      SLICE_X2Y11    mem_inst/mem_reg_0_15_0_5/RAMA_D1/CLK
Low Pulse Width   Slow    RAMD32/CLK  n/a            1.250         5.000       3.750      SLICE_X2Y11    mem_inst/mem_reg_0_15_0_5/RAMB/CLK
Low Pulse Width   Fast    RAMD32/CLK  n/a            1.250         5.000       3.750      SLICE_X2Y11    mem_inst/mem_reg_0_15_0_5/RAMB/CLK
Low Pulse Width   Slow    RAMD32/CLK  n/a            1.250         5.000       3.750      SLICE_X2Y11    mem_inst/mem_reg_0_15_0_5/RAMB_D1/CLK
Low Pulse Width   Fast    RAMD32/CLK  n/a            1.250         5.000       3.750      SLICE_X2Y11    mem_inst/mem_reg_0_15_0_5/RAMB_D1/CLK
Low Pulse Width   Slow    RAMD32/CLK  n/a            1.250         5.000       3.750      SLICE_X2Y11    mem_inst/mem_reg_0_15_0_5/RAMC/CLK
Low Pulse Width   Fast    RAMD32/CLK  n/a            1.250         5.000       3.750      SLICE_X2Y11    mem_inst/mem_reg_0_15_0_5/RAMC/CLK
High Pulse Width  Slow    RAMD32/CLK  n/a            1.250         5.000       3.750      SLICE_X2Y11    mem_inst/mem_reg_0_15_0_5/RAMA/CLK
High Pulse Width  Fast    RAMD32/CLK  n/a            1.250         5.000       3.750      SLICE_X2Y11    mem_inst/mem_reg_0_15_0_5/RAMA/CLK
High Pulse Width  Slow    RAMD32/CLK  n/a            1.250         5.000       3.750      SLICE_X2Y11    mem_inst/mem_reg_0_15_0_5/RAMA_D1/CLK
High Pulse Width  Fast    RAMD32/CLK  n/a            1.250         5.000       3.750      SLICE_X2Y11    mem_inst/mem_reg_0_15_0_5/RAMA_D1/CLK
High Pulse Width  Slow    RAMD32/CLK  n/a            1.250         5.000       3.750      SLICE_X2Y11    mem_inst/mem_reg_0_15_0_5/RAMB/CLK
High Pulse Width  Fast    RAMD32/CLK  n/a            1.250         5.000       3.750      SLICE_X2Y11    mem_inst/mem_reg_0_15_0_5/RAMB/CLK
High Pulse Width  Slow    RAMD32/CLK  n/a            1.250         5.000       3.750      SLICE_X2Y11    mem_inst/mem_reg_0_15_0_5/RAMB_D1/CLK
High Pulse Width  Fast    RAMD32/CLK  n/a            1.250         5.000       3.750      SLICE_X2Y11    mem_inst/mem_reg_0_15_0_5/RAMB_D1/CLK
High Pulse Width  Slow    RAMD32/CLK  n/a            1.250         5.000       3.750      SLICE_X2Y11    mem_inst/mem_reg_0_15_0_5/RAMC/CLK
High Pulse Width  Fast    RAMD32/CLK  n/a            1.250         5.000       3.750      SLICE_X2Y11    mem_inst/mem_reg_0_15_0_5/RAMC/CLK



---------------------------------------------------------------------------------------------------
Path Group:  **async_default**
From Clock:  read_clk_domain
  To Clock:  read_clk_domain

Setup :            0  Failing Endpoints,  Worst Slack       22.164ns,  Total Violation        0.000ns
Hold  :            0  Failing Endpoints,  Worst Slack        0.741ns,  Total Violation        0.000ns
---------------------------------------------------------------------------------------------------


Max Delay Paths
--------------------------------------------------------------------------------------
Slack (MET) :             22.164ns  (required time - arrival time)
  Source:                 rrst_sync_inst/sync_rst_n_reg/C
                            (rising edge-triggered cell FDCE clocked by read_clk_domain  {rise@0.000ns fall@12.500ns period=25.000ns})
  Destination:            rptr_empty_inst/rptr_reg[0]/CLR
                            (recovery check against rising-edge clock read_clk_domain  {rise@0.000ns fall@12.500ns period=25.000ns})
  Path Group:             **async_default**
  Path Type:              Recovery (Max at Slow Process Corner)
  Requirement:            25.000ns  (read_clk_domain rise@25.000ns - read_clk_domain rise@0.000ns)
  Data Path Delay:        2.414ns  (logic 0.718ns (29.744%)  route 1.696ns (70.256%))
  Logic Levels:           1  (LUT1=1)
  Clock Path Skew:        -0.026ns (DCD - SCD + CPR)
    Destination Clock Delay (DCD):    4.280ns = ( 29.280 - 25.000 ) 
    Source Clock Delay      (SCD):    4.642ns
    Clock Pessimism Removal (CPR):    0.336ns
  Clock Uncertainty:      0.035ns  ((TSJ^2 + TIJ^2)^1/2 + DJ) / 2 + PE
    Total System Jitter     (TSJ):    0.071ns
    Total Input Jitter      (TIJ):    0.000ns
    Discrete Jitter          (DJ):    0.000ns
    Phase Error              (PE):    0.000ns

    Location             Delay type                Incr(ns)  Path(ns)    Netlist Resource(s)
  -------------------------------------------------------------------    -------------------
                         (clock read_clk_domain rise edge)
                                                      0.000     0.000 r  
    P14                                               0.000     0.000 r  rclk (IN)
                         net (fo=0)                   0.000     0.000    rclk
    P14                  IBUF (Prop_ibuf_I_O)         0.937     0.937 r  rclk_IBUF_inst/O
                         net (fo=1, routed)           1.972     2.909    rclk_IBUF
    BUFGCTRL_X0Y1        BUFG (Prop_bufg_I_O)         0.096     3.005 r  rclk_IBUF_BUFG_inst/O
                         net (fo=30, routed)          1.637     4.642    rrst_sync_inst/CLK
    SLICE_X3Y8           FDCE                                         r  rrst_sync_inst/sync_rst_n_reg/C
  -------------------------------------------------------------------    -------------------
    SLICE_X3Y8           FDCE (Prop_fdce_C_Q)         0.419     5.061 r  rrst_sync_inst/sync_rst_n_reg/Q
                         net (fo=1, routed)           0.881     5.943    rrst_sync_inst/sync_rst_n_reg_n_0
    SLICE_X2Y8           LUT1 (Prop_lut1_I0_O)        0.299     6.242 f  rrst_sync_inst/rptr[3]_i_2/O
                         net (fo=10, routed)          0.815     7.056    rptr_empty_inst/rempty_reg_0
    SLICE_X2Y9           FDCE                                         f  rptr_empty_inst/rptr_reg[0]/CLR
  -------------------------------------------------------------------    -------------------

                         (clock read_clk_domain rise edge)
                                                     25.000    25.000 r  
    P14                                               0.000    25.000 r  rclk (IN)
                         net (fo=0)                   0.000    25.000    rclk
    P14                  IBUF (Prop_ibuf_I_O)         0.804    25.804 r  rclk_IBUF_inst/O
                         net (fo=1, routed)           1.868    27.672    rclk_IBUF
    BUFGCTRL_X0Y1        BUFG (Prop_bufg_I_O)         0.091    27.763 r  rclk_IBUF_BUFG_inst/O
                         net (fo=30, routed)          1.517    29.280    rptr_empty_inst/CLK
    SLICE_X2Y9           FDCE                                         r  rptr_empty_inst/rptr_reg[0]/C
                         clock pessimism              0.336    29.616    
                         clock uncertainty           -0.035    29.581    
    SLICE_X2Y9           FDCE (Recov_fdce_C_CLR)     -0.361    29.220    rptr_empty_inst/rptr_reg[0]
  -------------------------------------------------------------------
                         required time                         29.220    
                         arrival time                          -7.056    
  -------------------------------------------------------------------
                         slack                                 22.164    

Slack (MET) :             22.206ns  (required time - arrival time)
  Source:                 rrst_sync_inst/sync_rst_n_reg/C
                            (rising edge-triggered cell FDCE clocked by read_clk_domain  {rise@0.000ns fall@12.500ns period=25.000ns})
  Destination:            rptr_empty_inst/rbin_reg[3]/CLR
                            (recovery check against rising-edge clock read_clk_domain  {rise@0.000ns fall@12.500ns period=25.000ns})
  Path Group:             **async_default**
  Path Type:              Recovery (Max at Slow Process Corner)
  Requirement:            25.000ns  (read_clk_domain rise@25.000ns - read_clk_domain rise@0.000ns)
  Data Path Delay:        2.414ns  (logic 0.718ns (29.744%)  route 1.696ns (70.256%))
  Logic Levels:           1  (LUT1=1)
  Clock Path Skew:        -0.026ns (DCD - SCD + CPR)
    Destination Clock Delay (DCD):    4.280ns = ( 29.280 - 25.000 ) 
    Source Clock Delay      (SCD):    4.642ns
    Clock Pessimism Removal (CPR):    0.336ns
  Clock Uncertainty:      0.035ns  ((TSJ^2 + TIJ^2)^1/2 + DJ) / 2 + PE
    Total System Jitter     (TSJ):    0.071ns
    Total Input Jitter      (TIJ):    0.000ns
    Discrete Jitter          (DJ):    0.000ns
    Phase Error              (PE):    0.000ns

    Location             Delay type                Incr(ns)  Path(ns)    Netlist Resource(s)
  -------------------------------------------------------------------    -------------------
                         (clock read_clk_domain rise edge)
                                                      0.000     0.000 r  
    P14                                               0.000     0.000 r  rclk (IN)
                         net (fo=0)                   0.000     0.000    rclk
    P14                  IBUF (Prop_ibuf_I_O)         0.937     0.937 r  rclk_IBUF_inst/O
                         net (fo=1, routed)           1.972     2.909    rclk_IBUF
    BUFGCTRL_X0Y1        BUFG (Prop_bufg_I_O)         0.096     3.005 r  rclk_IBUF_BUFG_inst/O
                         net (fo=30, routed)          1.637     4.642    rrst_sync_inst/CLK
    SLICE_X3Y8           FDCE                                         r  rrst_sync_inst/sync_rst_n_reg/C
  -------------------------------------------------------------------    -------------------
    SLICE_X3Y8           FDCE (Prop_fdce_C_Q)         0.419     5.061 r  rrst_sync_inst/sync_rst_n_reg/Q
                         net (fo=1, routed)           0.881     5.943    rrst_sync_inst/sync_rst_n_reg_n_0
    SLICE_X2Y8           LUT1 (Prop_lut1_I0_O)        0.299     6.242 f  rrst_sync_inst/rptr[3]_i_2/O
                         net (fo=10, routed)          0.815     7.056    rptr_empty_inst/rempty_reg_0
    SLICE_X2Y9           FDCE                                         f  rptr_empty_inst/rbin_reg[3]/CLR
  -------------------------------------------------------------------    -------------------

                         (clock read_clk_domain rise edge)
                                                     25.000    25.000 r  
    P14                                               0.000    25.000 r  rclk (IN)
                         net (fo=0)                   0.000    25.000    rclk
    P14                  IBUF (Prop_ibuf_I_O)         0.804    25.804 r  rclk_IBUF_inst/O
                         net (fo=1, routed)           1.868    27.672    rclk_IBUF
    BUFGCTRL_X0Y1        BUFG (Prop_bufg_I_O)         0.091    27.763 r  rclk_IBUF_BUFG_inst/O
                         net (fo=30, routed)          1.517    29.280    rptr_empty_inst/CLK
    SLICE_X2Y9           FDCE                                         r  rptr_empty_inst/rbin_reg[3]/C
                         clock pessimism              0.336    29.616    
                         clock uncertainty           -0.035    29.581    
    SLICE_X2Y9           FDCE (Recov_fdce_C_CLR)     -0.319    29.262    rptr_empty_inst/rbin_reg[3]
  -------------------------------------------------------------------
                         required time                         29.262    
                         arrival time                          -7.056    
  -------------------------------------------------------------------
                         slack                                 22.206    

Slack (MET) :             22.206ns  (required time - arrival time)
  Source:                 rrst_sync_inst/sync_rst_n_reg/C
                            (rising edge-triggered cell FDCE clocked by read_clk_domain  {rise@0.000ns fall@12.500ns period=25.000ns})
  Destination:            rptr_empty_inst/rptr_reg[2]/CLR
                            (recovery check against rising-edge clock read_clk_domain  {rise@0.000ns fall@12.500ns period=25.000ns})
  Path Group:             **async_default**
  Path Type:              Recovery (Max at Slow Process Corner)
  Requirement:            25.000ns  (read_clk_domain rise@25.000ns - read_clk_domain rise@0.000ns)
  Data Path Delay:        2.414ns  (logic 0.718ns (29.744%)  route 1.696ns (70.256%))
  Logic Levels:           1  (LUT1=1)
  Clock Path Skew:        -0.026ns (DCD - SCD + CPR)
    Destination Clock Delay (DCD):    4.280ns = ( 29.280 - 25.000 ) 
    Source Clock Delay      (SCD):    4.642ns
    Clock Pessimism Removal (CPR):    0.336ns
  Clock Uncertainty:      0.035ns  ((TSJ^2 + TIJ^2)^1/2 + DJ) / 2 + PE
    Total System Jitter     (TSJ):    0.071ns
    Total Input Jitter      (TIJ):    0.000ns
    Discrete Jitter          (DJ):    0.000ns
    Phase Error              (PE):    0.000ns

    Location             Delay type                Incr(ns)  Path(ns)    Netlist Resource(s)
  -------------------------------------------------------------------    -------------------
                         (clock read_clk_domain rise edge)
                                                      0.000     0.000 r  
    P14                                               0.000     0.000 r  rclk (IN)
                         net (fo=0)                   0.000     0.000    rclk
    P14                  IBUF (Prop_ibuf_I_O)         0.937     0.937 r  rclk_IBUF_inst/O
                         net (fo=1, routed)           1.972     2.909    rclk_IBUF
    BUFGCTRL_X0Y1        BUFG (Prop_bufg_I_O)         0.096     3.005 r  rclk_IBUF_BUFG_inst/O
                         net (fo=30, routed)          1.637     4.642    rrst_sync_inst/CLK
    SLICE_X3Y8           FDCE                                         r  rrst_sync_inst/sync_rst_n_reg/C
  -------------------------------------------------------------------    -------------------
    SLICE_X3Y8           FDCE (Prop_fdce_C_Q)         0.419     5.061 r  rrst_sync_inst/sync_rst_n_reg/Q
                         net (fo=1, routed)           0.881     5.943    rrst_sync_inst/sync_rst_n_reg_n_0
    SLICE_X2Y8           LUT1 (Prop_lut1_I0_O)        0.299     6.242 f  rrst_sync_inst/rptr[3]_i_2/O
                         net (fo=10, routed)          0.815     7.056    rptr_empty_inst/rempty_reg_0
    SLICE_X2Y9           FDCE                                         f  rptr_empty_inst/rptr_reg[2]/CLR
  -------------------------------------------------------------------    -------------------

                         (clock read_clk_domain rise edge)
                                                     25.000    25.000 r  
    P14                                               0.000    25.000 r  rclk (IN)
                         net (fo=0)                   0.000    25.000    rclk
    P14                  IBUF (Prop_ibuf_I_O)         0.804    25.804 r  rclk_IBUF_inst/O
                         net (fo=1, routed)           1.868    27.672    rclk_IBUF
    BUFGCTRL_X0Y1        BUFG (Prop_bufg_I_O)         0.091    27.763 r  rclk_IBUF_BUFG_inst/O
                         net (fo=30, routed)          1.517    29.280    rptr_empty_inst/CLK
    SLICE_X2Y9           FDCE                                         r  rptr_empty_inst/rptr_reg[2]/C
                         clock pessimism              0.336    29.616    
                         clock uncertainty           -0.035    29.581    
    SLICE_X2Y9           FDCE (Recov_fdce_C_CLR)     -0.319    29.262    rptr_empty_inst/rptr_reg[2]
  -------------------------------------------------------------------
                         required time                         29.262    
                         arrival time                          -7.056    
  -------------------------------------------------------------------
                         slack                                 22.206    

Slack (MET) :             22.239ns  (required time - arrival time)
  Source:                 rrst_sync_inst/sync_rst_n_reg/C
                            (rising edge-triggered cell FDCE clocked by read_clk_domain  {rise@0.000ns fall@12.500ns period=25.000ns})
  Destination:            rptr_empty_inst/rbin_reg[0]/CLR
                            (recovery check against rising-edge clock read_clk_domain  {rise@0.000ns fall@12.500ns period=25.000ns})
  Path Group:             **async_default**
  Path Type:              Recovery (Max at Slow Process Corner)
  Requirement:            25.000ns  (read_clk_domain rise@25.000ns - read_clk_domain rise@0.000ns)
  Data Path Delay:        2.294ns  (logic 0.718ns (31.302%)  route 1.576ns (68.698%))
  Logic Levels:           1  (LUT1=1)
  Clock Path Skew:        -0.027ns (DCD - SCD + CPR)
    Destination Clock Delay (DCD):    4.279ns = ( 29.279 - 25.000 ) 
    Source Clock Delay      (SCD):    4.642ns
    Clock Pessimism Removal (CPR):    0.336ns
  Clock Uncertainty:      0.035ns  ((TSJ^2 + TIJ^2)^1/2 + DJ) / 2 + PE
    Total System Jitter     (TSJ):    0.071ns
    Total Input Jitter      (TIJ):    0.000ns
    Discrete Jitter          (DJ):    0.000ns
    Phase Error              (PE):    0.000ns

    Location             Delay type                Incr(ns)  Path(ns)    Netlist Resource(s)
  -------------------------------------------------------------------    -------------------
                         (clock read_clk_domain rise edge)
                                                      0.000     0.000 r  
    P14                                               0.000     0.000 r  rclk (IN)
                         net (fo=0)                   0.000     0.000    rclk
    P14                  IBUF (Prop_ibuf_I_O)         0.937     0.937 r  rclk_IBUF_inst/O
                         net (fo=1, routed)           1.972     2.909    rclk_IBUF
    BUFGCTRL_X0Y1        BUFG (Prop_bufg_I_O)         0.096     3.005 r  rclk_IBUF_BUFG_inst/O
                         net (fo=30, routed)          1.637     4.642    rrst_sync_inst/CLK
    SLICE_X3Y8           FDCE                                         r  rrst_sync_inst/sync_rst_n_reg/C
  -------------------------------------------------------------------    -------------------
    SLICE_X3Y8           FDCE (Prop_fdce_C_Q)         0.419     5.061 r  rrst_sync_inst/sync_rst_n_reg/Q
                         net (fo=1, routed)           0.881     5.943    rrst_sync_inst/sync_rst_n_reg_n_0
    SLICE_X2Y8           LUT1 (Prop_lut1_I0_O)        0.299     6.242 f  rrst_sync_inst/rptr[3]_i_2/O
                         net (fo=10, routed)          0.694     6.936    rptr_empty_inst/rempty_reg_0
    SLICE_X3Y11          FDCE                                         f  rptr_empty_inst/rbin_reg[0]/CLR
  -------------------------------------------------------------------    -------------------

                         (clock read_clk_domain rise edge)
                                                     25.000    25.000 r  
    P14                                               0.000    25.000 r  rclk (IN)
                         net (fo=0)                   0.000    25.000    rclk
    P14                  IBUF (Prop_ibuf_I_O)         0.804    25.804 r  rclk_IBUF_inst/O
                         net (fo=1, routed)           1.868    27.672    rclk_IBUF
    BUFGCTRL_X0Y1        BUFG (Prop_bufg_I_O)         0.091    27.763 r  rclk_IBUF_BUFG_inst/O
                         net (fo=30, routed)          1.516    29.279    rptr_empty_inst/CLK
    SLICE_X3Y11          FDCE                                         r  rptr_empty_inst/rbin_reg[0]/C
                         clock pessimism              0.336    29.615    
                         clock uncertainty           -0.035    29.580    
    SLICE_X3Y11          FDCE (Recov_fdce_C_CLR)     -0.405    29.175    rptr_empty_inst/rbin_reg[0]
  -------------------------------------------------------------------
                         required time                         29.175    
                         arrival time                          -6.936    
  -------------------------------------------------------------------
                         slack                                 22.239    

Slack (MET) :             22.239ns  (required time - arrival time)
  Source:                 rrst_sync_inst/sync_rst_n_reg/C
                            (rising edge-triggered cell FDCE clocked by read_clk_domain  {rise@0.000ns fall@12.500ns period=25.000ns})
  Destination:            rptr_empty_inst/rbin_reg[1]/CLR
                            (recovery check against rising-edge clock read_clk_domain  {rise@0.000ns fall@12.500ns period=25.000ns})
  Path Group:             **async_default**
  Path Type:              Recovery (Max at Slow Process Corner)
  Requirement:            25.000ns  (read_clk_domain rise@25.000ns - read_clk_domain rise@0.000ns)
  Data Path Delay:        2.294ns  (logic 0.718ns (31.302%)  route 1.576ns (68.698%))
  Logic Levels:           1  (LUT1=1)
  Clock Path Skew:        -0.027ns (DCD - SCD + CPR)
    Destination Clock Delay (DCD):    4.279ns = ( 29.279 - 25.000 ) 
    Source Clock Delay      (SCD):    4.642ns
    Clock Pessimism Removal (CPR):    0.336ns
  Clock Uncertainty:      0.035ns  ((TSJ^2 + TIJ^2)^1/2 + DJ) / 2 + PE
    Total System Jitter     (TSJ):    0.071ns
    Total Input Jitter      (TIJ):    0.000ns
    Discrete Jitter          (DJ):    0.000ns
    Phase Error              (PE):    0.000ns

    Location             Delay type                Incr(ns)  Path(ns)    Netlist Resource(s)
  -------------------------------------------------------------------    -------------------
                         (clock read_clk_domain rise edge)
                                                      0.000     0.000 r  
    P14                                               0.000     0.000 r  rclk (IN)
                         net (fo=0)                   0.000     0.000    rclk
    P14                  IBUF (Prop_ibuf_I_O)         0.937     0.937 r  rclk_IBUF_inst/O
                         net (fo=1, routed)           1.972     2.909    rclk_IBUF
    BUFGCTRL_X0Y1        BUFG (Prop_bufg_I_O)         0.096     3.005 r  rclk_IBUF_BUFG_inst/O
                         net (fo=30, routed)          1.637     4.642    rrst_sync_inst/CLK
    SLICE_X3Y8           FDCE                                         r  rrst_sync_inst/sync_rst_n_reg/C
  -------------------------------------------------------------------    -------------------
    SLICE_X3Y8           FDCE (Prop_fdce_C_Q)         0.419     5.061 r  rrst_sync_inst/sync_rst_n_reg/Q
                         net (fo=1, routed)           0.881     5.943    rrst_sync_inst/sync_rst_n_reg_n_0
    SLICE_X2Y8           LUT1 (Prop_lut1_I0_O)        0.299     6.242 f  rrst_sync_inst/rptr[3]_i_2/O
                         net (fo=10, routed)          0.694     6.936    rptr_empty_inst/rempty_reg_0
    SLICE_X3Y11          FDCE                                         f  rptr_empty_inst/rbin_reg[1]/CLR
  -------------------------------------------------------------------    -------------------

                         (clock read_clk_domain rise edge)
                                                     25.000    25.000 r  
    P14                                               0.000    25.000 r  rclk (IN)
                         net (fo=0)                   0.000    25.000    rclk
    P14                  IBUF (Prop_ibuf_I_O)         0.804    25.804 r  rclk_IBUF_inst/O
                         net (fo=1, routed)           1.868    27.672    rclk_IBUF
    BUFGCTRL_X0Y1        BUFG (Prop_bufg_I_O)         0.091    27.763 r  rclk_IBUF_BUFG_inst/O
                         net (fo=30, routed)          1.516    29.279    rptr_empty_inst/CLK
    SLICE_X3Y11          FDCE                                         r  rptr_empty_inst/rbin_reg[1]/C
                         clock pessimism              0.336    29.615    
                         clock uncertainty           -0.035    29.580    
    SLICE_X3Y11          FDCE (Recov_fdce_C_CLR)     -0.405    29.175    rptr_empty_inst/rbin_reg[1]
  -------------------------------------------------------------------
                         required time                         29.175    
                         arrival time                          -6.936    
  -------------------------------------------------------------------
                         slack                                 22.239    

Slack (MET) :             22.239ns  (required time - arrival time)
  Source:                 rrst_sync_inst/sync_rst_n_reg/C
                            (rising edge-triggered cell FDCE clocked by read_clk_domain  {rise@0.000ns fall@12.500ns period=25.000ns})
  Destination:            rptr_empty_inst/rbin_reg[2]/CLR
                            (recovery check against rising-edge clock read_clk_domain  {rise@0.000ns fall@12.500ns period=25.000ns})
  Path Group:             **async_default**
  Path Type:              Recovery (Max at Slow Process Corner)
  Requirement:            25.000ns  (read_clk_domain rise@25.000ns - read_clk_domain rise@0.000ns)
  Data Path Delay:        2.294ns  (logic 0.718ns (31.302%)  route 1.576ns (68.698%))
  Logic Levels:           1  (LUT1=1)
  Clock Path Skew:        -0.027ns (DCD - SCD + CPR)
    Destination Clock Delay (DCD):    4.279ns = ( 29.279 - 25.000 ) 
    Source Clock Delay      (SCD):    4.642ns
    Clock Pessimism Removal (CPR):    0.336ns
  Clock Uncertainty:      0.035ns  ((TSJ^2 + TIJ^2)^1/2 + DJ) / 2 + PE
    Total System Jitter     (TSJ):    0.071ns
    Total Input Jitter      (TIJ):    0.000ns
    Discrete Jitter          (DJ):    0.000ns
    Phase Error              (PE):    0.000ns

    Location             Delay type                Incr(ns)  Path(ns)    Netlist Resource(s)
  -------------------------------------------------------------------    -------------------
                         (clock read_clk_domain rise edge)
                                                      0.000     0.000 r  
    P14                                               0.000     0.000 r  rclk (IN)
                         net (fo=0)                   0.000     0.000    rclk
    P14                  IBUF (Prop_ibuf_I_O)         0.937     0.937 r  rclk_IBUF_inst/O
                         net (fo=1, routed)           1.972     2.909    rclk_IBUF
    BUFGCTRL_X0Y1        BUFG (Prop_bufg_I_O)         0.096     3.005 r  rclk_IBUF_BUFG_inst/O
                         net (fo=30, routed)          1.637     4.642    rrst_sync_inst/CLK
    SLICE_X3Y8           FDCE                                         r  rrst_sync_inst/sync_rst_n_reg/C
  -------------------------------------------------------------------    -------------------
    SLICE_X3Y8           FDCE (Prop_fdce_C_Q)         0.419     5.061 r  rrst_sync_inst/sync_rst_n_reg/Q
                         net (fo=1, routed)           0.881     5.943    rrst_sync_inst/sync_rst_n_reg_n_0
    SLICE_X2Y8           LUT1 (Prop_lut1_I0_O)        0.299     6.242 f  rrst_sync_inst/rptr[3]_i_2/O
                         net (fo=10, routed)          0.694     6.936    rptr_empty_inst/rempty_reg_0
    SLICE_X3Y11          FDCE                                         f  rptr_empty_inst/rbin_reg[2]/CLR
  -------------------------------------------------------------------    -------------------

                         (clock read_clk_domain rise edge)
                                                     25.000    25.000 r  
    P14                                               0.000    25.000 r  rclk (IN)
                         net (fo=0)                   0.000    25.000    rclk
    P14                  IBUF (Prop_ibuf_I_O)         0.804    25.804 r  rclk_IBUF_inst/O
                         net (fo=1, routed)           1.868    27.672    rclk_IBUF
    BUFGCTRL_X0Y1        BUFG (Prop_bufg_I_O)         0.091    27.763 r  rclk_IBUF_BUFG_inst/O
                         net (fo=30, routed)          1.516    29.279    rptr_empty_inst/CLK
    SLICE_X3Y11          FDCE                                         r  rptr_empty_inst/rbin_reg[2]/C
                         clock pessimism              0.336    29.615    
                         clock uncertainty           -0.035    29.580    
    SLICE_X3Y11          FDCE (Recov_fdce_C_CLR)     -0.405    29.175    rptr_empty_inst/rbin_reg[2]
  -------------------------------------------------------------------
                         required time                         29.175    
                         arrival time                          -6.936    
  -------------------------------------------------------------------
                         slack                                 22.239    

Slack (MET) :             22.382ns  (required time - arrival time)
  Source:                 rrst_sync_inst/sync_rst_n_reg/C
                            (rising edge-triggered cell FDCE clocked by read_clk_domain  {rise@0.000ns fall@12.500ns period=25.000ns})
  Destination:            rptr_empty_inst/rempty_reg/PRE
                            (recovery check against rising-edge clock read_clk_domain  {rise@0.000ns fall@12.500ns period=25.000ns})
  Path Group:             **async_default**
  Path Type:              Recovery (Max at Slow Process Corner)
  Requirement:            25.000ns  (read_clk_domain rise@25.000ns - read_clk_domain rise@0.000ns)
  Data Path Delay:        2.200ns  (logic 0.718ns (32.635%)  route 1.482ns (67.365%))
  Logic Levels:           1  (LUT1=1)
  Clock Path Skew:        -0.022ns (DCD - SCD + CPR)
    Destination Clock Delay (DCD):    4.281ns = ( 29.281 - 25.000 ) 
    Source Clock Delay      (SCD):    4.642ns
    Clock Pessimism Removal (CPR):    0.339ns
  Clock Uncertainty:      0.035ns  ((TSJ^2 + TIJ^2)^1/2 + DJ) / 2 + PE
    Total System Jitter     (TSJ):    0.071ns
    Total Input Jitter      (TIJ):    0.000ns
    Discrete Jitter          (DJ):    0.000ns
    Phase Error              (PE):    0.000ns

    Location             Delay type                Incr(ns)  Path(ns)    Netlist Resource(s)
  -------------------------------------------------------------------    -------------------
                         (clock read_clk_domain rise edge)
                                                      0.000     0.000 r  
    P14                                               0.000     0.000 r  rclk (IN)
                         net (fo=0)                   0.000     0.000    rclk
    P14                  IBUF (Prop_ibuf_I_O)         0.937     0.937 r  rclk_IBUF_inst/O
                         net (fo=1, routed)           1.972     2.909    rclk_IBUF
    BUFGCTRL_X0Y1        BUFG (Prop_bufg_I_O)         0.096     3.005 r  rclk_IBUF_BUFG_inst/O
                         net (fo=30, routed)          1.637     4.642    rrst_sync_inst/CLK
    SLICE_X3Y8           FDCE                                         r  rrst_sync_inst/sync_rst_n_reg/C
  -------------------------------------------------------------------    -------------------
    SLICE_X3Y8           FDCE (Prop_fdce_C_Q)         0.419     5.061 r  rrst_sync_inst/sync_rst_n_reg/Q
                         net (fo=1, routed)           0.881     5.943    rrst_sync_inst/sync_rst_n_reg_n_0
    SLICE_X2Y8           LUT1 (Prop_lut1_I0_O)        0.299     6.242 f  rrst_sync_inst/rptr[3]_i_2/O
                         net (fo=10, routed)          0.601     6.842    rptr_empty_inst/rempty_reg_0
    SLICE_X2Y8           FDPE                                         f  rptr_empty_inst/rempty_reg/PRE
  -------------------------------------------------------------------    -------------------

                         (clock read_clk_domain rise edge)
                                                     25.000    25.000 r  
    P14                                               0.000    25.000 r  rclk (IN)
                         net (fo=0)                   0.000    25.000    rclk
    P14                  IBUF (Prop_ibuf_I_O)         0.804    25.804 r  rclk_IBUF_inst/O
                         net (fo=1, routed)           1.868    27.672    rclk_IBUF
    BUFGCTRL_X0Y1        BUFG (Prop_bufg_I_O)         0.091    27.763 r  rclk_IBUF_BUFG_inst/O
                         net (fo=30, routed)          1.518    29.281    rptr_empty_inst/CLK
    SLICE_X2Y8           FDPE                                         r  rptr_empty_inst/rempty_reg/C
                         clock pessimism              0.339    29.620    
                         clock uncertainty           -0.035    29.585    
    SLICE_X2Y8           FDPE (Recov_fdpe_C_PRE)     -0.361    29.224    rptr_empty_inst/rempty_reg
  -------------------------------------------------------------------
                         required time                         29.224    
                         arrival time                          -6.842    
  -------------------------------------------------------------------
                         slack                                 22.382    

Slack (MET) :             22.382ns  (required time - arrival time)
  Source:                 rrst_sync_inst/sync_rst_n_reg/C
                            (rising edge-triggered cell FDCE clocked by read_clk_domain  {rise@0.000ns fall@12.500ns period=25.000ns})
  Destination:            rptr_empty_inst/rptr_reg[1]/CLR
                            (recovery check against rising-edge clock read_clk_domain  {rise@0.000ns fall@12.500ns period=25.000ns})
  Path Group:             **async_default**
  Path Type:              Recovery (Max at Slow Process Corner)
  Requirement:            25.000ns  (read_clk_domain rise@25.000ns - read_clk_domain rise@0.000ns)
  Data Path Delay:        2.200ns  (logic 0.718ns (32.635%)  route 1.482ns (67.365%))
  Logic Levels:           1  (LUT1=1)
  Clock Path Skew:        -0.022ns (DCD - SCD + CPR)
    Destination Clock Delay (DCD):    4.281ns = ( 29.281 - 25.000 ) 
    Source Clock Delay      (SCD):    4.642ns
    Clock Pessimism Removal (CPR):    0.339ns
  Clock Uncertainty:      0.035ns  ((TSJ^2 + TIJ^2)^1/2 + DJ) / 2 + PE
    Total System Jitter     (TSJ):    0.071ns
    Total Input Jitter      (TIJ):    0.000ns
    Discrete Jitter          (DJ):    0.000ns
    Phase Error              (PE):    0.000ns

    Location             Delay type                Incr(ns)  Path(ns)    Netlist Resource(s)
  -------------------------------------------------------------------    -------------------
                         (clock read_clk_domain rise edge)
                                                      0.000     0.000 r  
    P14                                               0.000     0.000 r  rclk (IN)
                         net (fo=0)                   0.000     0.000    rclk
    P14                  IBUF (Prop_ibuf_I_O)         0.937     0.937 r  rclk_IBUF_inst/O
                         net (fo=1, routed)           1.972     2.909    rclk_IBUF
    BUFGCTRL_X0Y1        BUFG (Prop_bufg_I_O)         0.096     3.005 r  rclk_IBUF_BUFG_inst/O
                         net (fo=30, routed)          1.637     4.642    rrst_sync_inst/CLK
    SLICE_X3Y8           FDCE                                         r  rrst_sync_inst/sync_rst_n_reg/C
  -------------------------------------------------------------------    -------------------
    SLICE_X3Y8           FDCE (Prop_fdce_C_Q)         0.419     5.061 r  rrst_sync_inst/sync_rst_n_reg/Q
                         net (fo=1, routed)           0.881     5.943    rrst_sync_inst/sync_rst_n_reg_n_0
    SLICE_X2Y8           LUT1 (Prop_lut1_I0_O)        0.299     6.242 f  rrst_sync_inst/rptr[3]_i_2/O
                         net (fo=10, routed)          0.601     6.842    rptr_empty_inst/rempty_reg_0
    SLICE_X2Y8           FDCE                                         f  rptr_empty_inst/rptr_reg[1]/CLR
  -------------------------------------------------------------------    -------------------

                         (clock read_clk_domain rise edge)
                                                     25.000    25.000 r  
    P14                                               0.000    25.000 r  rclk (IN)
                         net (fo=0)                   0.000    25.000    rclk
    P14                  IBUF (Prop_ibuf_I_O)         0.804    25.804 r  rclk_IBUF_inst/O
                         net (fo=1, routed)           1.868    27.672    rclk_IBUF
    BUFGCTRL_X0Y1        BUFG (Prop_bufg_I_O)         0.091    27.763 r  rclk_IBUF_BUFG_inst/O
                         net (fo=30, routed)          1.518    29.281    rptr_empty_inst/CLK
    SLICE_X2Y8           FDCE                                         r  rptr_empty_inst/rptr_reg[1]/C
                         clock pessimism              0.339    29.620    
                         clock uncertainty           -0.035    29.585    
    SLICE_X2Y8           FDCE (Recov_fdce_C_CLR)     -0.361    29.224    rptr_empty_inst/rptr_reg[1]
  -------------------------------------------------------------------
                         required time                         29.224    
                         arrival time                          -6.842    
  -------------------------------------------------------------------
                         slack                                 22.382    

Slack (MET) :             22.382ns  (required time - arrival time)
  Source:                 rrst_sync_inst/sync_rst_n_reg/C
                            (rising edge-triggered cell FDCE clocked by read_clk_domain  {rise@0.000ns fall@12.500ns period=25.000ns})
  Destination:            rptr_empty_inst/rptr_reg[3]/CLR
                            (recovery check against rising-edge clock read_clk_domain  {rise@0.000ns fall@12.500ns period=25.000ns})
  Path Group:             **async_default**
  Path Type:              Recovery (Max at Slow Process Corner)
  Requirement:            25.000ns  (read_clk_domain rise@25.000ns - read_clk_domain rise@0.000ns)
  Data Path Delay:        2.200ns  (logic 0.718ns (32.635%)  route 1.482ns (67.365%))
  Logic Levels:           1  (LUT1=1)
  Clock Path Skew:        -0.022ns (DCD - SCD + CPR)
    Destination Clock Delay (DCD):    4.281ns = ( 29.281 - 25.000 ) 
    Source Clock Delay      (SCD):    4.642ns
    Clock Pessimism Removal (CPR):    0.339ns
  Clock Uncertainty:      0.035ns  ((TSJ^2 + TIJ^2)^1/2 + DJ) / 2 + PE
    Total System Jitter     (TSJ):    0.071ns
    Total Input Jitter      (TIJ):    0.000ns
    Discrete Jitter          (DJ):    0.000ns
    Phase Error              (PE):    0.000ns

    Location             Delay type                Incr(ns)  Path(ns)    Netlist Resource(s)
  -------------------------------------------------------------------    -------------------
                         (clock read_clk_domain rise edge)
                                                      0.000     0.000 r  
    P14                                               0.000     0.000 r  rclk (IN)
                         net (fo=0)                   0.000     0.000    rclk
    P14                  IBUF (Prop_ibuf_I_O)         0.937     0.937 r  rclk_IBUF_inst/O
                         net (fo=1, routed)           1.972     2.909    rclk_IBUF
    BUFGCTRL_X0Y1        BUFG (Prop_bufg_I_O)         0.096     3.005 r  rclk_IBUF_BUFG_inst/O
                         net (fo=30, routed)          1.637     4.642    rrst_sync_inst/CLK
    SLICE_X3Y8           FDCE                                         r  rrst_sync_inst/sync_rst_n_reg/C
  -------------------------------------------------------------------    -------------------
    SLICE_X3Y8           FDCE (Prop_fdce_C_Q)         0.419     5.061 r  rrst_sync_inst/sync_rst_n_reg/Q
                         net (fo=1, routed)           0.881     5.943    rrst_sync_inst/sync_rst_n_reg_n_0
    SLICE_X2Y8           LUT1 (Prop_lut1_I0_O)        0.299     6.242 f  rrst_sync_inst/rptr[3]_i_2/O
                         net (fo=10, routed)          0.601     6.842    rptr_empty_inst/rempty_reg_0
    SLICE_X2Y8           FDCE                                         f  rptr_empty_inst/rptr_reg[3]/CLR
  -------------------------------------------------------------------    -------------------

                         (clock read_clk_domain rise edge)
                                                     25.000    25.000 r  
    P14                                               0.000    25.000 r  rclk (IN)
                         net (fo=0)                   0.000    25.000    rclk
    P14                  IBUF (Prop_ibuf_I_O)         0.804    25.804 r  rclk_IBUF_inst/O
                         net (fo=1, routed)           1.868    27.672    rclk_IBUF
    BUFGCTRL_X0Y1        BUFG (Prop_bufg_I_O)         0.091    27.763 r  rclk_IBUF_BUFG_inst/O
                         net (fo=30, routed)          1.518    29.281    rptr_empty_inst/CLK
    SLICE_X2Y8           FDCE                                         r  rptr_empty_inst/rptr_reg[3]/C
                         clock pessimism              0.339    29.620    
                         clock uncertainty           -0.035    29.585    
    SLICE_X2Y8           FDCE (Recov_fdce_C_CLR)     -0.361    29.224    rptr_empty_inst/rptr_reg[3]
  -------------------------------------------------------------------
                         required time                         29.224    
                         arrival time                          -6.842    
  -------------------------------------------------------------------
                         slack                                 22.382    

Slack (MET) :             22.424ns  (required time - arrival time)
  Source:                 rrst_sync_inst/sync_rst_n_reg/C
                            (rising edge-triggered cell FDCE clocked by read_clk_domain  {rise@0.000ns fall@12.500ns period=25.000ns})
  Destination:            rptr_empty_inst/rbin_reg[4]/CLR
                            (recovery check against rising-edge clock read_clk_domain  {rise@0.000ns fall@12.500ns period=25.000ns})
  Path Group:             **async_default**
  Path Type:              Recovery (Max at Slow Process Corner)
  Requirement:            25.000ns  (read_clk_domain rise@25.000ns - read_clk_domain rise@0.000ns)
  Data Path Delay:        2.200ns  (logic 0.718ns (32.635%)  route 1.482ns (67.365%))
  Logic Levels:           1  (LUT1=1)
  Clock Path Skew:        -0.022ns (DCD - SCD + CPR)
    Destination Clock Delay (DCD):    4.281ns = ( 29.281 - 25.000 ) 
    Source Clock Delay      (SCD):    4.642ns
    Clock Pessimism Removal (CPR):    0.339ns
  Clock Uncertainty:      0.035ns  ((TSJ^2 + TIJ^2)^1/2 + DJ) / 2 + PE
    Total System Jitter     (TSJ):    0.071ns
    Total Input Jitter      (TIJ):    0.000ns
    Discrete Jitter          (DJ):    0.000ns
    Phase Error              (PE):    0.000ns

    Location             Delay type                Incr(ns)  Path(ns)    Netlist Resource(s)
  -------------------------------------------------------------------    -------------------
                         (clock read_clk_domain rise edge)
                                                      0.000     0.000 r  
    P14                                               0.000     0.000 r  rclk (IN)
                         net (fo=0)                   0.000     0.000    rclk
    P14                  IBUF (Prop_ibuf_I_O)         0.937     0.937 r  rclk_IBUF_inst/O
                         net (fo=1, routed)           1.972     2.909    rclk_IBUF
    BUFGCTRL_X0Y1        BUFG (Prop_bufg_I_O)         0.096     3.005 r  rclk_IBUF_BUFG_inst/O
                         net (fo=30, routed)          1.637     4.642    rrst_sync_inst/CLK
    SLICE_X3Y8           FDCE                                         r  rrst_sync_inst/sync_rst_n_reg/C
  -------------------------------------------------------------------    -------------------
    SLICE_X3Y8           FDCE (Prop_fdce_C_Q)         0.419     5.061 r  rrst_sync_inst/sync_rst_n_reg/Q
                         net (fo=1, routed)           0.881     5.943    rrst_sync_inst/sync_rst_n_reg_n_0
    SLICE_X2Y8           LUT1 (Prop_lut1_I0_O)        0.299     6.242 f  rrst_sync_inst/rptr[3]_i_2/O
                         net (fo=10, routed)          0.601     6.842    rptr_empty_inst/rempty_reg_0
    SLICE_X2Y8           FDCE                                         f  rptr_empty_inst/rbin_reg[4]/CLR
  -------------------------------------------------------------------    -------------------

                         (clock read_clk_domain rise edge)
                                                     25.000    25.000 r  
    P14                                               0.000    25.000 r  rclk (IN)
                         net (fo=0)                   0.000    25.000    rclk
    P14                  IBUF (Prop_ibuf_I_O)         0.804    25.804 r  rclk_IBUF_inst/O
                         net (fo=1, routed)           1.868    27.672    rclk_IBUF
    BUFGCTRL_X0Y1        BUFG (Prop_bufg_I_O)         0.091    27.763 r  rclk_IBUF_BUFG_inst/O
                         net (fo=30, routed)          1.518    29.281    rptr_empty_inst/CLK
    SLICE_X2Y8           FDCE                                         r  rptr_empty_inst/rbin_reg[4]/C
                         clock pessimism              0.339    29.620    
                         clock uncertainty           -0.035    29.585    
    SLICE_X2Y8           FDCE (Recov_fdce_C_CLR)     -0.319    29.266    rptr_empty_inst/rbin_reg[4]
  -------------------------------------------------------------------
                         required time                         29.266    
                         arrival time                          -6.842    
  -------------------------------------------------------------------
                         slack                                 22.424    





Min Delay Paths
--------------------------------------------------------------------------------------
Slack (MET) :             0.741ns  (arrival time - required time)
  Source:                 rrst_sync_inst/sync_rst_n_reg/C
                            (rising edge-triggered cell FDCE clocked by read_clk_domain  {rise@0.000ns fall@12.500ns period=25.000ns})
  Destination:            rptr_empty_inst/rbin_reg[4]/CLR
                            (removal check against rising-edge clock read_clk_domain  {rise@0.000ns fall@12.500ns period=25.000ns})
  Path Group:             **async_default**
  Path Type:              Removal (Min at Fast Process Corner)
  Requirement:            0.000ns  (read_clk_domain rise@0.000ns - read_clk_domain rise@0.000ns)
  Data Path Delay:        0.687ns  (logic 0.226ns (32.893%)  route 0.461ns (67.107%))
  Logic Levels:           1  (LUT1=1)
  Clock Path Skew:        0.013ns (DCD - SCD - CPR)
    Destination Clock Delay (DCD):    1.937ns
    Source Clock Delay      (SCD):    1.420ns
    Clock Pessimism Removal (CPR):    0.504ns

    Location             Delay type                Incr(ns)  Path(ns)    Netlist Resource(s)
  -------------------------------------------------------------------    -------------------
                         (clock read_clk_domain rise edge)
                                                      0.000     0.000 r  
    P14                                               0.000     0.000 r  rclk (IN)
                         net (fo=0)                   0.000     0.000    rclk
    P14                  IBUF (Prop_ibuf_I_O)         0.166     0.166 r  rclk_IBUF_inst/O
                         net (fo=1, routed)           0.634     0.801    rclk_IBUF
    BUFGCTRL_X0Y1        BUFG (Prop_bufg_I_O)         0.026     0.827 r  rclk_IBUF_BUFG_inst/O
                         net (fo=30, routed)          0.594     1.420    rrst_sync_inst/CLK
    SLICE_X3Y8           FDCE                                         r  rrst_sync_inst/sync_rst_n_reg/C
  -------------------------------------------------------------------    -------------------
    SLICE_X3Y8           FDCE (Prop_fdce_C_Q)         0.128     1.548 r  rrst_sync_inst/sync_rst_n_reg/Q
                         net (fo=1, routed)           0.257     1.806    rrst_sync_inst/sync_rst_n_reg_n_0
    SLICE_X2Y8           LUT1 (Prop_lut1_I0_O)        0.098     1.904 f  rrst_sync_inst/rptr[3]_i_2/O
                         net (fo=10, routed)          0.204     2.107    rptr_empty_inst/rempty_reg_0
    SLICE_X2Y8           FDCE                                         f  rptr_empty_inst/rbin_reg[4]/CLR
  -------------------------------------------------------------------    -------------------

                         (clock read_clk_domain rise edge)
                                                      0.000     0.000 r  
    P14                                               0.000     0.000 r  rclk (IN)
                         net (fo=0)                   0.000     0.000    rclk
    P14                  IBUF (Prop_ibuf_I_O)         0.355     0.355 r  rclk_IBUF_inst/O
                         net (fo=1, routed)           0.689     1.044    rclk_IBUF
    BUFGCTRL_X0Y1        BUFG (Prop_bufg_I_O)         0.029     1.073 r  rclk_IBUF_BUFG_inst/O
                         net (fo=30, routed)          0.865     1.937    rptr_empty_inst/CLK
    SLICE_X2Y8           FDCE                                         r  rptr_empty_inst/rbin_reg[4]/C
                         clock pessimism             -0.504     1.433    
    SLICE_X2Y8           FDCE (Remov_fdce_C_CLR)     -0.067     1.366    rptr_empty_inst/rbin_reg[4]
  -------------------------------------------------------------------
                         required time                         -1.366    
                         arrival time                           2.107    
  -------------------------------------------------------------------
                         slack                                  0.741    

Slack (MET) :             0.741ns  (arrival time - required time)
  Source:                 rrst_sync_inst/sync_rst_n_reg/C
                            (rising edge-triggered cell FDCE clocked by read_clk_domain  {rise@0.000ns fall@12.500ns period=25.000ns})
  Destination:            rptr_empty_inst/rptr_reg[1]/CLR
                            (removal check against rising-edge clock read_clk_domain  {rise@0.000ns fall@12.500ns period=25.000ns})
  Path Group:             **async_default**
  Path Type:              Removal (Min at Fast Process Corner)
  Requirement:            0.000ns  (read_clk_domain rise@0.000ns - read_clk_domain rise@0.000ns)
  Data Path Delay:        0.687ns  (logic 0.226ns (32.893%)  route 0.461ns (67.107%))
  Logic Levels:           1  (LUT1=1)
  Clock Path Skew:        0.013ns (DCD - SCD - CPR)
    Destination Clock Delay (DCD):    1.937ns
    Source Clock Delay      (SCD):    1.420ns
    Clock Pessimism Removal (CPR):    0.504ns

    Location             Delay type                Incr(ns)  Path(ns)    Netlist Resource(s)
  -------------------------------------------------------------------    -------------------
                         (clock read_clk_domain rise edge)
                                                      0.000     0.000 r  
    P14                                               0.000     0.000 r  rclk (IN)
                         net (fo=0)                   0.000     0.000    rclk
    P14                  IBUF (Prop_ibuf_I_O)         0.166     0.166 r  rclk_IBUF_inst/O
                         net (fo=1, routed)           0.634     0.801    rclk_IBUF
    BUFGCTRL_X0Y1        BUFG (Prop_bufg_I_O)         0.026     0.827 r  rclk_IBUF_BUFG_inst/O
                         net (fo=30, routed)          0.594     1.420    rrst_sync_inst/CLK
    SLICE_X3Y8           FDCE                                         r  rrst_sync_inst/sync_rst_n_reg/C
  -------------------------------------------------------------------    -------------------
    SLICE_X3Y8           FDCE (Prop_fdce_C_Q)         0.128     1.548 r  rrst_sync_inst/sync_rst_n_reg/Q
                         net (fo=1, routed)           0.257     1.806    rrst_sync_inst/sync_rst_n_reg_n_0
    SLICE_X2Y8           LUT1 (Prop_lut1_I0_O)        0.098     1.904 f  rrst_sync_inst/rptr[3]_i_2/O
                         net (fo=10, routed)          0.204     2.107    rptr_empty_inst/rempty_reg_0
    SLICE_X2Y8           FDCE                                         f  rptr_empty_inst/rptr_reg[1]/CLR
  -------------------------------------------------------------------    -------------------

                         (clock read_clk_domain rise edge)
                                                      0.000     0.000 r  
    P14                                               0.000     0.000 r  rclk (IN)
                         net (fo=0)                   0.000     0.000    rclk
    P14                  IBUF (Prop_ibuf_I_O)         0.355     0.355 r  rclk_IBUF_inst/O
                         net (fo=1, routed)           0.689     1.044    rclk_IBUF
    BUFGCTRL_X0Y1        BUFG (Prop_bufg_I_O)         0.029     1.073 r  rclk_IBUF_BUFG_inst/O
                         net (fo=30, routed)          0.865     1.937    rptr_empty_inst/CLK
    SLICE_X2Y8           FDCE                                         r  rptr_empty_inst/rptr_reg[1]/C
                         clock pessimism             -0.504     1.433    
    SLICE_X2Y8           FDCE (Remov_fdce_C_CLR)     -0.067     1.366    rptr_empty_inst/rptr_reg[1]
  -------------------------------------------------------------------
                         required time                         -1.366    
                         arrival time                           2.107    
  -------------------------------------------------------------------
                         slack                                  0.741    

Slack (MET) :             0.741ns  (arrival time - required time)
  Source:                 rrst_sync_inst/sync_rst_n_reg/C
                            (rising edge-triggered cell FDCE clocked by read_clk_domain  {rise@0.000ns fall@12.500ns period=25.000ns})
  Destination:            rptr_empty_inst/rptr_reg[3]/CLR
                            (removal check against rising-edge clock read_clk_domain  {rise@0.000ns fall@12.500ns period=25.000ns})
  Path Group:             **async_default**
  Path Type:              Removal (Min at Fast Process Corner)
  Requirement:            0.000ns  (read_clk_domain rise@0.000ns - read_clk_domain rise@0.000ns)
  Data Path Delay:        0.687ns  (logic 0.226ns (32.893%)  route 0.461ns (67.107%))
  Logic Levels:           1  (LUT1=1)
  Clock Path Skew:        0.013ns (DCD - SCD - CPR)
    Destination Clock Delay (DCD):    1.937ns
    Source Clock Delay      (SCD):    1.420ns
    Clock Pessimism Removal (CPR):    0.504ns

    Location             Delay type                Incr(ns)  Path(ns)    Netlist Resource(s)
  -------------------------------------------------------------------    -------------------
                         (clock read_clk_domain rise edge)
                                                      0.000     0.000 r  
    P14                                               0.000     0.000 r  rclk (IN)
                         net (fo=0)                   0.000     0.000    rclk
    P14                  IBUF (Prop_ibuf_I_O)         0.166     0.166 r  rclk_IBUF_inst/O
                         net (fo=1, routed)           0.634     0.801    rclk_IBUF
    BUFGCTRL_X0Y1        BUFG (Prop_bufg_I_O)         0.026     0.827 r  rclk_IBUF_BUFG_inst/O
                         net (fo=30, routed)          0.594     1.420    rrst_sync_inst/CLK
    SLICE_X3Y8           FDCE                                         r  rrst_sync_inst/sync_rst_n_reg/C
  -------------------------------------------------------------------    -------------------
    SLICE_X3Y8           FDCE (Prop_fdce_C_Q)         0.128     1.548 r  rrst_sync_inst/sync_rst_n_reg/Q
                         net (fo=1, routed)           0.257     1.806    rrst_sync_inst/sync_rst_n_reg_n_0
    SLICE_X2Y8           LUT1 (Prop_lut1_I0_O)        0.098     1.904 f  rrst_sync_inst/rptr[3]_i_2/O
                         net (fo=10, routed)          0.204     2.107    rptr_empty_inst/rempty_reg_0
    SLICE_X2Y8           FDCE                                         f  rptr_empty_inst/rptr_reg[3]/CLR
  -------------------------------------------------------------------    -------------------

                         (clock read_clk_domain rise edge)
                                                      0.000     0.000 r  
    P14                                               0.000     0.000 r  rclk (IN)
                         net (fo=0)                   0.000     0.000    rclk
    P14                  IBUF (Prop_ibuf_I_O)         0.355     0.355 r  rclk_IBUF_inst/O
                         net (fo=1, routed)           0.689     1.044    rclk_IBUF
    BUFGCTRL_X0Y1        BUFG (Prop_bufg_I_O)         0.029     1.073 r  rclk_IBUF_BUFG_inst/O
                         net (fo=30, routed)          0.865     1.937    rptr_empty_inst/CLK
    SLICE_X2Y8           FDCE                                         r  rptr_empty_inst/rptr_reg[3]/C
                         clock pessimism             -0.504     1.433    
    SLICE_X2Y8           FDCE (Remov_fdce_C_CLR)     -0.067     1.366    rptr_empty_inst/rptr_reg[3]
  -------------------------------------------------------------------
                         required time                         -1.366    
                         arrival time                           2.107    
  -------------------------------------------------------------------
                         slack                                  0.741    

Slack (MET) :             0.745ns  (arrival time - required time)
  Source:                 rrst_sync_inst/sync_rst_n_reg/C
                            (rising edge-triggered cell FDCE clocked by read_clk_domain  {rise@0.000ns fall@12.500ns period=25.000ns})
  Destination:            rptr_empty_inst/rempty_reg/PRE
                            (removal check against rising-edge clock read_clk_domain  {rise@0.000ns fall@12.500ns period=25.000ns})
  Path Group:             **async_default**
  Path Type:              Removal (Min at Fast Process Corner)
  Requirement:            0.000ns  (read_clk_domain rise@0.000ns - read_clk_domain rise@0.000ns)
  Data Path Delay:        0.687ns  (logic 0.226ns (32.893%)  route 0.461ns (67.107%))
  Logic Levels:           1  (LUT1=1)
  Clock Path Skew:        0.013ns (DCD - SCD - CPR)
    Destination Clock Delay (DCD):    1.937ns
    Source Clock Delay      (SCD):    1.420ns
    Clock Pessimism Removal (CPR):    0.504ns

    Location             Delay type                Incr(ns)  Path(ns)    Netlist Resource(s)
  -------------------------------------------------------------------    -------------------
                         (clock read_clk_domain rise edge)
                                                      0.000     0.000 r  
    P14                                               0.000     0.000 r  rclk (IN)
                         net (fo=0)                   0.000     0.000    rclk
    P14                  IBUF (Prop_ibuf_I_O)         0.166     0.166 r  rclk_IBUF_inst/O
                         net (fo=1, routed)           0.634     0.801    rclk_IBUF
    BUFGCTRL_X0Y1        BUFG (Prop_bufg_I_O)         0.026     0.827 r  rclk_IBUF_BUFG_inst/O
                         net (fo=30, routed)          0.594     1.420    rrst_sync_inst/CLK
    SLICE_X3Y8           FDCE                                         r  rrst_sync_inst/sync_rst_n_reg/C
  -------------------------------------------------------------------    -------------------
    SLICE_X3Y8           FDCE (Prop_fdce_C_Q)         0.128     1.548 r  rrst_sync_inst/sync_rst_n_reg/Q
                         net (fo=1, routed)           0.257     1.806    rrst_sync_inst/sync_rst_n_reg_n_0
    SLICE_X2Y8           LUT1 (Prop_lut1_I0_O)        0.098     1.904 f  rrst_sync_inst/rptr[3]_i_2/O
                         net (fo=10, routed)          0.204     2.107    rptr_empty_inst/rempty_reg_0
    SLICE_X2Y8           FDPE                                         f  rptr_empty_inst/rempty_reg/PRE
  -------------------------------------------------------------------    -------------------

                         (clock read_clk_domain rise edge)
                                                      0.000     0.000 r  
    P14                                               0.000     0.000 r  rclk (IN)
                         net (fo=0)                   0.000     0.000    rclk
    P14                  IBUF (Prop_ibuf_I_O)         0.355     0.355 r  rclk_IBUF_inst/O
                         net (fo=1, routed)           0.689     1.044    rclk_IBUF
    BUFGCTRL_X0Y1        BUFG (Prop_bufg_I_O)         0.029     1.073 r  rclk_IBUF_BUFG_inst/O
                         net (fo=30, routed)          0.865     1.937    rptr_empty_inst/CLK
    SLICE_X2Y8           FDPE                                         r  rptr_empty_inst/rempty_reg/C
                         clock pessimism             -0.504     1.433    
    SLICE_X2Y8           FDPE (Remov_fdpe_C_PRE)     -0.071     1.362    rptr_empty_inst/rempty_reg
  -------------------------------------------------------------------
                         required time                         -1.362    
                         arrival time                           2.107    
  -------------------------------------------------------------------
                         slack                                  0.745    

Slack (MET) :             0.819ns  (arrival time - required time)
  Source:                 rrst_sync_inst/sync_rst_n_reg/C
                            (rising edge-triggered cell FDCE clocked by read_clk_domain  {rise@0.000ns fall@12.500ns period=25.000ns})
  Destination:            rptr_empty_inst/rbin_reg[0]/CLR
                            (removal check against rising-edge clock read_clk_domain  {rise@0.000ns fall@12.500ns period=25.000ns})
  Path Group:             **async_default**
  Path Type:              Removal (Min at Fast Process Corner)
  Requirement:            0.000ns  (read_clk_domain rise@0.000ns - read_clk_domain rise@0.000ns)
  Data Path Delay:        0.742ns  (logic 0.226ns (30.467%)  route 0.516ns (69.533%))
  Logic Levels:           1  (LUT1=1)
  Clock Path Skew:        0.015ns (DCD - SCD - CPR)
    Destination Clock Delay (DCD):    1.936ns
    Source Clock Delay      (SCD):    1.420ns
    Clock Pessimism Removal (CPR):    0.501ns

    Location             Delay type                Incr(ns)  Path(ns)    Netlist Resource(s)
  -------------------------------------------------------------------    -------------------
                         (clock read_clk_domain rise edge)
                                                      0.000     0.000 r  
    P14                                               0.000     0.000 r  rclk (IN)
                         net (fo=0)                   0.000     0.000    rclk
    P14                  IBUF (Prop_ibuf_I_O)         0.166     0.166 r  rclk_IBUF_inst/O
                         net (fo=1, routed)           0.634     0.801    rclk_IBUF
    BUFGCTRL_X0Y1        BUFG (Prop_bufg_I_O)         0.026     0.827 r  rclk_IBUF_BUFG_inst/O
                         net (fo=30, routed)          0.594     1.420    rrst_sync_inst/CLK
    SLICE_X3Y8           FDCE                                         r  rrst_sync_inst/sync_rst_n_reg/C
  -------------------------------------------------------------------    -------------------
    SLICE_X3Y8           FDCE (Prop_fdce_C_Q)         0.128     1.548 r  rrst_sync_inst/sync_rst_n_reg/Q
                         net (fo=1, routed)           0.257     1.806    rrst_sync_inst/sync_rst_n_reg_n_0
    SLICE_X2Y8           LUT1 (Prop_lut1_I0_O)        0.098     1.904 f  rrst_sync_inst/rptr[3]_i_2/O
                         net (fo=10, routed)          0.258     2.162    rptr_empty_inst/rempty_reg_0
    SLICE_X3Y11          FDCE                                         f  rptr_empty_inst/rbin_reg[0]/CLR
  -------------------------------------------------------------------    -------------------

                         (clock read_clk_domain rise edge)
                                                      0.000     0.000 r  
    P14                                               0.000     0.000 r  rclk (IN)
                         net (fo=0)                   0.000     0.000    rclk
    P14                  IBUF (Prop_ibuf_I_O)         0.355     0.355 r  rclk_IBUF_inst/O
                         net (fo=1, routed)           0.689     1.044    rclk_IBUF
    BUFGCTRL_X0Y1        BUFG (Prop_bufg_I_O)         0.029     1.073 r  rclk_IBUF_BUFG_inst/O
                         net (fo=30, routed)          0.864     1.936    rptr_empty_inst/CLK
    SLICE_X3Y11          FDCE                                         r  rptr_empty_inst/rbin_reg[0]/C
                         clock pessimism             -0.501     1.435    
    SLICE_X3Y11          FDCE (Remov_fdce_C_CLR)     -0.092     1.343    rptr_empty_inst/rbin_reg[0]
  -------------------------------------------------------------------
                         required time                         -1.343    
                         arrival time                           2.162    
  -------------------------------------------------------------------
                         slack                                  0.819    

Slack (MET) :             0.819ns  (arrival time - required time)
  Source:                 rrst_sync_inst/sync_rst_n_reg/C
                            (rising edge-triggered cell FDCE clocked by read_clk_domain  {rise@0.000ns fall@12.500ns period=25.000ns})
  Destination:            rptr_empty_inst/rbin_reg[1]/CLR
                            (removal check against rising-edge clock read_clk_domain  {rise@0.000ns fall@12.500ns period=25.000ns})
  Path Group:             **async_default**
  Path Type:              Removal (Min at Fast Process Corner)
  Requirement:            0.000ns  (read_clk_domain rise@0.000ns - read_clk_domain rise@0.000ns)
  Data Path Delay:        0.742ns  (logic 0.226ns (30.467%)  route 0.516ns (69.533%))
  Logic Levels:           1  (LUT1=1)
  Clock Path Skew:        0.015ns (DCD - SCD - CPR)
    Destination Clock Delay (DCD):    1.936ns
    Source Clock Delay      (SCD):    1.420ns
    Clock Pessimism Removal (CPR):    0.501ns

    Location             Delay type                Incr(ns)  Path(ns)    Netlist Resource(s)
  -------------------------------------------------------------------    -------------------
                         (clock read_clk_domain rise edge)
                                                      0.000     0.000 r  
    P14                                               0.000     0.000 r  rclk (IN)
                         net (fo=0)                   0.000     0.000    rclk
    P14                  IBUF (Prop_ibuf_I_O)         0.166     0.166 r  rclk_IBUF_inst/O
                         net (fo=1, routed)           0.634     0.801    rclk_IBUF
    BUFGCTRL_X0Y1        BUFG (Prop_bufg_I_O)         0.026     0.827 r  rclk_IBUF_BUFG_inst/O
                         net (fo=30, routed)          0.594     1.420    rrst_sync_inst/CLK
    SLICE_X3Y8           FDCE                                         r  rrst_sync_inst/sync_rst_n_reg/C
  -------------------------------------------------------------------    -------------------
    SLICE_X3Y8           FDCE (Prop_fdce_C_Q)         0.128     1.548 r  rrst_sync_inst/sync_rst_n_reg/Q
                         net (fo=1, routed)           0.257     1.806    rrst_sync_inst/sync_rst_n_reg_n_0
    SLICE_X2Y8           LUT1 (Prop_lut1_I0_O)        0.098     1.904 f  rrst_sync_inst/rptr[3]_i_2/O
                         net (fo=10, routed)          0.258     2.162    rptr_empty_inst/rempty_reg_0
    SLICE_X3Y11          FDCE                                         f  rptr_empty_inst/rbin_reg[1]/CLR
  -------------------------------------------------------------------    -------------------

                         (clock read_clk_domain rise edge)
                                                      0.000     0.000 r  
    P14                                               0.000     0.000 r  rclk (IN)
                         net (fo=0)                   0.000     0.000    rclk
    P14                  IBUF (Prop_ibuf_I_O)         0.355     0.355 r  rclk_IBUF_inst/O
                         net (fo=1, routed)           0.689     1.044    rclk_IBUF
    BUFGCTRL_X0Y1        BUFG (Prop_bufg_I_O)         0.029     1.073 r  rclk_IBUF_BUFG_inst/O
                         net (fo=30, routed)          0.864     1.936    rptr_empty_inst/CLK
    SLICE_X3Y11          FDCE                                         r  rptr_empty_inst/rbin_reg[1]/C
                         clock pessimism             -0.501     1.435    
    SLICE_X3Y11          FDCE (Remov_fdce_C_CLR)     -0.092     1.343    rptr_empty_inst/rbin_reg[1]
  -------------------------------------------------------------------
                         required time                         -1.343    
                         arrival time                           2.162    
  -------------------------------------------------------------------
                         slack                                  0.819    

Slack (MET) :             0.819ns  (arrival time - required time)
  Source:                 rrst_sync_inst/sync_rst_n_reg/C
                            (rising edge-triggered cell FDCE clocked by read_clk_domain  {rise@0.000ns fall@12.500ns period=25.000ns})
  Destination:            rptr_empty_inst/rbin_reg[2]/CLR
                            (removal check against rising-edge clock read_clk_domain  {rise@0.000ns fall@12.500ns period=25.000ns})
  Path Group:             **async_default**
  Path Type:              Removal (Min at Fast Process Corner)
  Requirement:            0.000ns  (read_clk_domain rise@0.000ns - read_clk_domain rise@0.000ns)
  Data Path Delay:        0.742ns  (logic 0.226ns (30.467%)  route 0.516ns (69.533%))
  Logic Levels:           1  (LUT1=1)
  Clock Path Skew:        0.015ns (DCD - SCD - CPR)
    Destination Clock Delay (DCD):    1.936ns
    Source Clock Delay      (SCD):    1.420ns
    Clock Pessimism Removal (CPR):    0.501ns

    Location             Delay type                Incr(ns)  Path(ns)    Netlist Resource(s)
  -------------------------------------------------------------------    -------------------
                         (clock read_clk_domain rise edge)
                                                      0.000     0.000 r  
    P14                                               0.000     0.000 r  rclk (IN)
                         net (fo=0)                   0.000     0.000    rclk
    P14                  IBUF (Prop_ibuf_I_O)         0.166     0.166 r  rclk_IBUF_inst/O
                         net (fo=1, routed)           0.634     0.801    rclk_IBUF
    BUFGCTRL_X0Y1        BUFG (Prop_bufg_I_O)         0.026     0.827 r  rclk_IBUF_BUFG_inst/O
                         net (fo=30, routed)          0.594     1.420    rrst_sync_inst/CLK
    SLICE_X3Y8           FDCE                                         r  rrst_sync_inst/sync_rst_n_reg/C
  -------------------------------------------------------------------    -------------------
    SLICE_X3Y8           FDCE (Prop_fdce_C_Q)         0.128     1.548 r  rrst_sync_inst/sync_rst_n_reg/Q
                         net (fo=1, routed)           0.257     1.806    rrst_sync_inst/sync_rst_n_reg_n_0
    SLICE_X2Y8           LUT1 (Prop_lut1_I0_O)        0.098     1.904 f  rrst_sync_inst/rptr[3]_i_2/O
                         net (fo=10, routed)          0.258     2.162    rptr_empty_inst/rempty_reg_0
    SLICE_X3Y11          FDCE                                         f  rptr_empty_inst/rbin_reg[2]/CLR
  -------------------------------------------------------------------    -------------------

                         (clock read_clk_domain rise edge)
                                                      0.000     0.000 r  
    P14                                               0.000     0.000 r  rclk (IN)
                         net (fo=0)                   0.000     0.000    rclk
    P14                  IBUF (Prop_ibuf_I_O)         0.355     0.355 r  rclk_IBUF_inst/O
                         net (fo=1, routed)           0.689     1.044    rclk_IBUF
    BUFGCTRL_X0Y1        BUFG (Prop_bufg_I_O)         0.029     1.073 r  rclk_IBUF_BUFG_inst/O
                         net (fo=30, routed)          0.864     1.936    rptr_empty_inst/CLK
    SLICE_X3Y11          FDCE                                         r  rptr_empty_inst/rbin_reg[2]/C
                         clock pessimism             -0.501     1.435    
    SLICE_X3Y11          FDCE (Remov_fdce_C_CLR)     -0.092     1.343    rptr_empty_inst/rbin_reg[2]
  -------------------------------------------------------------------
                         required time                         -1.343    
                         arrival time                           2.162    
  -------------------------------------------------------------------
                         slack                                  0.819    

Slack (MET) :             0.844ns  (arrival time - required time)
  Source:                 rrst_sync_inst/sync_rst_n_reg/C
                            (rising edge-triggered cell FDCE clocked by read_clk_domain  {rise@0.000ns fall@12.500ns period=25.000ns})
  Destination:            rptr_empty_inst/rbin_reg[3]/CLR
                            (removal check against rising-edge clock read_clk_domain  {rise@0.000ns fall@12.500ns period=25.000ns})
  Path Group:             **async_default**
  Path Type:              Removal (Min at Fast Process Corner)
  Requirement:            0.000ns  (read_clk_domain rise@0.000ns - read_clk_domain rise@0.000ns)
  Data Path Delay:        0.793ns  (logic 0.226ns (28.501%)  route 0.567ns (71.499%))
  Logic Levels:           1  (LUT1=1)
  Clock Path Skew:        0.016ns (DCD - SCD - CPR)
    Destination Clock Delay (DCD):    1.937ns
    Source Clock Delay      (SCD):    1.420ns
    Clock Pessimism Removal (CPR):    0.501ns

    Location             Delay type                Incr(ns)  Path(ns)    Netlist Resource(s)
  -------------------------------------------------------------------    -------------------
                         (clock read_clk_domain rise edge)
                                                      0.000     0.000 r  
    P14                                               0.000     0.000 r  rclk (IN)
                         net (fo=0)                   0.000     0.000    rclk
    P14                  IBUF (Prop_ibuf_I_O)         0.166     0.166 r  rclk_IBUF_inst/O
                         net (fo=1, routed)           0.634     0.801    rclk_IBUF
    BUFGCTRL_X0Y1        BUFG (Prop_bufg_I_O)         0.026     0.827 r  rclk_IBUF_BUFG_inst/O
                         net (fo=30, routed)          0.594     1.420    rrst_sync_inst/CLK
    SLICE_X3Y8           FDCE                                         r  rrst_sync_inst/sync_rst_n_reg/C
  -------------------------------------------------------------------    -------------------
    SLICE_X3Y8           FDCE (Prop_fdce_C_Q)         0.128     1.548 r  rrst_sync_inst/sync_rst_n_reg/Q
                         net (fo=1, routed)           0.257     1.806    rrst_sync_inst/sync_rst_n_reg_n_0
    SLICE_X2Y8           LUT1 (Prop_lut1_I0_O)        0.098     1.904 f  rrst_sync_inst/rptr[3]_i_2/O
                         net (fo=10, routed)          0.310     2.213    rptr_empty_inst/rempty_reg_0
    SLICE_X2Y9           FDCE                                         f  rptr_empty_inst/rbin_reg[3]/CLR
  -------------------------------------------------------------------    -------------------

                         (clock read_clk_domain rise edge)
                                                      0.000     0.000 r  
    P14                                               0.000     0.000 r  rclk (IN)
                         net (fo=0)                   0.000     0.000    rclk
    P14                  IBUF (Prop_ibuf_I_O)         0.355     0.355 r  rclk_IBUF_inst/O
                         net (fo=1, routed)           0.689     1.044    rclk_IBUF
    BUFGCTRL_X0Y1        BUFG (Prop_bufg_I_O)         0.029     1.073 r  rclk_IBUF_BUFG_inst/O
                         net (fo=30, routed)          0.865     1.937    rptr_empty_inst/CLK
    SLICE_X2Y9           FDCE                                         r  rptr_empty_inst/rbin_reg[3]/C
                         clock pessimism             -0.501     1.436    
    SLICE_X2Y9           FDCE (Remov_fdce_C_CLR)     -0.067     1.369    rptr_empty_inst/rbin_reg[3]
  -------------------------------------------------------------------
                         required time                         -1.369    
                         arrival time                           2.213    
  -------------------------------------------------------------------
                         slack                                  0.844    

Slack (MET) :             0.844ns  (arrival time - required time)
  Source:                 rrst_sync_inst/sync_rst_n_reg/C
                            (rising edge-triggered cell FDCE clocked by read_clk_domain  {rise@0.000ns fall@12.500ns period=25.000ns})
  Destination:            rptr_empty_inst/rptr_reg[0]/CLR
                            (removal check against rising-edge clock read_clk_domain  {rise@0.000ns fall@12.500ns period=25.000ns})
  Path Group:             **async_default**
  Path Type:              Removal (Min at Fast Process Corner)
  Requirement:            0.000ns  (read_clk_domain rise@0.000ns - read_clk_domain rise@0.000ns)
  Data Path Delay:        0.793ns  (logic 0.226ns (28.501%)  route 0.567ns (71.499%))
  Logic Levels:           1  (LUT1=1)
  Clock Path Skew:        0.016ns (DCD - SCD - CPR)
    Destination Clock Delay (DCD):    1.937ns
    Source Clock Delay      (SCD):    1.420ns
    Clock Pessimism Removal (CPR):    0.501ns

    Location             Delay type                Incr(ns)  Path(ns)    Netlist Resource(s)
  -------------------------------------------------------------------    -------------------
                         (clock read_clk_domain rise edge)
                                                      0.000     0.000 r  
    P14                                               0.000     0.000 r  rclk (IN)
                         net (fo=0)                   0.000     0.000    rclk
    P14                  IBUF (Prop_ibuf_I_O)         0.166     0.166 r  rclk_IBUF_inst/O
                         net (fo=1, routed)           0.634     0.801    rclk_IBUF
    BUFGCTRL_X0Y1        BUFG (Prop_bufg_I_O)         0.026     0.827 r  rclk_IBUF_BUFG_inst/O
                         net (fo=30, routed)          0.594     1.420    rrst_sync_inst/CLK
    SLICE_X3Y8           FDCE                                         r  rrst_sync_inst/sync_rst_n_reg/C
  -------------------------------------------------------------------    -------------------
    SLICE_X3Y8           FDCE (Prop_fdce_C_Q)         0.128     1.548 r  rrst_sync_inst/sync_rst_n_reg/Q
                         net (fo=1, routed)           0.257     1.806    rrst_sync_inst/sync_rst_n_reg_n_0
    SLICE_X2Y8           LUT1 (Prop_lut1_I0_O)        0.098     1.904 f  rrst_sync_inst/rptr[3]_i_2/O
                         net (fo=10, routed)          0.310     2.213    rptr_empty_inst/rempty_reg_0
    SLICE_X2Y9           FDCE                                         f  rptr_empty_inst/rptr_reg[0]/CLR
  -------------------------------------------------------------------    -------------------

                         (clock read_clk_domain rise edge)
                                                      0.000     0.000 r  
    P14                                               0.000     0.000 r  rclk (IN)
                         net (fo=0)                   0.000     0.000    rclk
    P14                  IBUF (Prop_ibuf_I_O)         0.355     0.355 r  rclk_IBUF_inst/O
                         net (fo=1, routed)           0.689     1.044    rclk_IBUF
    BUFGCTRL_X0Y1        BUFG (Prop_bufg_I_O)         0.029     1.073 r  rclk_IBUF_BUFG_inst/O
                         net (fo=30, routed)          0.865     1.937    rptr_empty_inst/CLK
    SLICE_X2Y9           FDCE                                         r  rptr_empty_inst/rptr_reg[0]/C
                         clock pessimism             -0.501     1.436    
    SLICE_X2Y9           FDCE (Remov_fdce_C_CLR)     -0.067     1.369    rptr_empty_inst/rptr_reg[0]
  -------------------------------------------------------------------
                         required time                         -1.369    
                         arrival time                           2.213    
  -------------------------------------------------------------------
                         slack                                  0.844    

Slack (MET) :             0.844ns  (arrival time - required time)
  Source:                 rrst_sync_inst/sync_rst_n_reg/C
                            (rising edge-triggered cell FDCE clocked by read_clk_domain  {rise@0.000ns fall@12.500ns period=25.000ns})
  Destination:            rptr_empty_inst/rptr_reg[2]/CLR
                            (removal check against rising-edge clock read_clk_domain  {rise@0.000ns fall@12.500ns period=25.000ns})
  Path Group:             **async_default**
  Path Type:              Removal (Min at Fast Process Corner)
  Requirement:            0.000ns  (read_clk_domain rise@0.000ns - read_clk_domain rise@0.000ns)
  Data Path Delay:        0.793ns  (logic 0.226ns (28.501%)  route 0.567ns (71.499%))
  Logic Levels:           1  (LUT1=1)
  Clock Path Skew:        0.016ns (DCD - SCD - CPR)
    Destination Clock Delay (DCD):    1.937ns
    Source Clock Delay      (SCD):    1.420ns
    Clock Pessimism Removal (CPR):    0.501ns

    Location             Delay type                Incr(ns)  Path(ns)    Netlist Resource(s)
  -------------------------------------------------------------------    -------------------
                         (clock read_clk_domain rise edge)
                                                      0.000     0.000 r  
    P14                                               0.000     0.000 r  rclk (IN)
                         net (fo=0)                   0.000     0.000    rclk
    P14                  IBUF (Prop_ibuf_I_O)         0.166     0.166 r  rclk_IBUF_inst/O
                         net (fo=1, routed)           0.634     0.801    rclk_IBUF
    BUFGCTRL_X0Y1        BUFG (Prop_bufg_I_O)         0.026     0.827 r  rclk_IBUF_BUFG_inst/O
                         net (fo=30, routed)          0.594     1.420    rrst_sync_inst/CLK
    SLICE_X3Y8           FDCE                                         r  rrst_sync_inst/sync_rst_n_reg/C
  -------------------------------------------------------------------    -------------------
    SLICE_X3Y8           FDCE (Prop_fdce_C_Q)         0.128     1.548 r  rrst_sync_inst/sync_rst_n_reg/Q
                         net (fo=1, routed)           0.257     1.806    rrst_sync_inst/sync_rst_n_reg_n_0
    SLICE_X2Y8           LUT1 (Prop_lut1_I0_O)        0.098     1.904 f  rrst_sync_inst/rptr[3]_i_2/O
                         net (fo=10, routed)          0.310     2.213    rptr_empty_inst/rempty_reg_0
    SLICE_X2Y9           FDCE                                         f  rptr_empty_inst/rptr_reg[2]/CLR
  -------------------------------------------------------------------    -------------------

                         (clock read_clk_domain rise edge)
                                                      0.000     0.000 r  
    P14                                               0.000     0.000 r  rclk (IN)
                         net (fo=0)                   0.000     0.000    rclk
    P14                  IBUF (Prop_ibuf_I_O)         0.355     0.355 r  rclk_IBUF_inst/O
                         net (fo=1, routed)           0.689     1.044    rclk_IBUF
    BUFGCTRL_X0Y1        BUFG (Prop_bufg_I_O)         0.029     1.073 r  rclk_IBUF_BUFG_inst/O
                         net (fo=30, routed)          0.865     1.937    rptr_empty_inst/CLK
    SLICE_X2Y9           FDCE                                         r  rptr_empty_inst/rptr_reg[2]/C
                         clock pessimism             -0.501     1.436    
    SLICE_X2Y9           FDCE (Remov_fdce_C_CLR)     -0.067     1.369    rptr_empty_inst/rptr_reg[2]
  -------------------------------------------------------------------
                         required time                         -1.369    
                         arrival time                           2.213    
  -------------------------------------------------------------------
                         slack                                  0.844    





---------------------------------------------------------------------------------------------------
Path Group:  **async_default**
From Clock:  write_clk_domain
  To Clock:  write_clk_domain

Setup :            0  Failing Endpoints,  Worst Slack        7.354ns,  Total Violation        0.000ns
Hold  :            0  Failing Endpoints,  Worst Slack        0.754ns,  Total Violation        0.000ns
---------------------------------------------------------------------------------------------------


Max Delay Paths
--------------------------------------------------------------------------------------
Slack (MET) :             7.354ns  (required time - arrival time)
  Source:                 wrst_sync_inst/sync_rst_n_reg/C
                            (rising edge-triggered cell FDCE clocked by write_clk_domain  {rise@0.000ns fall@5.000ns period=10.000ns})
  Destination:            wptr_full_inst/wbin_reg[0]/CLR
                            (recovery check against rising-edge clock write_clk_domain  {rise@0.000ns fall@5.000ns period=10.000ns})
  Path Group:             **async_default**
  Path Type:              Recovery (Max at Slow Process Corner)
  Requirement:            10.000ns  (write_clk_domain rise@10.000ns - write_clk_domain rise@0.000ns)
  Data Path Delay:        1.949ns  (logic 0.606ns (31.097%)  route 1.343ns (68.903%))
  Logic Levels:           1  (LUT1=1)
  Clock Path Skew:        -0.026ns (DCD - SCD + CPR)
    Destination Clock Delay (DCD):    4.283ns = ( 14.283 - 10.000 ) 
    Source Clock Delay      (SCD):    4.645ns
    Clock Pessimism Removal (CPR):    0.336ns
  Clock Uncertainty:      0.035ns  ((TSJ^2 + TIJ^2)^1/2 + DJ) / 2 + PE
    Total System Jitter     (TSJ):    0.071ns
    Total Input Jitter      (TIJ):    0.000ns
    Discrete Jitter          (DJ):    0.000ns
    Phase Error              (PE):    0.000ns

    Location             Delay type                Incr(ns)  Path(ns)    Netlist Resource(s)
  -------------------------------------------------------------------    -------------------
                         (clock write_clk_domain rise edge)
                                                      0.000     0.000 r  
    R16                                               0.000     0.000 r  wclk (IN)
                         net (fo=0)                   0.000     0.000    wclk
    R16                  IBUF (Prop_ibuf_I_O)         0.940     0.940 r  wclk_IBUF_inst/O
                         net (fo=1, routed)           1.972     2.911    wclk_IBUF
    BUFGCTRL_X0Y0        BUFG (Prop_bufg_I_O)         0.096     3.007 r  wclk_IBUF_BUFG_inst/O
                         net (fo=34, routed)          1.637     4.645    wrst_sync_inst/CLK
    SLICE_X0Y8           FDCE                                         r  wrst_sync_inst/sync_rst_n_reg/C
  -------------------------------------------------------------------    -------------------
    SLICE_X0Y8           FDCE (Prop_fdce_C_Q)         0.456     5.101 r  wrst_sync_inst/sync_rst_n_reg/Q
                         net (fo=1, routed)           0.801     5.902    wrst_sync_inst/sync_rst_n
    SLICE_X2Y8           LUT1 (Prop_lut1_I0_O)        0.150     6.052 f  wrst_sync_inst/wfull_i_2/O
                         net (fo=10, routed)          0.542     6.593    wptr_full_inst/wfull_reg_0
    SLICE_X3Y9           FDCE                                         f  wptr_full_inst/wbin_reg[0]/CLR
  -------------------------------------------------------------------    -------------------

                         (clock write_clk_domain rise edge)
                                                     10.000    10.000 r  
    R16                                               0.000    10.000 r  wclk (IN)
                         net (fo=0)                   0.000    10.000    wclk
    R16                  IBUF (Prop_ibuf_I_O)         0.806    10.806 r  wclk_IBUF_inst/O
                         net (fo=1, routed)           1.868    12.674    wclk_IBUF
    BUFGCTRL_X0Y0        BUFG (Prop_bufg_I_O)         0.091    12.765 r  wclk_IBUF_BUFG_inst/O
                         net (fo=34, routed)          1.517    14.283    wptr_full_inst/CLK
    SLICE_X3Y9           FDCE                                         r  wptr_full_inst/wbin_reg[0]/C
                         clock pessimism              0.336    14.619    
                         clock uncertainty           -0.035    14.583    
    SLICE_X3Y9           FDCE (Recov_fdce_C_CLR)     -0.636    13.947    wptr_full_inst/wbin_reg[0]
  -------------------------------------------------------------------
                         required time                         13.947    
                         arrival time                          -6.593    
  -------------------------------------------------------------------
                         slack                                  7.354    

Slack (MET) :             7.354ns  (required time - arrival time)
  Source:                 wrst_sync_inst/sync_rst_n_reg/C
                            (rising edge-triggered cell FDCE clocked by write_clk_domain  {rise@0.000ns fall@5.000ns period=10.000ns})
  Destination:            wptr_full_inst/wbin_reg[3]/CLR
                            (recovery check against rising-edge clock write_clk_domain  {rise@0.000ns fall@5.000ns period=10.000ns})
  Path Group:             **async_default**
  Path Type:              Recovery (Max at Slow Process Corner)
  Requirement:            10.000ns  (write_clk_domain rise@10.000ns - write_clk_domain rise@0.000ns)
  Data Path Delay:        1.949ns  (logic 0.606ns (31.097%)  route 1.343ns (68.903%))
  Logic Levels:           1  (LUT1=1)
  Clock Path Skew:        -0.026ns (DCD - SCD + CPR)
    Destination Clock Delay (DCD):    4.283ns = ( 14.283 - 10.000 ) 
    Source Clock Delay      (SCD):    4.645ns
    Clock Pessimism Removal (CPR):    0.336ns
  Clock Uncertainty:      0.035ns  ((TSJ^2 + TIJ^2)^1/2 + DJ) / 2 + PE
    Total System Jitter     (TSJ):    0.071ns
    Total Input Jitter      (TIJ):    0.000ns
    Discrete Jitter          (DJ):    0.000ns
    Phase Error              (PE):    0.000ns

    Location             Delay type                Incr(ns)  Path(ns)    Netlist Resource(s)
  -------------------------------------------------------------------    -------------------
                         (clock write_clk_domain rise edge)
                                                      0.000     0.000 r  
    R16                                               0.000     0.000 r  wclk (IN)
                         net (fo=0)                   0.000     0.000    wclk
    R16                  IBUF (Prop_ibuf_I_O)         0.940     0.940 r  wclk_IBUF_inst/O
                         net (fo=1, routed)           1.972     2.911    wclk_IBUF
    BUFGCTRL_X0Y0        BUFG (Prop_bufg_I_O)         0.096     3.007 r  wclk_IBUF_BUFG_inst/O
                         net (fo=34, routed)          1.637     4.645    wrst_sync_inst/CLK
    SLICE_X0Y8           FDCE                                         r  wrst_sync_inst/sync_rst_n_reg/C
  -------------------------------------------------------------------    -------------------
    SLICE_X0Y8           FDCE (Prop_fdce_C_Q)         0.456     5.101 r  wrst_sync_inst/sync_rst_n_reg/Q
                         net (fo=1, routed)           0.801     5.902    wrst_sync_inst/sync_rst_n
    SLICE_X2Y8           LUT1 (Prop_lut1_I0_O)        0.150     6.052 f  wrst_sync_inst/wfull_i_2/O
                         net (fo=10, routed)          0.542     6.593    wptr_full_inst/wfull_reg_0
    SLICE_X3Y9           FDCE                                         f  wptr_full_inst/wbin_reg[3]/CLR
  -------------------------------------------------------------------    -------------------

                         (clock write_clk_domain rise edge)
                                                     10.000    10.000 r  
    R16                                               0.000    10.000 r  wclk (IN)
                         net (fo=0)                   0.000    10.000    wclk
    R16                  IBUF (Prop_ibuf_I_O)         0.806    10.806 r  wclk_IBUF_inst/O
                         net (fo=1, routed)           1.868    12.674    wclk_IBUF
    BUFGCTRL_X0Y0        BUFG (Prop_bufg_I_O)         0.091    12.765 r  wclk_IBUF_BUFG_inst/O
                         net (fo=34, routed)          1.517    14.283    wptr_full_inst/CLK
    SLICE_X3Y9           FDCE                                         r  wptr_full_inst/wbin_reg[3]/C
                         clock pessimism              0.336    14.619    
                         clock uncertainty           -0.035    14.583    
    SLICE_X3Y9           FDCE (Recov_fdce_C_CLR)     -0.636    13.947    wptr_full_inst/wbin_reg[3]
  -------------------------------------------------------------------
                         required time                         13.947    
                         arrival time                          -6.593    
  -------------------------------------------------------------------
                         slack                                  7.354    

Slack (MET) :             7.354ns  (required time - arrival time)
  Source:                 wrst_sync_inst/sync_rst_n_reg/C
                            (rising edge-triggered cell FDCE clocked by write_clk_domain  {rise@0.000ns fall@5.000ns period=10.000ns})
  Destination:            wptr_full_inst/wbin_reg[4]/CLR
                            (recovery check against rising-edge clock write_clk_domain  {rise@0.000ns fall@5.000ns period=10.000ns})
  Path Group:             **async_default**
  Path Type:              Recovery (Max at Slow Process Corner)
  Requirement:            10.000ns  (write_clk_domain rise@10.000ns - write_clk_domain rise@0.000ns)
  Data Path Delay:        1.949ns  (logic 0.606ns (31.097%)  route 1.343ns (68.903%))
  Logic Levels:           1  (LUT1=1)
  Clock Path Skew:        -0.026ns (DCD - SCD + CPR)
    Destination Clock Delay (DCD):    4.283ns = ( 14.283 - 10.000 ) 
    Source Clock Delay      (SCD):    4.645ns
    Clock Pessimism Removal (CPR):    0.336ns
  Clock Uncertainty:      0.035ns  ((TSJ^2 + TIJ^2)^1/2 + DJ) / 2 + PE
    Total System Jitter     (TSJ):    0.071ns
    Total Input Jitter      (TIJ):    0.000ns
    Discrete Jitter          (DJ):    0.000ns
    Phase Error              (PE):    0.000ns

    Location             Delay type                Incr(ns)  Path(ns)    Netlist Resource(s)
  -------------------------------------------------------------------    -------------------
                         (clock write_clk_domain rise edge)
                                                      0.000     0.000 r  
    R16                                               0.000     0.000 r  wclk (IN)
                         net (fo=0)                   0.000     0.000    wclk
    R16                  IBUF (Prop_ibuf_I_O)         0.940     0.940 r  wclk_IBUF_inst/O
                         net (fo=1, routed)           1.972     2.911    wclk_IBUF
    BUFGCTRL_X0Y0        BUFG (Prop_bufg_I_O)         0.096     3.007 r  wclk_IBUF_BUFG_inst/O
                         net (fo=34, routed)          1.637     4.645    wrst_sync_inst/CLK
    SLICE_X0Y8           FDCE                                         r  wrst_sync_inst/sync_rst_n_reg/C
  -------------------------------------------------------------------    -------------------
    SLICE_X0Y8           FDCE (Prop_fdce_C_Q)         0.456     5.101 r  wrst_sync_inst/sync_rst_n_reg/Q
                         net (fo=1, routed)           0.801     5.902    wrst_sync_inst/sync_rst_n
    SLICE_X2Y8           LUT1 (Prop_lut1_I0_O)        0.150     6.052 f  wrst_sync_inst/wfull_i_2/O
                         net (fo=10, routed)          0.542     6.593    wptr_full_inst/wfull_reg_0
    SLICE_X3Y9           FDCE                                         f  wptr_full_inst/wbin_reg[4]/CLR
  -------------------------------------------------------------------    -------------------

                         (clock write_clk_domain rise edge)
                                                     10.000    10.000 r  
    R16                                               0.000    10.000 r  wclk (IN)
                         net (fo=0)                   0.000    10.000    wclk
    R16                  IBUF (Prop_ibuf_I_O)         0.806    10.806 r  wclk_IBUF_inst/O
                         net (fo=1, routed)           1.868    12.674    wclk_IBUF
    BUFGCTRL_X0Y0        BUFG (Prop_bufg_I_O)         0.091    12.765 r  wclk_IBUF_BUFG_inst/O
                         net (fo=34, routed)          1.517    14.283    wptr_full_inst/CLK
    SLICE_X3Y9           FDCE                                         r  wptr_full_inst/wbin_reg[4]/C
                         clock pessimism              0.336    14.619    
                         clock uncertainty           -0.035    14.583    
    SLICE_X3Y9           FDCE (Recov_fdce_C_CLR)     -0.636    13.947    wptr_full_inst/wbin_reg[4]
  -------------------------------------------------------------------
                         required time                         13.947    
                         arrival time                          -6.593    
  -------------------------------------------------------------------
                         slack                                  7.354    

Slack (MET) :             7.354ns  (required time - arrival time)
  Source:                 wrst_sync_inst/sync_rst_n_reg/C
                            (rising edge-triggered cell FDCE clocked by write_clk_domain  {rise@0.000ns fall@5.000ns period=10.000ns})
  Destination:            wptr_full_inst/wfull_reg/CLR
                            (recovery check against rising-edge clock write_clk_domain  {rise@0.000ns fall@5.000ns period=10.000ns})
  Path Group:             **async_default**
  Path Type:              Recovery (Max at Slow Process Corner)
  Requirement:            10.000ns  (write_clk_domain rise@10.000ns - write_clk_domain rise@0.000ns)
  Data Path Delay:        1.949ns  (logic 0.606ns (31.097%)  route 1.343ns (68.903%))
  Logic Levels:           1  (LUT1=1)
  Clock Path Skew:        -0.026ns (DCD - SCD + CPR)
    Destination Clock Delay (DCD):    4.283ns = ( 14.283 - 10.000 ) 
    Source Clock Delay      (SCD):    4.645ns
    Clock Pessimism Removal (CPR):    0.336ns
  Clock Uncertainty:      0.035ns  ((TSJ^2 + TIJ^2)^1/2 + DJ) / 2 + PE
    Total System Jitter     (TSJ):    0.071ns
    Total Input Jitter      (TIJ):    0.000ns
    Discrete Jitter          (DJ):    0.000ns
    Phase Error              (PE):    0.000ns

    Location             Delay type                Incr(ns)  Path(ns)    Netlist Resource(s)
  -------------------------------------------------------------------    -------------------
                         (clock write_clk_domain rise edge)
                                                      0.000     0.000 r  
    R16                                               0.000     0.000 r  wclk (IN)
                         net (fo=0)                   0.000     0.000    wclk
    R16                  IBUF (Prop_ibuf_I_O)         0.940     0.940 r  wclk_IBUF_inst/O
                         net (fo=1, routed)           1.972     2.911    wclk_IBUF
    BUFGCTRL_X0Y0        BUFG (Prop_bufg_I_O)         0.096     3.007 r  wclk_IBUF_BUFG_inst/O
                         net (fo=34, routed)          1.637     4.645    wrst_sync_inst/CLK
    SLICE_X0Y8           FDCE                                         r  wrst_sync_inst/sync_rst_n_reg/C
  -------------------------------------------------------------------    -------------------
    SLICE_X0Y8           FDCE (Prop_fdce_C_Q)         0.456     5.101 r  wrst_sync_inst/sync_rst_n_reg/Q
                         net (fo=1, routed)           0.801     5.902    wrst_sync_inst/sync_rst_n
    SLICE_X2Y8           LUT1 (Prop_lut1_I0_O)        0.150     6.052 f  wrst_sync_inst/wfull_i_2/O
                         net (fo=10, routed)          0.542     6.593    wptr_full_inst/wfull_reg_0
    SLICE_X3Y9           FDCE                                         f  wptr_full_inst/wfull_reg/CLR
  -------------------------------------------------------------------    -------------------

                         (clock write_clk_domain rise edge)
                                                     10.000    10.000 r  
    R16                                               0.000    10.000 r  wclk (IN)
                         net (fo=0)                   0.000    10.000    wclk
    R16                  IBUF (Prop_ibuf_I_O)         0.806    10.806 r  wclk_IBUF_inst/O
                         net (fo=1, routed)           1.868    12.674    wclk_IBUF
    BUFGCTRL_X0Y0        BUFG (Prop_bufg_I_O)         0.091    12.765 r  wclk_IBUF_BUFG_inst/O
                         net (fo=34, routed)          1.517    14.283    wptr_full_inst/CLK
    SLICE_X3Y9           FDCE                                         r  wptr_full_inst/wfull_reg/C
                         clock pessimism              0.336    14.619    
                         clock uncertainty           -0.035    14.583    
    SLICE_X3Y9           FDCE (Recov_fdce_C_CLR)     -0.636    13.947    wptr_full_inst/wfull_reg
  -------------------------------------------------------------------
                         required time                         13.947    
                         arrival time                          -6.593    
  -------------------------------------------------------------------
                         slack                                  7.354    

Slack (MET) :             7.354ns  (required time - arrival time)
  Source:                 wrst_sync_inst/sync_rst_n_reg/C
                            (rising edge-triggered cell FDCE clocked by write_clk_domain  {rise@0.000ns fall@5.000ns period=10.000ns})
  Destination:            wptr_full_inst/wptr_reg[2]/CLR
                            (recovery check against rising-edge clock write_clk_domain  {rise@0.000ns fall@5.000ns period=10.000ns})
  Path Group:             **async_default**
  Path Type:              Recovery (Max at Slow Process Corner)
  Requirement:            10.000ns  (write_clk_domain rise@10.000ns - write_clk_domain rise@0.000ns)
  Data Path Delay:        1.949ns  (logic 0.606ns (31.097%)  route 1.343ns (68.903%))
  Logic Levels:           1  (LUT1=1)
  Clock Path Skew:        -0.026ns (DCD - SCD + CPR)
    Destination Clock Delay (DCD):    4.283ns = ( 14.283 - 10.000 ) 
    Source Clock Delay      (SCD):    4.645ns
    Clock Pessimism Removal (CPR):    0.336ns
  Clock Uncertainty:      0.035ns  ((TSJ^2 + TIJ^2)^1/2 + DJ) / 2 + PE
    Total System Jitter     (TSJ):    0.071ns
    Total Input Jitter      (TIJ):    0.000ns
    Discrete Jitter          (DJ):    0.000ns
    Phase Error              (PE):    0.000ns

    Location             Delay type                Incr(ns)  Path(ns)    Netlist Resource(s)
  -------------------------------------------------------------------    -------------------
                         (clock write_clk_domain rise edge)
                                                      0.000     0.000 r  
    R16                                               0.000     0.000 r  wclk (IN)
                         net (fo=0)                   0.000     0.000    wclk
    R16                  IBUF (Prop_ibuf_I_O)         0.940     0.940 r  wclk_IBUF_inst/O
                         net (fo=1, routed)           1.972     2.911    wclk_IBUF
    BUFGCTRL_X0Y0        BUFG (Prop_bufg_I_O)         0.096     3.007 r  wclk_IBUF_BUFG_inst/O
                         net (fo=34, routed)          1.637     4.645    wrst_sync_inst/CLK
    SLICE_X0Y8           FDCE                                         r  wrst_sync_inst/sync_rst_n_reg/C
  -------------------------------------------------------------------    -------------------
    SLICE_X0Y8           FDCE (Prop_fdce_C_Q)         0.456     5.101 r  wrst_sync_inst/sync_rst_n_reg/Q
                         net (fo=1, routed)           0.801     5.902    wrst_sync_inst/sync_rst_n
    SLICE_X2Y8           LUT1 (Prop_lut1_I0_O)        0.150     6.052 f  wrst_sync_inst/wfull_i_2/O
                         net (fo=10, routed)          0.542     6.593    wptr_full_inst/wfull_reg_0
    SLICE_X3Y9           FDCE                                         f  wptr_full_inst/wptr_reg[2]/CLR
  -------------------------------------------------------------------    -------------------

                         (clock write_clk_domain rise edge)
                                                     10.000    10.000 r  
    R16                                               0.000    10.000 r  wclk (IN)
                         net (fo=0)                   0.000    10.000    wclk
    R16                  IBUF (Prop_ibuf_I_O)         0.806    10.806 r  wclk_IBUF_inst/O
                         net (fo=1, routed)           1.868    12.674    wclk_IBUF
    BUFGCTRL_X0Y0        BUFG (Prop_bufg_I_O)         0.091    12.765 r  wclk_IBUF_BUFG_inst/O
                         net (fo=34, routed)          1.517    14.283    wptr_full_inst/CLK
    SLICE_X3Y9           FDCE                                         r  wptr_full_inst/wptr_reg[2]/C
                         clock pessimism              0.336    14.619    
                         clock uncertainty           -0.035    14.583    
    SLICE_X3Y9           FDCE (Recov_fdce_C_CLR)     -0.636    13.947    wptr_full_inst/wptr_reg[2]
  -------------------------------------------------------------------
                         required time                         13.947    
                         arrival time                          -6.593    
  -------------------------------------------------------------------
                         slack                                  7.354    

Slack (MET) :             7.354ns  (required time - arrival time)
  Source:                 wrst_sync_inst/sync_rst_n_reg/C
                            (rising edge-triggered cell FDCE clocked by write_clk_domain  {rise@0.000ns fall@5.000ns period=10.000ns})
  Destination:            wptr_full_inst/wptr_reg[3]/CLR
                            (recovery check against rising-edge clock write_clk_domain  {rise@0.000ns fall@5.000ns period=10.000ns})
  Path Group:             **async_default**
  Path Type:              Recovery (Max at Slow Process Corner)
  Requirement:            10.000ns  (write_clk_domain rise@10.000ns - write_clk_domain rise@0.000ns)
  Data Path Delay:        1.949ns  (logic 0.606ns (31.097%)  route 1.343ns (68.903%))
  Logic Levels:           1  (LUT1=1)
  Clock Path Skew:        -0.026ns (DCD - SCD + CPR)
    Destination Clock Delay (DCD):    4.283ns = ( 14.283 - 10.000 ) 
    Source Clock Delay      (SCD):    4.645ns
    Clock Pessimism Removal (CPR):    0.336ns
  Clock Uncertainty:      0.035ns  ((TSJ^2 + TIJ^2)^1/2 + DJ) / 2 + PE
    Total System Jitter     (TSJ):    0.071ns
    Total Input Jitter      (TIJ):    0.000ns
    Discrete Jitter          (DJ):    0.000ns
    Phase Error              (PE):    0.000ns

    Location             Delay type                Incr(ns)  Path(ns)    Netlist Resource(s)
  -------------------------------------------------------------------    -------------------
                         (clock write_clk_domain rise edge)
                                                      0.000     0.000 r  
    R16                                               0.000     0.000 r  wclk (IN)
                         net (fo=0)                   0.000     0.000    wclk
    R16                  IBUF (Prop_ibuf_I_O)         0.940     0.940 r  wclk_IBUF_inst/O
                         net (fo=1, routed)           1.972     2.911    wclk_IBUF
    BUFGCTRL_X0Y0        BUFG (Prop_bufg_I_O)         0.096     3.007 r  wclk_IBUF_BUFG_inst/O
                         net (fo=34, routed)          1.637     4.645    wrst_sync_inst/CLK
    SLICE_X0Y8           FDCE                                         r  wrst_sync_inst/sync_rst_n_reg/C
  -------------------------------------------------------------------    -------------------
    SLICE_X0Y8           FDCE (Prop_fdce_C_Q)         0.456     5.101 r  wrst_sync_inst/sync_rst_n_reg/Q
                         net (fo=1, routed)           0.801     5.902    wrst_sync_inst/sync_rst_n
    SLICE_X2Y8           LUT1 (Prop_lut1_I0_O)        0.150     6.052 f  wrst_sync_inst/wfull_i_2/O
                         net (fo=10, routed)          0.542     6.593    wptr_full_inst/wfull_reg_0
    SLICE_X3Y9           FDCE                                         f  wptr_full_inst/wptr_reg[3]/CLR
  -------------------------------------------------------------------    -------------------

                         (clock write_clk_domain rise edge)
                                                     10.000    10.000 r  
    R16                                               0.000    10.000 r  wclk (IN)
                         net (fo=0)                   0.000    10.000    wclk
    R16                  IBUF (Prop_ibuf_I_O)         0.806    10.806 r  wclk_IBUF_inst/O
                         net (fo=1, routed)           1.868    12.674    wclk_IBUF
    BUFGCTRL_X0Y0        BUFG (Prop_bufg_I_O)         0.091    12.765 r  wclk_IBUF_BUFG_inst/O
                         net (fo=34, routed)          1.517    14.283    wptr_full_inst/CLK
    SLICE_X3Y9           FDCE                                         r  wptr_full_inst/wptr_reg[3]/C
                         clock pessimism              0.336    14.619    
                         clock uncertainty           -0.035    14.583    
    SLICE_X3Y9           FDCE (Recov_fdce_C_CLR)     -0.636    13.947    wptr_full_inst/wptr_reg[3]
  -------------------------------------------------------------------
                         required time                         13.947    
                         arrival time                          -6.593    
  -------------------------------------------------------------------
                         slack                                  7.354    

Slack (MET) :             7.370ns  (required time - arrival time)
  Source:                 wrst_sync_inst/sync_rst_n_reg/C
                            (rising edge-triggered cell FDCE clocked by write_clk_domain  {rise@0.000ns fall@5.000ns period=10.000ns})
  Destination:            wptr_full_inst/wbin_reg[1]/CLR
                            (recovery check against rising-edge clock write_clk_domain  {rise@0.000ns fall@5.000ns period=10.000ns})
  Path Group:             **async_default**
  Path Type:              Recovery (Max at Slow Process Corner)
  Requirement:            10.000ns  (write_clk_domain rise@10.000ns - write_clk_domain rise@0.000ns)
  Data Path Delay:        1.917ns  (logic 0.606ns (31.613%)  route 1.311ns (68.387%))
  Logic Levels:           1  (LUT1=1)
  Clock Path Skew:        -0.042ns (DCD - SCD + CPR)
    Destination Clock Delay (DCD):    4.281ns = ( 14.281 - 10.000 ) 
    Source Clock Delay      (SCD):    4.645ns
    Clock Pessimism Removal (CPR):    0.322ns
  Clock Uncertainty:      0.035ns  ((TSJ^2 + TIJ^2)^1/2 + DJ) / 2 + PE
    Total System Jitter     (TSJ):    0.071ns
    Total Input Jitter      (TIJ):    0.000ns
    Discrete Jitter          (DJ):    0.000ns
    Phase Error              (PE):    0.000ns

    Location             Delay type                Incr(ns)  Path(ns)    Netlist Resource(s)
  -------------------------------------------------------------------    -------------------
                         (clock write_clk_domain rise edge)
                                                      0.000     0.000 r  
    R16                                               0.000     0.000 r  wclk (IN)
                         net (fo=0)                   0.000     0.000    wclk
    R16                  IBUF (Prop_ibuf_I_O)         0.940     0.940 r  wclk_IBUF_inst/O
                         net (fo=1, routed)           1.972     2.911    wclk_IBUF
    BUFGCTRL_X0Y0        BUFG (Prop_bufg_I_O)         0.096     3.007 r  wclk_IBUF_BUFG_inst/O
                         net (fo=34, routed)          1.637     4.645    wrst_sync_inst/CLK
    SLICE_X0Y8           FDCE                                         r  wrst_sync_inst/sync_rst_n_reg/C
  -------------------------------------------------------------------    -------------------
    SLICE_X0Y8           FDCE (Prop_fdce_C_Q)         0.456     5.101 r  wrst_sync_inst/sync_rst_n_reg/Q
                         net (fo=1, routed)           0.801     5.902    wrst_sync_inst/sync_rst_n
    SLICE_X2Y8           LUT1 (Prop_lut1_I0_O)        0.150     6.052 f  wrst_sync_inst/wfull_i_2/O
                         net (fo=10, routed)          0.510     6.562    wptr_full_inst/wfull_reg_0
    SLICE_X4Y9           FDCE                                         f  wptr_full_inst/wbin_reg[1]/CLR
  -------------------------------------------------------------------    -------------------

                         (clock write_clk_domain rise edge)
                                                     10.000    10.000 r  
    R16                                               0.000    10.000 r  wclk (IN)
                         net (fo=0)                   0.000    10.000    wclk
    R16                  IBUF (Prop_ibuf_I_O)         0.806    10.806 r  wclk_IBUF_inst/O
                         net (fo=1, routed)           1.868    12.674    wclk_IBUF
    BUFGCTRL_X0Y0        BUFG (Prop_bufg_I_O)         0.091    12.765 r  wclk_IBUF_BUFG_inst/O
                         net (fo=34, routed)          1.515    14.281    wptr_full_inst/CLK
    SLICE_X4Y9           FDCE                                         r  wptr_full_inst/wbin_reg[1]/C
                         clock pessimism              0.322    14.603    
                         clock uncertainty           -0.035    14.567    
    SLICE_X4Y9           FDCE (Recov_fdce_C_CLR)     -0.636    13.931    wptr_full_inst/wbin_reg[1]
  -------------------------------------------------------------------
                         required time                         13.931    
                         arrival time                          -6.562    
  -------------------------------------------------------------------
                         slack                                  7.370    

Slack (MET) :             7.370ns  (required time - arrival time)
  Source:                 wrst_sync_inst/sync_rst_n_reg/C
                            (rising edge-triggered cell FDCE clocked by write_clk_domain  {rise@0.000ns fall@5.000ns period=10.000ns})
  Destination:            wptr_full_inst/wbin_reg[2]/CLR
                            (recovery check against rising-edge clock write_clk_domain  {rise@0.000ns fall@5.000ns period=10.000ns})
  Path Group:             **async_default**
  Path Type:              Recovery (Max at Slow Process Corner)
  Requirement:            10.000ns  (write_clk_domain rise@10.000ns - write_clk_domain rise@0.000ns)
  Data Path Delay:        1.917ns  (logic 0.606ns (31.613%)  route 1.311ns (68.387%))
  Logic Levels:           1  (LUT1=1)
  Clock Path Skew:        -0.042ns (DCD - SCD + CPR)
    Destination Clock Delay (DCD):    4.281ns = ( 14.281 - 10.000 ) 
    Source Clock Delay      (SCD):    4.645ns
    Clock Pessimism Removal (CPR):    0.322ns
  Clock Uncertainty:      0.035ns  ((TSJ^2 + TIJ^2)^1/2 + DJ) / 2 + PE
    Total System Jitter     (TSJ):    0.071ns
    Total Input Jitter      (TIJ):    0.000ns
    Discrete Jitter          (DJ):    0.000ns
    Phase Error              (PE):    0.000ns

    Location             Delay type                Incr(ns)  Path(ns)    Netlist Resource(s)
  -------------------------------------------------------------------    -------------------
                         (clock write_clk_domain rise edge)
                                                      0.000     0.000 r  
    R16                                               0.000     0.000 r  wclk (IN)
                         net (fo=0)                   0.000     0.000    wclk
    R16                  IBUF (Prop_ibuf_I_O)         0.940     0.940 r  wclk_IBUF_inst/O
                         net (fo=1, routed)           1.972     2.911    wclk_IBUF
    BUFGCTRL_X0Y0        BUFG (Prop_bufg_I_O)         0.096     3.007 r  wclk_IBUF_BUFG_inst/O
                         net (fo=34, routed)          1.637     4.645    wrst_sync_inst/CLK
    SLICE_X0Y8           FDCE                                         r  wrst_sync_inst/sync_rst_n_reg/C
  -------------------------------------------------------------------    -------------------
    SLICE_X0Y8           FDCE (Prop_fdce_C_Q)         0.456     5.101 r  wrst_sync_inst/sync_rst_n_reg/Q
                         net (fo=1, routed)           0.801     5.902    wrst_sync_inst/sync_rst_n
    SLICE_X2Y8           LUT1 (Prop_lut1_I0_O)        0.150     6.052 f  wrst_sync_inst/wfull_i_2/O
                         net (fo=10, routed)          0.510     6.562    wptr_full_inst/wfull_reg_0
    SLICE_X4Y9           FDCE                                         f  wptr_full_inst/wbin_reg[2]/CLR
  -------------------------------------------------------------------    -------------------

                         (clock write_clk_domain rise edge)
                                                     10.000    10.000 r  
    R16                                               0.000    10.000 r  wclk (IN)
                         net (fo=0)                   0.000    10.000    wclk
    R16                  IBUF (Prop_ibuf_I_O)         0.806    10.806 r  wclk_IBUF_inst/O
                         net (fo=1, routed)           1.868    12.674    wclk_IBUF
    BUFGCTRL_X0Y0        BUFG (Prop_bufg_I_O)         0.091    12.765 r  wclk_IBUF_BUFG_inst/O
                         net (fo=34, routed)          1.515    14.281    wptr_full_inst/CLK
    SLICE_X4Y9           FDCE                                         r  wptr_full_inst/wbin_reg[2]/C
                         clock pessimism              0.322    14.603    
                         clock uncertainty           -0.035    14.567    
    SLICE_X4Y9           FDCE (Recov_fdce_C_CLR)     -0.636    13.931    wptr_full_inst/wbin_reg[2]
  -------------------------------------------------------------------
                         required time                         13.931    
                         arrival time                          -6.562    
  -------------------------------------------------------------------
                         slack                                  7.370    

Slack (MET) :             7.370ns  (required time - arrival time)
  Source:                 wrst_sync_inst/sync_rst_n_reg/C
                            (rising edge-triggered cell FDCE clocked by write_clk_domain  {rise@0.000ns fall@5.000ns period=10.000ns})
  Destination:            wptr_full_inst/wptr_reg[0]/CLR
                            (recovery check against rising-edge clock write_clk_domain  {rise@0.000ns fall@5.000ns period=10.000ns})
  Path Group:             **async_default**
  Path Type:              Recovery (Max at Slow Process Corner)
  Requirement:            10.000ns  (write_clk_domain rise@10.000ns - write_clk_domain rise@0.000ns)
  Data Path Delay:        1.917ns  (logic 0.606ns (31.613%)  route 1.311ns (68.387%))
  Logic Levels:           1  (LUT1=1)
  Clock Path Skew:        -0.042ns (DCD - SCD + CPR)
    Destination Clock Delay (DCD):    4.281ns = ( 14.281 - 10.000 ) 
    Source Clock Delay      (SCD):    4.645ns
    Clock Pessimism Removal (CPR):    0.322ns
  Clock Uncertainty:      0.035ns  ((TSJ^2 + TIJ^2)^1/2 + DJ) / 2 + PE
    Total System Jitter     (TSJ):    0.071ns
    Total Input Jitter      (TIJ):    0.000ns
    Discrete Jitter          (DJ):    0.000ns
    Phase Error              (PE):    0.000ns

    Location             Delay type                Incr(ns)  Path(ns)    Netlist Resource(s)
  -------------------------------------------------------------------    -------------------
                         (clock write_clk_domain rise edge)
                                                      0.000     0.000 r  
    R16                                               0.000     0.000 r  wclk (IN)
                         net (fo=0)                   0.000     0.000    wclk
    R16                  IBUF (Prop_ibuf_I_O)         0.940     0.940 r  wclk_IBUF_inst/O
                         net (fo=1, routed)           1.972     2.911    wclk_IBUF
    BUFGCTRL_X0Y0        BUFG (Prop_bufg_I_O)         0.096     3.007 r  wclk_IBUF_BUFG_inst/O
                         net (fo=34, routed)          1.637     4.645    wrst_sync_inst/CLK
    SLICE_X0Y8           FDCE                                         r  wrst_sync_inst/sync_rst_n_reg/C
  -------------------------------------------------------------------    -------------------
    SLICE_X0Y8           FDCE (Prop_fdce_C_Q)         0.456     5.101 r  wrst_sync_inst/sync_rst_n_reg/Q
                         net (fo=1, routed)           0.801     5.902    wrst_sync_inst/sync_rst_n
    SLICE_X2Y8           LUT1 (Prop_lut1_I0_O)        0.150     6.052 f  wrst_sync_inst/wfull_i_2/O
                         net (fo=10, routed)          0.510     6.562    wptr_full_inst/wfull_reg_0
    SLICE_X4Y9           FDCE                                         f  wptr_full_inst/wptr_reg[0]/CLR
  -------------------------------------------------------------------    -------------------

                         (clock write_clk_domain rise edge)
                                                     10.000    10.000 r  
    R16                                               0.000    10.000 r  wclk (IN)
                         net (fo=0)                   0.000    10.000    wclk
    R16                  IBUF (Prop_ibuf_I_O)         0.806    10.806 r  wclk_IBUF_inst/O
                         net (fo=1, routed)           1.868    12.674    wclk_IBUF
    BUFGCTRL_X0Y0        BUFG (Prop_bufg_I_O)         0.091    12.765 r  wclk_IBUF_BUFG_inst/O
                         net (fo=34, routed)          1.515    14.281    wptr_full_inst/CLK
    SLICE_X4Y9           FDCE                                         r  wptr_full_inst/wptr_reg[0]/C
                         clock pessimism              0.322    14.603    
                         clock uncertainty           -0.035    14.567    
    SLICE_X4Y9           FDCE (Recov_fdce_C_CLR)     -0.636    13.931    wptr_full_inst/wptr_reg[0]
  -------------------------------------------------------------------
                         required time                         13.931    
                         arrival time                          -6.562    
  -------------------------------------------------------------------
                         slack                                  7.370    

Slack (MET) :             7.370ns  (required time - arrival time)
  Source:                 wrst_sync_inst/sync_rst_n_reg/C
                            (rising edge-triggered cell FDCE clocked by write_clk_domain  {rise@0.000ns fall@5.000ns period=10.000ns})
  Destination:            wptr_full_inst/wptr_reg[1]/CLR
                            (recovery check against rising-edge clock write_clk_domain  {rise@0.000ns fall@5.000ns period=10.000ns})
  Path Group:             **async_default**
  Path Type:              Recovery (Max at Slow Process Corner)
  Requirement:            10.000ns  (write_clk_domain rise@10.000ns - write_clk_domain rise@0.000ns)
  Data Path Delay:        1.917ns  (logic 0.606ns (31.613%)  route 1.311ns (68.387%))
  Logic Levels:           1  (LUT1=1)
  Clock Path Skew:        -0.042ns (DCD - SCD + CPR)
    Destination Clock Delay (DCD):    4.281ns = ( 14.281 - 10.000 ) 
    Source Clock Delay      (SCD):    4.645ns
    Clock Pessimism Removal (CPR):    0.322ns
  Clock Uncertainty:      0.035ns  ((TSJ^2 + TIJ^2)^1/2 + DJ) / 2 + PE
    Total System Jitter     (TSJ):    0.071ns
    Total Input Jitter      (TIJ):    0.000ns
    Discrete Jitter          (DJ):    0.000ns
    Phase Error              (PE):    0.000ns

    Location             Delay type                Incr(ns)  Path(ns)    Netlist Resource(s)
  -------------------------------------------------------------------    -------------------
                         (clock write_clk_domain rise edge)
                                                      0.000     0.000 r  
    R16                                               0.000     0.000 r  wclk (IN)
                         net (fo=0)                   0.000     0.000    wclk
    R16                  IBUF (Prop_ibuf_I_O)         0.940     0.940 r  wclk_IBUF_inst/O
                         net (fo=1, routed)           1.972     2.911    wclk_IBUF
    BUFGCTRL_X0Y0        BUFG (Prop_bufg_I_O)         0.096     3.007 r  wclk_IBUF_BUFG_inst/O
                         net (fo=34, routed)          1.637     4.645    wrst_sync_inst/CLK
    SLICE_X0Y8           FDCE                                         r  wrst_sync_inst/sync_rst_n_reg/C
  -------------------------------------------------------------------    -------------------
    SLICE_X0Y8           FDCE (Prop_fdce_C_Q)         0.456     5.101 r  wrst_sync_inst/sync_rst_n_reg/Q
                         net (fo=1, routed)           0.801     5.902    wrst_sync_inst/sync_rst_n
    SLICE_X2Y8           LUT1 (Prop_lut1_I0_O)        0.150     6.052 f  wrst_sync_inst/wfull_i_2/O
                         net (fo=10, routed)          0.510     6.562    wptr_full_inst/wfull_reg_0
    SLICE_X4Y9           FDCE                                         f  wptr_full_inst/wptr_reg[1]/CLR
  -------------------------------------------------------------------    -------------------

                         (clock write_clk_domain rise edge)
                                                     10.000    10.000 r  
    R16                                               0.000    10.000 r  wclk (IN)
                         net (fo=0)                   0.000    10.000    wclk
    R16                  IBUF (Prop_ibuf_I_O)         0.806    10.806 r  wclk_IBUF_inst/O
                         net (fo=1, routed)           1.868    12.674    wclk_IBUF
    BUFGCTRL_X0Y0        BUFG (Prop_bufg_I_O)         0.091    12.765 r  wclk_IBUF_BUFG_inst/O
                         net (fo=34, routed)          1.515    14.281    wptr_full_inst/CLK
    SLICE_X4Y9           FDCE                                         r  wptr_full_inst/wptr_reg[1]/C
                         clock pessimism              0.322    14.603    
                         clock uncertainty           -0.035    14.567    
    SLICE_X4Y9           FDCE (Recov_fdce_C_CLR)     -0.636    13.931    wptr_full_inst/wptr_reg[1]
  -------------------------------------------------------------------
                         required time                         13.931    
                         arrival time                          -6.562    
  -------------------------------------------------------------------
                         slack                                  7.370    





Min Delay Paths
--------------------------------------------------------------------------------------
Slack (MET) :             0.754ns  (arrival time - required time)
  Source:                 wrst_sync_inst/sync_rst_n_reg/C
                            (rising edge-triggered cell FDCE clocked by write_clk_domain  {rise@0.000ns fall@5.000ns period=10.000ns})
  Destination:            wptr_full_inst/wbin_reg[1]/CLR
                            (removal check against rising-edge clock write_clk_domain  {rise@0.000ns fall@5.000ns period=10.000ns})
  Path Group:             **async_default**
  Path Type:              Removal (Min at Fast Process Corner)
  Requirement:            0.000ns  (write_clk_domain rise@0.000ns - write_clk_domain rise@0.000ns)
  Data Path Delay:        0.623ns  (logic 0.185ns (29.697%)  route 0.438ns (70.303%))
  Logic Levels:           1  (LUT1=1)
  Clock Path Skew:        0.035ns (DCD - SCD - CPR)
    Destination Clock Delay (DCD):    1.938ns
    Source Clock Delay      (SCD):    1.423ns
    Clock Pessimism Removal (CPR):    0.480ns

    Location             Delay type                Incr(ns)  Path(ns)    Netlist Resource(s)
  -------------------------------------------------------------------    -------------------
                         (clock write_clk_domain rise edge)
                                                      0.000     0.000 r  
    R16                                               0.000     0.000 r  wclk (IN)
                         net (fo=0)                   0.000     0.000    wclk
    R16                  IBUF (Prop_ibuf_I_O)         0.169     0.169 r  wclk_IBUF_inst/O
                         net (fo=1, routed)           0.634     0.803    wclk_IBUF
    BUFGCTRL_X0Y0        BUFG (Prop_bufg_I_O)         0.026     0.829 r  wclk_IBUF_BUFG_inst/O
                         net (fo=34, routed)          0.594     1.423    wrst_sync_inst/CLK
    SLICE_X0Y8           FDCE                                         r  wrst_sync_inst/sync_rst_n_reg/C
  -------------------------------------------------------------------    -------------------
    SLICE_X0Y8           FDCE (Prop_fdce_C_Q)         0.141     1.564 r  wrst_sync_inst/sync_rst_n_reg/Q
                         net (fo=1, routed)           0.238     1.801    wrst_sync_inst/sync_rst_n
    SLICE_X2Y8           LUT1 (Prop_lut1_I0_O)        0.044     1.845 f  wrst_sync_inst/wfull_i_2/O
                         net (fo=10, routed)          0.200     2.046    wptr_full_inst/wfull_reg_0
    SLICE_X4Y9           FDCE                                         f  wptr_full_inst/wbin_reg[1]/CLR
  -------------------------------------------------------------------    -------------------

                         (clock write_clk_domain rise edge)
                                                      0.000     0.000 r  
    R16                                               0.000     0.000 r  wclk (IN)
                         net (fo=0)                   0.000     0.000    wclk
    R16                  IBUF (Prop_ibuf_I_O)         0.357     0.357 r  wclk_IBUF_inst/O
                         net (fo=1, routed)           0.689     1.046    wclk_IBUF
    BUFGCTRL_X0Y0        BUFG (Prop_bufg_I_O)         0.029     1.075 r  wclk_IBUF_BUFG_inst/O
                         net (fo=34, routed)          0.863     1.938    wptr_full_inst/CLK
    SLICE_X4Y9           FDCE                                         r  wptr_full_inst/wbin_reg[1]/C
                         clock pessimism             -0.480     1.458    
    SLICE_X4Y9           FDCE (Remov_fdce_C_CLR)     -0.166     1.292    wptr_full_inst/wbin_reg[1]
  -------------------------------------------------------------------
                         required time                         -1.292    
                         arrival time                           2.046    
  -------------------------------------------------------------------
                         slack                                  0.754    

Slack (MET) :             0.754ns  (arrival time - required time)
  Source:                 wrst_sync_inst/sync_rst_n_reg/C
                            (rising edge-triggered cell FDCE clocked by write_clk_domain  {rise@0.000ns fall@5.000ns period=10.000ns})
  Destination:            wptr_full_inst/wbin_reg[2]/CLR
                            (removal check against rising-edge clock write_clk_domain  {rise@0.000ns fall@5.000ns period=10.000ns})
  Path Group:             **async_default**
  Path Type:              Removal (Min at Fast Process Corner)
  Requirement:            0.000ns  (write_clk_domain rise@0.000ns - write_clk_domain rise@0.000ns)
  Data Path Delay:        0.623ns  (logic 0.185ns (29.697%)  route 0.438ns (70.303%))
  Logic Levels:           1  (LUT1=1)
  Clock Path Skew:        0.035ns (DCD - SCD - CPR)
    Destination Clock Delay (DCD):    1.938ns
    Source Clock Delay      (SCD):    1.423ns
    Clock Pessimism Removal (CPR):    0.480ns

    Location             Delay type                Incr(ns)  Path(ns)    Netlist Resource(s)
  -------------------------------------------------------------------    -------------------
                         (clock write_clk_domain rise edge)
                                                      0.000     0.000 r  
    R16                                               0.000     0.000 r  wclk (IN)
                         net (fo=0)                   0.000     0.000    wclk
    R16                  IBUF (Prop_ibuf_I_O)         0.169     0.169 r  wclk_IBUF_inst/O
                         net (fo=1, routed)           0.634     0.803    wclk_IBUF
    BUFGCTRL_X0Y0        BUFG (Prop_bufg_I_O)         0.026     0.829 r  wclk_IBUF_BUFG_inst/O
                         net (fo=34, routed)          0.594     1.423    wrst_sync_inst/CLK
    SLICE_X0Y8           FDCE                                         r  wrst_sync_inst/sync_rst_n_reg/C
  -------------------------------------------------------------------    -------------------
    SLICE_X0Y8           FDCE (Prop_fdce_C_Q)         0.141     1.564 r  wrst_sync_inst/sync_rst_n_reg/Q
                         net (fo=1, routed)           0.238     1.801    wrst_sync_inst/sync_rst_n
    SLICE_X2Y8           LUT1 (Prop_lut1_I0_O)        0.044     1.845 f  wrst_sync_inst/wfull_i_2/O
                         net (fo=10, routed)          0.200     2.046    wptr_full_inst/wfull_reg_0
    SLICE_X4Y9           FDCE                                         f  wptr_full_inst/wbin_reg[2]/CLR
  -------------------------------------------------------------------    -------------------

                         (clock write_clk_domain rise edge)
                                                      0.000     0.000 r  
    R16                                               0.000     0.000 r  wclk (IN)
                         net (fo=0)                   0.000     0.000    wclk
    R16                  IBUF (Prop_ibuf_I_O)         0.357     0.357 r  wclk_IBUF_inst/O
                         net (fo=1, routed)           0.689     1.046    wclk_IBUF
    BUFGCTRL_X0Y0        BUFG (Prop_bufg_I_O)         0.029     1.075 r  wclk_IBUF_BUFG_inst/O
                         net (fo=34, routed)          0.863     1.938    wptr_full_inst/CLK
    SLICE_X4Y9           FDCE                                         r  wptr_full_inst/wbin_reg[2]/C
                         clock pessimism             -0.480     1.458    
    SLICE_X4Y9           FDCE (Remov_fdce_C_CLR)     -0.166     1.292    wptr_full_inst/wbin_reg[2]
  -------------------------------------------------------------------
                         required time                         -1.292    
                         arrival time                           2.046    
  -------------------------------------------------------------------
                         slack                                  0.754    

Slack (MET) :             0.754ns  (arrival time - required time)
  Source:                 wrst_sync_inst/sync_rst_n_reg/C
                            (rising edge-triggered cell FDCE clocked by write_clk_domain  {rise@0.000ns fall@5.000ns period=10.000ns})
  Destination:            wptr_full_inst/wptr_reg[0]/CLR
                            (removal check against rising-edge clock write_clk_domain  {rise@0.000ns fall@5.000ns period=10.000ns})
  Path Group:             **async_default**
  Path Type:              Removal (Min at Fast Process Corner)
  Requirement:            0.000ns  (write_clk_domain rise@0.000ns - write_clk_domain rise@0.000ns)
  Data Path Delay:        0.623ns  (logic 0.185ns (29.697%)  route 0.438ns (70.303%))
  Logic Levels:           1  (LUT1=1)
  Clock Path Skew:        0.035ns (DCD - SCD - CPR)
    Destination Clock Delay (DCD):    1.938ns
    Source Clock Delay      (SCD):    1.423ns
    Clock Pessimism Removal (CPR):    0.480ns

    Location             Delay type                Incr(ns)  Path(ns)    Netlist Resource(s)
  -------------------------------------------------------------------    -------------------
                         (clock write_clk_domain rise edge)
                                                      0.000     0.000 r  
    R16                                               0.000     0.000 r  wclk (IN)
                         net (fo=0)                   0.000     0.000    wclk
    R16                  IBUF (Prop_ibuf_I_O)         0.169     0.169 r  wclk_IBUF_inst/O
                         net (fo=1, routed)           0.634     0.803    wclk_IBUF
    BUFGCTRL_X0Y0        BUFG (Prop_bufg_I_O)         0.026     0.829 r  wclk_IBUF_BUFG_inst/O
                         net (fo=34, routed)          0.594     1.423    wrst_sync_inst/CLK
    SLICE_X0Y8           FDCE                                         r  wrst_sync_inst/sync_rst_n_reg/C
  -------------------------------------------------------------------    -------------------
    SLICE_X0Y8           FDCE (Prop_fdce_C_Q)         0.141     1.564 r  wrst_sync_inst/sync_rst_n_reg/Q
                         net (fo=1, routed)           0.238     1.801    wrst_sync_inst/sync_rst_n
    SLICE_X2Y8           LUT1 (Prop_lut1_I0_O)        0.044     1.845 f  wrst_sync_inst/wfull_i_2/O
                         net (fo=10, routed)          0.200     2.046    wptr_full_inst/wfull_reg_0
    SLICE_X4Y9           FDCE                                         f  wptr_full_inst/wptr_reg[0]/CLR
  -------------------------------------------------------------------    -------------------

                         (clock write_clk_domain rise edge)
                                                      0.000     0.000 r  
    R16                                               0.000     0.000 r  wclk (IN)
                         net (fo=0)                   0.000     0.000    wclk
    R16                  IBUF (Prop_ibuf_I_O)         0.357     0.357 r  wclk_IBUF_inst/O
                         net (fo=1, routed)           0.689     1.046    wclk_IBUF
    BUFGCTRL_X0Y0        BUFG (Prop_bufg_I_O)         0.029     1.075 r  wclk_IBUF_BUFG_inst/O
                         net (fo=34, routed)          0.863     1.938    wptr_full_inst/CLK
    SLICE_X4Y9           FDCE                                         r  wptr_full_inst/wptr_reg[0]/C
                         clock pessimism             -0.480     1.458    
    SLICE_X4Y9           FDCE (Remov_fdce_C_CLR)     -0.166     1.292    wptr_full_inst/wptr_reg[0]
  -------------------------------------------------------------------
                         required time                         -1.292    
                         arrival time                           2.046    
  -------------------------------------------------------------------
                         slack                                  0.754    

Slack (MET) :             0.754ns  (arrival time - required time)
  Source:                 wrst_sync_inst/sync_rst_n_reg/C
                            (rising edge-triggered cell FDCE clocked by write_clk_domain  {rise@0.000ns fall@5.000ns period=10.000ns})
  Destination:            wptr_full_inst/wptr_reg[1]/CLR
                            (removal check against rising-edge clock write_clk_domain  {rise@0.000ns fall@5.000ns period=10.000ns})
  Path Group:             **async_default**
  Path Type:              Removal (Min at Fast Process Corner)
  Requirement:            0.000ns  (write_clk_domain rise@0.000ns - write_clk_domain rise@0.000ns)
  Data Path Delay:        0.623ns  (logic 0.185ns (29.697%)  route 0.438ns (70.303%))
  Logic Levels:           1  (LUT1=1)
  Clock Path Skew:        0.035ns (DCD - SCD - CPR)
    Destination Clock Delay (DCD):    1.938ns
    Source Clock Delay      (SCD):    1.423ns
    Clock Pessimism Removal (CPR):    0.480ns

    Location             Delay type                Incr(ns)  Path(ns)    Netlist Resource(s)
  -------------------------------------------------------------------    -------------------
                         (clock write_clk_domain rise edge)
                                                      0.000     0.000 r  
    R16                                               0.000     0.000 r  wclk (IN)
                         net (fo=0)                   0.000     0.000    wclk
    R16                  IBUF (Prop_ibuf_I_O)         0.169     0.169 r  wclk_IBUF_inst/O
                         net (fo=1, routed)           0.634     0.803    wclk_IBUF
    BUFGCTRL_X0Y0        BUFG (Prop_bufg_I_O)         0.026     0.829 r  wclk_IBUF_BUFG_inst/O
                         net (fo=34, routed)          0.594     1.423    wrst_sync_inst/CLK
    SLICE_X0Y8           FDCE                                         r  wrst_sync_inst/sync_rst_n_reg/C
  -------------------------------------------------------------------    -------------------
    SLICE_X0Y8           FDCE (Prop_fdce_C_Q)         0.141     1.564 r  wrst_sync_inst/sync_rst_n_reg/Q
                         net (fo=1, routed)           0.238     1.801    wrst_sync_inst/sync_rst_n
    SLICE_X2Y8           LUT1 (Prop_lut1_I0_O)        0.044     1.845 f  wrst_sync_inst/wfull_i_2/O
                         net (fo=10, routed)          0.200     2.046    wptr_full_inst/wfull_reg_0
    SLICE_X4Y9           FDCE                                         f  wptr_full_inst/wptr_reg[1]/CLR
  -------------------------------------------------------------------    -------------------

                         (clock write_clk_domain rise edge)
                                                      0.000     0.000 r  
    R16                                               0.000     0.000 r  wclk (IN)
                         net (fo=0)                   0.000     0.000    wclk
    R16                  IBUF (Prop_ibuf_I_O)         0.357     0.357 r  wclk_IBUF_inst/O
                         net (fo=1, routed)           0.689     1.046    wclk_IBUF
    BUFGCTRL_X0Y0        BUFG (Prop_bufg_I_O)         0.029     1.075 r  wclk_IBUF_BUFG_inst/O
                         net (fo=34, routed)          0.863     1.938    wptr_full_inst/CLK
    SLICE_X4Y9           FDCE                                         r  wptr_full_inst/wptr_reg[1]/C
                         clock pessimism             -0.480     1.458    
    SLICE_X4Y9           FDCE (Remov_fdce_C_CLR)     -0.166     1.292    wptr_full_inst/wptr_reg[1]
  -------------------------------------------------------------------
                         required time                         -1.292    
                         arrival time                           2.046    
  -------------------------------------------------------------------
                         slack                                  0.754    

Slack (MET) :             0.779ns  (arrival time - required time)
  Source:                 wrst_sync_inst/sync_rst_n_reg/C
                            (rising edge-triggered cell FDCE clocked by write_clk_domain  {rise@0.000ns fall@5.000ns period=10.000ns})
  Destination:            wptr_full_inst/wbin_reg[0]/CLR
                            (removal check against rising-edge clock write_clk_domain  {rise@0.000ns fall@5.000ns period=10.000ns})
  Path Group:             **async_default**
  Path Type:              Removal (Min at Fast Process Corner)
  Requirement:            0.000ns  (write_clk_domain rise@0.000ns - write_clk_domain rise@0.000ns)
  Data Path Delay:        0.629ns  (logic 0.185ns (29.424%)  route 0.444ns (70.576%))
  Logic Levels:           1  (LUT1=1)
  Clock Path Skew:        0.016ns (DCD - SCD - CPR)
    Destination Clock Delay (DCD):    1.940ns
    Source Clock Delay      (SCD):    1.423ns
    Clock Pessimism Removal (CPR):    0.501ns

    Location             Delay type                Incr(ns)  Path(ns)    Netlist Resource(s)
  -------------------------------------------------------------------    -------------------
                         (clock write_clk_domain rise edge)
                                                      0.000     0.000 r  
    R16                                               0.000     0.000 r  wclk (IN)
                         net (fo=0)                   0.000     0.000    wclk
    R16                  IBUF (Prop_ibuf_I_O)         0.169     0.169 r  wclk_IBUF_inst/O
                         net (fo=1, routed)           0.634     0.803    wclk_IBUF
    BUFGCTRL_X0Y0        BUFG (Prop_bufg_I_O)         0.026     0.829 r  wclk_IBUF_BUFG_inst/O
                         net (fo=34, routed)          0.594     1.423    wrst_sync_inst/CLK
    SLICE_X0Y8           FDCE                                         r  wrst_sync_inst/sync_rst_n_reg/C
  -------------------------------------------------------------------    -------------------
    SLICE_X0Y8           FDCE (Prop_fdce_C_Q)         0.141     1.564 r  wrst_sync_inst/sync_rst_n_reg/Q
                         net (fo=1, routed)           0.238     1.801    wrst_sync_inst/sync_rst_n
    SLICE_X2Y8           LUT1 (Prop_lut1_I0_O)        0.044     1.845 f  wrst_sync_inst/wfull_i_2/O
                         net (fo=10, routed)          0.206     2.051    wptr_full_inst/wfull_reg_0
    SLICE_X3Y9           FDCE                                         f  wptr_full_inst/wbin_reg[0]/CLR
  -------------------------------------------------------------------    -------------------

                         (clock write_clk_domain rise edge)
                                                      0.000     0.000 r  
    R16                                               0.000     0.000 r  wclk (IN)
                         net (fo=0)                   0.000     0.000    wclk
    R16                  IBUF (Prop_ibuf_I_O)         0.357     0.357 r  wclk_IBUF_inst/O
                         net (fo=1, routed)           0.689     1.046    wclk_IBUF
    BUFGCTRL_X0Y0        BUFG (Prop_bufg_I_O)         0.029     1.075 r  wclk_IBUF_BUFG_inst/O
                         net (fo=34, routed)          0.865     1.940    wptr_full_inst/CLK
    SLICE_X3Y9           FDCE                                         r  wptr_full_inst/wbin_reg[0]/C
                         clock pessimism             -0.501     1.439    
    SLICE_X3Y9           FDCE (Remov_fdce_C_CLR)     -0.166     1.273    wptr_full_inst/wbin_reg[0]
  -------------------------------------------------------------------
                         required time                         -1.273    
                         arrival time                           2.051    
  -------------------------------------------------------------------
                         slack                                  0.779    

Slack (MET) :             0.779ns  (arrival time - required time)
  Source:                 wrst_sync_inst/sync_rst_n_reg/C
                            (rising edge-triggered cell FDCE clocked by write_clk_domain  {rise@0.000ns fall@5.000ns period=10.000ns})
  Destination:            wptr_full_inst/wbin_reg[3]/CLR
                            (removal check against rising-edge clock write_clk_domain  {rise@0.000ns fall@5.000ns period=10.000ns})
  Path Group:             **async_default**
  Path Type:              Removal (Min at Fast Process Corner)
  Requirement:            0.000ns  (write_clk_domain rise@0.000ns - write_clk_domain rise@0.000ns)
  Data Path Delay:        0.629ns  (logic 0.185ns (29.424%)  route 0.444ns (70.576%))
  Logic Levels:           1  (LUT1=1)
  Clock Path Skew:        0.016ns (DCD - SCD - CPR)
    Destination Clock Delay (DCD):    1.940ns
    Source Clock Delay      (SCD):    1.423ns
    Clock Pessimism Removal (CPR):    0.501ns

    Location             Delay type                Incr(ns)  Path(ns)    Netlist Resource(s)
  -------------------------------------------------------------------    -------------------
                         (clock write_clk_domain rise edge)
                                                      0.000     0.000 r  
    R16                                               0.000     0.000 r  wclk (IN)
                         net (fo=0)                   0.000     0.000    wclk
    R16                  IBUF (Prop_ibuf_I_O)         0.169     0.169 r  wclk_IBUF_inst/O
                         net (fo=1, routed)           0.634     0.803    wclk_IBUF
    BUFGCTRL_X0Y0        BUFG (Prop_bufg_I_O)         0.026     0.829 r  wclk_IBUF_BUFG_inst/O
                         net (fo=34, routed)          0.594     1.423    wrst_sync_inst/CLK
    SLICE_X0Y8           FDCE                                         r  wrst_sync_inst/sync_rst_n_reg/C
  -------------------------------------------------------------------    -------------------
    SLICE_X0Y8           FDCE (Prop_fdce_C_Q)         0.141     1.564 r  wrst_sync_inst/sync_rst_n_reg/Q
                         net (fo=1, routed)           0.238     1.801    wrst_sync_inst/sync_rst_n
    SLICE_X2Y8           LUT1 (Prop_lut1_I0_O)        0.044     1.845 f  wrst_sync_inst/wfull_i_2/O
                         net (fo=10, routed)          0.206     2.051    wptr_full_inst/wfull_reg_0
    SLICE_X3Y9           FDCE                                         f  wptr_full_inst/wbin_reg[3]/CLR
  -------------------------------------------------------------------    -------------------

                         (clock write_clk_domain rise edge)
                                                      0.000     0.000 r  
    R16                                               0.000     0.000 r  wclk (IN)
                         net (fo=0)                   0.000     0.000    wclk
    R16                  IBUF (Prop_ibuf_I_O)         0.357     0.357 r  wclk_IBUF_inst/O
                         net (fo=1, routed)           0.689     1.046    wclk_IBUF
    BUFGCTRL_X0Y0        BUFG (Prop_bufg_I_O)         0.029     1.075 r  wclk_IBUF_BUFG_inst/O
                         net (fo=34, routed)          0.865     1.940    wptr_full_inst/CLK
    SLICE_X3Y9           FDCE                                         r  wptr_full_inst/wbin_reg[3]/C
                         clock pessimism             -0.501     1.439    
    SLICE_X3Y9           FDCE (Remov_fdce_C_CLR)     -0.166     1.273    wptr_full_inst/wbin_reg[3]
  -------------------------------------------------------------------
                         required time                         -1.273    
                         arrival time                           2.051    
  -------------------------------------------------------------------
                         slack                                  0.779    

Slack (MET) :             0.779ns  (arrival time - required time)
  Source:                 wrst_sync_inst/sync_rst_n_reg/C
                            (rising edge-triggered cell FDCE clocked by write_clk_domain  {rise@0.000ns fall@5.000ns period=10.000ns})
  Destination:            wptr_full_inst/wbin_reg[4]/CLR
                            (removal check against rising-edge clock write_clk_domain  {rise@0.000ns fall@5.000ns period=10.000ns})
  Path Group:             **async_default**
  Path Type:              Removal (Min at Fast Process Corner)
  Requirement:            0.000ns  (write_clk_domain rise@0.000ns - write_clk_domain rise@0.000ns)
  Data Path Delay:        0.629ns  (logic 0.185ns (29.424%)  route 0.444ns (70.576%))
  Logic Levels:           1  (LUT1=1)
  Clock Path Skew:        0.016ns (DCD - SCD - CPR)
    Destination Clock Delay (DCD):    1.940ns
    Source Clock Delay      (SCD):    1.423ns
    Clock Pessimism Removal (CPR):    0.501ns

    Location             Delay type                Incr(ns)  Path(ns)    Netlist Resource(s)
  -------------------------------------------------------------------    -------------------
                         (clock write_clk_domain rise edge)
                                                      0.000     0.000 r  
    R16                                               0.000     0.000 r  wclk (IN)
                         net (fo=0)                   0.000     0.000    wclk
    R16                  IBUF (Prop_ibuf_I_O)         0.169     0.169 r  wclk_IBUF_inst/O
                         net (fo=1, routed)           0.634     0.803    wclk_IBUF
    BUFGCTRL_X0Y0        BUFG (Prop_bufg_I_O)         0.026     0.829 r  wclk_IBUF_BUFG_inst/O
                         net (fo=34, routed)          0.594     1.423    wrst_sync_inst/CLK
    SLICE_X0Y8           FDCE                                         r  wrst_sync_inst/sync_rst_n_reg/C
  -------------------------------------------------------------------    -------------------
    SLICE_X0Y8           FDCE (Prop_fdce_C_Q)         0.141     1.564 r  wrst_sync_inst/sync_rst_n_reg/Q
                         net (fo=1, routed)           0.238     1.801    wrst_sync_inst/sync_rst_n
    SLICE_X2Y8           LUT1 (Prop_lut1_I0_O)        0.044     1.845 f  wrst_sync_inst/wfull_i_2/O
                         net (fo=10, routed)          0.206     2.051    wptr_full_inst/wfull_reg_0
    SLICE_X3Y9           FDCE                                         f  wptr_full_inst/wbin_reg[4]/CLR
  -------------------------------------------------------------------    -------------------

                         (clock write_clk_domain rise edge)
                                                      0.000     0.000 r  
    R16                                               0.000     0.000 r  wclk (IN)
                         net (fo=0)                   0.000     0.000    wclk
    R16                  IBUF (Prop_ibuf_I_O)         0.357     0.357 r  wclk_IBUF_inst/O
                         net (fo=1, routed)           0.689     1.046    wclk_IBUF
    BUFGCTRL_X0Y0        BUFG (Prop_bufg_I_O)         0.029     1.075 r  wclk_IBUF_BUFG_inst/O
                         net (fo=34, routed)          0.865     1.940    wptr_full_inst/CLK
    SLICE_X3Y9           FDCE                                         r  wptr_full_inst/wbin_reg[4]/C
                         clock pessimism             -0.501     1.439    
    SLICE_X3Y9           FDCE (Remov_fdce_C_CLR)     -0.166     1.273    wptr_full_inst/wbin_reg[4]
  -------------------------------------------------------------------
                         required time                         -1.273    
                         arrival time                           2.051    
  -------------------------------------------------------------------
                         slack                                  0.779    

Slack (MET) :             0.779ns  (arrival time - required time)
  Source:                 wrst_sync_inst/sync_rst_n_reg/C
                            (rising edge-triggered cell FDCE clocked by write_clk_domain  {rise@0.000ns fall@5.000ns period=10.000ns})
  Destination:            wptr_full_inst/wfull_reg/CLR
                            (removal check against rising-edge clock write_clk_domain  {rise@0.000ns fall@5.000ns period=10.000ns})
  Path Group:             **async_default**
  Path Type:              Removal (Min at Fast Process Corner)
  Requirement:            0.000ns  (write_clk_domain rise@0.000ns - write_clk_domain rise@0.000ns)
  Data Path Delay:        0.629ns  (logic 0.185ns (29.424%)  route 0.444ns (70.576%))
  Logic Levels:           1  (LUT1=1)
  Clock Path Skew:        0.016ns (DCD - SCD - CPR)
    Destination Clock Delay (DCD):    1.940ns
    Source Clock Delay      (SCD):    1.423ns
    Clock Pessimism Removal (CPR):    0.501ns

    Location             Delay type                Incr(ns)  Path(ns)    Netlist Resource(s)
  -------------------------------------------------------------------    -------------------
                         (clock write_clk_domain rise edge)
                                                      0.000     0.000 r  
    R16                                               0.000     0.000 r  wclk (IN)
                         net (fo=0)                   0.000     0.000    wclk
    R16                  IBUF (Prop_ibuf_I_O)         0.169     0.169 r  wclk_IBUF_inst/O
                         net (fo=1, routed)           0.634     0.803    wclk_IBUF
    BUFGCTRL_X0Y0        BUFG (Prop_bufg_I_O)         0.026     0.829 r  wclk_IBUF_BUFG_inst/O
                         net (fo=34, routed)          0.594     1.423    wrst_sync_inst/CLK
    SLICE_X0Y8           FDCE                                         r  wrst_sync_inst/sync_rst_n_reg/C
  -------------------------------------------------------------------    -------------------
    SLICE_X0Y8           FDCE (Prop_fdce_C_Q)         0.141     1.564 r  wrst_sync_inst/sync_rst_n_reg/Q
                         net (fo=1, routed)           0.238     1.801    wrst_sync_inst/sync_rst_n
    SLICE_X2Y8           LUT1 (Prop_lut1_I0_O)        0.044     1.845 f  wrst_sync_inst/wfull_i_2/O
                         net (fo=10, routed)          0.206     2.051    wptr_full_inst/wfull_reg_0
    SLICE_X3Y9           FDCE                                         f  wptr_full_inst/wfull_reg/CLR
  -------------------------------------------------------------------    -------------------

                         (clock write_clk_domain rise edge)
                                                      0.000     0.000 r  
    R16                                               0.000     0.000 r  wclk (IN)
                         net (fo=0)                   0.000     0.000    wclk
    R16                  IBUF (Prop_ibuf_I_O)         0.357     0.357 r  wclk_IBUF_inst/O
                         net (fo=1, routed)           0.689     1.046    wclk_IBUF
    BUFGCTRL_X0Y0        BUFG (Prop_bufg_I_O)         0.029     1.075 r  wclk_IBUF_BUFG_inst/O
                         net (fo=34, routed)          0.865     1.940    wptr_full_inst/CLK
    SLICE_X3Y9           FDCE                                         r  wptr_full_inst/wfull_reg/C
                         clock pessimism             -0.501     1.439    
    SLICE_X3Y9           FDCE (Remov_fdce_C_CLR)     -0.166     1.273    wptr_full_inst/wfull_reg
  -------------------------------------------------------------------
                         required time                         -1.273    
                         arrival time                           2.051    
  -------------------------------------------------------------------
                         slack                                  0.779    

Slack (MET) :             0.779ns  (arrival time - required time)
  Source:                 wrst_sync_inst/sync_rst_n_reg/C
                            (rising edge-triggered cell FDCE clocked by write_clk_domain  {rise@0.000ns fall@5.000ns period=10.000ns})
  Destination:            wptr_full_inst/wptr_reg[2]/CLR
                            (removal check against rising-edge clock write_clk_domain  {rise@0.000ns fall@5.000ns period=10.000ns})
  Path Group:             **async_default**
  Path Type:              Removal (Min at Fast Process Corner)
  Requirement:            0.000ns  (write_clk_domain rise@0.000ns - write_clk_domain rise@0.000ns)
  Data Path Delay:        0.629ns  (logic 0.185ns (29.424%)  route 0.444ns (70.576%))
  Logic Levels:           1  (LUT1=1)
  Clock Path Skew:        0.016ns (DCD - SCD - CPR)
    Destination Clock Delay (DCD):    1.940ns
    Source Clock Delay      (SCD):    1.423ns
    Clock Pessimism Removal (CPR):    0.501ns

    Location             Delay type                Incr(ns)  Path(ns)    Netlist Resource(s)
  -------------------------------------------------------------------    -------------------
                         (clock write_clk_domain rise edge)
                                                      0.000     0.000 r  
    R16                                               0.000     0.000 r  wclk (IN)
                         net (fo=0)                   0.000     0.000    wclk
    R16                  IBUF (Prop_ibuf_I_O)         0.169     0.169 r  wclk_IBUF_inst/O
                         net (fo=1, routed)           0.634     0.803    wclk_IBUF
    BUFGCTRL_X0Y0        BUFG (Prop_bufg_I_O)         0.026     0.829 r  wclk_IBUF_BUFG_inst/O
                         net (fo=34, routed)          0.594     1.423    wrst_sync_inst/CLK
    SLICE_X0Y8           FDCE                                         r  wrst_sync_inst/sync_rst_n_reg/C
  -------------------------------------------------------------------    -------------------
    SLICE_X0Y8           FDCE (Prop_fdce_C_Q)         0.141     1.564 r  wrst_sync_inst/sync_rst_n_reg/Q
                         net (fo=1, routed)           0.238     1.801    wrst_sync_inst/sync_rst_n
    SLICE_X2Y8           LUT1 (Prop_lut1_I0_O)        0.044     1.845 f  wrst_sync_inst/wfull_i_2/O
                         net (fo=10, routed)          0.206     2.051    wptr_full_inst/wfull_reg_0
    SLICE_X3Y9           FDCE                                         f  wptr_full_inst/wptr_reg[2]/CLR
  -------------------------------------------------------------------    -------------------

                         (clock write_clk_domain rise edge)
                                                      0.000     0.000 r  
    R16                                               0.000     0.000 r  wclk (IN)
                         net (fo=0)                   0.000     0.000    wclk
    R16                  IBUF (Prop_ibuf_I_O)         0.357     0.357 r  wclk_IBUF_inst/O
                         net (fo=1, routed)           0.689     1.046    wclk_IBUF
    BUFGCTRL_X0Y0        BUFG (Prop_bufg_I_O)         0.029     1.075 r  wclk_IBUF_BUFG_inst/O
                         net (fo=34, routed)          0.865     1.940    wptr_full_inst/CLK
    SLICE_X3Y9           FDCE                                         r  wptr_full_inst/wptr_reg[2]/C
                         clock pessimism             -0.501     1.439    
    SLICE_X3Y9           FDCE (Remov_fdce_C_CLR)     -0.166     1.273    wptr_full_inst/wptr_reg[2]
  -------------------------------------------------------------------
                         required time                         -1.273    
                         arrival time                           2.051    
  -------------------------------------------------------------------
                         slack                                  0.779    

Slack (MET) :             0.779ns  (arrival time - required time)
  Source:                 wrst_sync_inst/sync_rst_n_reg/C
                            (rising edge-triggered cell FDCE clocked by write_clk_domain  {rise@0.000ns fall@5.000ns period=10.000ns})
  Destination:            wptr_full_inst/wptr_reg[3]/CLR
                            (removal check against rising-edge clock write_clk_domain  {rise@0.000ns fall@5.000ns period=10.000ns})
  Path Group:             **async_default**
  Path Type:              Removal (Min at Fast Process Corner)
  Requirement:            0.000ns  (write_clk_domain rise@0.000ns - write_clk_domain rise@0.000ns)
  Data Path Delay:        0.629ns  (logic 0.185ns (29.424%)  route 0.444ns (70.576%))
  Logic Levels:           1  (LUT1=1)
  Clock Path Skew:        0.016ns (DCD - SCD - CPR)
    Destination Clock Delay (DCD):    1.940ns
    Source Clock Delay      (SCD):    1.423ns
    Clock Pessimism Removal (CPR):    0.501ns

    Location             Delay type                Incr(ns)  Path(ns)    Netlist Resource(s)
  -------------------------------------------------------------------    -------------------
                         (clock write_clk_domain rise edge)
                                                      0.000     0.000 r  
    R16                                               0.000     0.000 r  wclk (IN)
                         net (fo=0)                   0.000     0.000    wclk
    R16                  IBUF (Prop_ibuf_I_O)         0.169     0.169 r  wclk_IBUF_inst/O
                         net (fo=1, routed)           0.634     0.803    wclk_IBUF
    BUFGCTRL_X0Y0        BUFG (Prop_bufg_I_O)         0.026     0.829 r  wclk_IBUF_BUFG_inst/O
                         net (fo=34, routed)          0.594     1.423    wrst_sync_inst/CLK
    SLICE_X0Y8           FDCE                                         r  wrst_sync_inst/sync_rst_n_reg/C
  -------------------------------------------------------------------    -------------------
    SLICE_X0Y8           FDCE (Prop_fdce_C_Q)         0.141     1.564 r  wrst_sync_inst/sync_rst_n_reg/Q
                         net (fo=1, routed)           0.238     1.801    wrst_sync_inst/sync_rst_n
    SLICE_X2Y8           LUT1 (Prop_lut1_I0_O)        0.044     1.845 f  wrst_sync_inst/wfull_i_2/O
                         net (fo=10, routed)          0.206     2.051    wptr_full_inst/wfull_reg_0
    SLICE_X3Y9           FDCE                                         f  wptr_full_inst/wptr_reg[3]/CLR
  -------------------------------------------------------------------    -------------------

                         (clock write_clk_domain rise edge)
                                                      0.000     0.000 r  
    R16                                               0.000     0.000 r  wclk (IN)
                         net (fo=0)                   0.000     0.000    wclk
    R16                  IBUF (Prop_ibuf_I_O)         0.357     0.357 r  wclk_IBUF_inst/O
                         net (fo=1, routed)           0.689     1.046    wclk_IBUF
    BUFGCTRL_X0Y0        BUFG (Prop_bufg_I_O)         0.029     1.075 r  wclk_IBUF_BUFG_inst/O
                         net (fo=34, routed)          0.865     1.940    wptr_full_inst/CLK
    SLICE_X3Y9           FDCE                                         r  wptr_full_inst/wptr_reg[3]/C
                         clock pessimism             -0.501     1.439    
    SLICE_X3Y9           FDCE (Remov_fdce_C_CLR)     -0.166     1.273    wptr_full_inst/wptr_reg[3]
  -------------------------------------------------------------------
                         required time                         -1.273    
                         arrival time                           2.051    
  -------------------------------------------------------------------
                         slack                                  0.779    





--------------------------------------------------------------------------------------
Path Group:  (none)
From Clock:  write_clk_domain
  To Clock:  read_clk_domain

Max Delay            13 Endpoints
Min Delay            13 Endpoints
--------------------------------------------------------------------------------------


Max Delay Paths
--------------------------------------------------------------------------------------
Slack:                    inf
  Source:                 mem_inst/mem_reg_0_15_0_5/RAMB_D1/CLK
                            (rising edge-triggered cell RAMD32 clocked by write_clk_domain  {rise@0.000ns fall@5.000ns period=10.000ns})
  Destination:            mem_inst/rdata_reg[3]/D
                            (rising edge-triggered cell FDRE clocked by read_clk_domain  {rise@0.000ns fall@12.500ns period=25.000ns})
  Path Group:             (none)
  Path Type:              Setup (Max at Slow Process Corner)
  Data Path Delay:        2.100ns  (logic 1.317ns (62.713%)  route 0.783ns (37.287%))
  Logic Levels:           0  
  Clock Path Skew:        -0.362ns (DCD - SCD + CPR)
    Destination Clock Delay (DCD):    4.280ns
    Source Clock Delay      (SCD):    4.643ns
    Clock Pessimism Removal (CPR):    0.000ns
  Clock Uncertainty:      0.035ns  ((TSJ^2 + TIJ^2)^1/2 + DJ) / 2 + PE
    Total System Jitter     (TSJ):    0.071ns
    Total Input Jitter      (TIJ):    0.000ns
    Discrete Jitter          (DJ):    0.000ns
    Phase Error              (PE):    0.000ns
  Timing Exception:       Asynchronous Clock Groups

    Location             Delay type                Incr(ns)  Path(ns)    Netlist Resource(s)
  -------------------------------------------------------------------    -------------------
                         (clock write_clk_domain rise edge)
                                                      0.000     0.000 r  
    R16                                               0.000     0.000 r  wclk (IN)
                         net (fo=0)                   0.000     0.000    wclk
    R16                  IBUF (Prop_ibuf_I_O)         0.940     0.940 r  wclk_IBUF_inst/O
                         net (fo=1, routed)           1.972     2.911    wclk_IBUF
    BUFGCTRL_X0Y0        BUFG (Prop_bufg_I_O)         0.096     3.007 r  wclk_IBUF_BUFG_inst/O
                         net (fo=34, routed)          1.635     4.643    mem_inst/mem_reg_0_15_0_5/WCLK
    SLICE_X2Y11          RAMD32                                       r  mem_inst/mem_reg_0_15_0_5/RAMB_D1/CLK
  -------------------------------------------------------------------    -------------------
    SLICE_X2Y11          RAMD32 (Prop_ramd32_CLK_O)
                                                      1.317     5.960 r  mem_inst/mem_reg_0_15_0_5/RAMB_D1/O
                         net (fo=1, routed)           0.783     6.743    mem_inst/rdata0[3]
    SLICE_X1Y10          FDRE                                         r  mem_inst/rdata_reg[3]/D
  -------------------------------------------------------------------    -------------------

                         (clock read_clk_domain rise edge)
                                                      0.000     0.000 r  
    P14                                               0.000     0.000 r  rclk (IN)
                         net (fo=0)                   0.000     0.000    rclk
    P14                  IBUF (Prop_ibuf_I_O)         0.804     0.804 r  rclk_IBUF_inst/O
                         net (fo=1, routed)           1.868     2.672    rclk_IBUF
    BUFGCTRL_X0Y1        BUFG (Prop_bufg_I_O)         0.091     2.763 r  rclk_IBUF_BUFG_inst/O
                         net (fo=30, routed)          1.517     4.280    mem_inst/CLK
    SLICE_X1Y10          FDRE                                         r  mem_inst/rdata_reg[3]/C

Slack:                    inf
  Source:                 mem_inst/mem_reg_0_15_0_5/RAMA/CLK
                            (rising edge-triggered cell RAMD32 clocked by write_clk_domain  {rise@0.000ns fall@5.000ns period=10.000ns})
  Destination:            mem_inst/rdata_reg[0]/D
                            (rising edge-triggered cell FDRE clocked by read_clk_domain  {rise@0.000ns fall@12.500ns period=25.000ns})
  Path Group:             (none)
  Path Type:              Setup (Max at Slow Process Corner)
  Data Path Delay:        1.981ns  (logic 1.344ns (67.851%)  route 0.637ns (32.149%))
  Logic Levels:           0  
  Clock Path Skew:        -0.362ns (DCD - SCD + CPR)
    Destination Clock Delay (DCD):    4.280ns
    Source Clock Delay      (SCD):    4.643ns
    Clock Pessimism Removal (CPR):    0.000ns
  Clock Uncertainty:      0.035ns  ((TSJ^2 + TIJ^2)^1/2 + DJ) / 2 + PE
    Total System Jitter     (TSJ):    0.071ns
    Total Input Jitter      (TIJ):    0.000ns
    Discrete Jitter          (DJ):    0.000ns
    Phase Error              (PE):    0.000ns
  Timing Exception:       Asynchronous Clock Groups

    Location             Delay type                Incr(ns)  Path(ns)    Netlist Resource(s)
  -------------------------------------------------------------------    -------------------
                         (clock write_clk_domain rise edge)
                                                      0.000     0.000 r  
    R16                                               0.000     0.000 r  wclk (IN)
                         net (fo=0)                   0.000     0.000    wclk
    R16                  IBUF (Prop_ibuf_I_O)         0.940     0.940 r  wclk_IBUF_inst/O
                         net (fo=1, routed)           1.972     2.911    wclk_IBUF
    BUFGCTRL_X0Y0        BUFG (Prop_bufg_I_O)         0.096     3.007 r  wclk_IBUF_BUFG_inst/O
                         net (fo=34, routed)          1.635     4.643    mem_inst/mem_reg_0_15_0_5/WCLK
    SLICE_X2Y11          RAMD32                                       r  mem_inst/mem_reg_0_15_0_5/RAMA/CLK
  -------------------------------------------------------------------    -------------------
    SLICE_X2Y11          RAMD32 (Prop_ramd32_CLK_O)
                                                      1.344     5.987 r  mem_inst/mem_reg_0_15_0_5/RAMA/O
                         net (fo=1, routed)           0.637     6.624    mem_inst/rdata0[0]
    SLICE_X1Y10          FDRE                                         r  mem_inst/rdata_reg[0]/D
  -------------------------------------------------------------------    -------------------

                         (clock read_clk_domain rise edge)
                                                      0.000     0.000 r  
    P14                                               0.000     0.000 r  rclk (IN)
                         net (fo=0)                   0.000     0.000    rclk
    P14                  IBUF (Prop_ibuf_I_O)         0.804     0.804 r  rclk_IBUF_inst/O
                         net (fo=1, routed)           1.868     2.672    rclk_IBUF
    BUFGCTRL_X0Y1        BUFG (Prop_bufg_I_O)         0.091     2.763 r  rclk_IBUF_BUFG_inst/O
                         net (fo=30, routed)          1.517     4.280    mem_inst/CLK
    SLICE_X1Y10          FDRE                                         r  mem_inst/rdata_reg[0]/C

Slack:                    inf
  Source:                 mem_inst/mem_reg_0_15_0_5/RAMC_D1/CLK
                            (rising edge-triggered cell RAMD32 clocked by write_clk_domain  {rise@0.000ns fall@5.000ns period=10.000ns})
  Destination:            mem_inst/rdata_reg[5]/D
                            (rising edge-triggered cell FDRE clocked by read_clk_domain  {rise@0.000ns fall@12.500ns period=25.000ns})
  Path Group:             (none)
  Path Type:              Setup (Max at Slow Process Corner)
  Data Path Delay:        1.840ns  (logic 1.314ns (71.402%)  route 0.526ns (28.598%))
  Logic Levels:           0  
  Clock Path Skew:        -0.362ns (DCD - SCD + CPR)
    Destination Clock Delay (DCD):    4.280ns
    Source Clock Delay      (SCD):    4.643ns
    Clock Pessimism Removal (CPR):    0.000ns
  Clock Uncertainty:      0.035ns  ((TSJ^2 + TIJ^2)^1/2 + DJ) / 2 + PE
    Total System Jitter     (TSJ):    0.071ns
    Total Input Jitter      (TIJ):    0.000ns
    Discrete Jitter          (DJ):    0.000ns
    Phase Error              (PE):    0.000ns
  Timing Exception:       Asynchronous Clock Groups

    Location             Delay type                Incr(ns)  Path(ns)    Netlist Resource(s)
  -------------------------------------------------------------------    -------------------
                         (clock write_clk_domain rise edge)
                                                      0.000     0.000 r  
    R16                                               0.000     0.000 r  wclk (IN)
                         net (fo=0)                   0.000     0.000    wclk
    R16                  IBUF (Prop_ibuf_I_O)         0.940     0.940 r  wclk_IBUF_inst/O
                         net (fo=1, routed)           1.972     2.911    wclk_IBUF
    BUFGCTRL_X0Y0        BUFG (Prop_bufg_I_O)         0.096     3.007 r  wclk_IBUF_BUFG_inst/O
                         net (fo=34, routed)          1.635     4.643    mem_inst/mem_reg_0_15_0_5/WCLK
    SLICE_X2Y11          RAMD32                                       r  mem_inst/mem_reg_0_15_0_5/RAMC_D1/CLK
  -------------------------------------------------------------------    -------------------
    SLICE_X2Y11          RAMD32 (Prop_ramd32_CLK_O)
                                                      1.314     5.957 r  mem_inst/mem_reg_0_15_0_5/RAMC_D1/O
                         net (fo=1, routed)           0.526     6.483    mem_inst/rdata0[5]
    SLICE_X0Y10          FDRE                                         r  mem_inst/rdata_reg[5]/D
  -------------------------------------------------------------------    -------------------

                         (clock read_clk_domain rise edge)
                                                      0.000     0.000 r  
    P14                                               0.000     0.000 r  rclk (IN)
                         net (fo=0)                   0.000     0.000    rclk
    P14                  IBUF (Prop_ibuf_I_O)         0.804     0.804 r  rclk_IBUF_inst/O
                         net (fo=1, routed)           1.868     2.672    rclk_IBUF
    BUFGCTRL_X0Y1        BUFG (Prop_bufg_I_O)         0.091     2.763 r  rclk_IBUF_BUFG_inst/O
                         net (fo=30, routed)          1.517     4.280    mem_inst/CLK
    SLICE_X0Y10          FDRE                                         r  mem_inst/rdata_reg[5]/C

Slack:                    inf
  Source:                 mem_inst/mem_reg_0_15_0_5/RAMA_D1/CLK
                            (rising edge-triggered cell RAMD32 clocked by write_clk_domain  {rise@0.000ns fall@5.000ns period=10.000ns})
  Destination:            mem_inst/rdata_reg[1]/D
                            (rising edge-triggered cell FDRE clocked by read_clk_domain  {rise@0.000ns fall@12.500ns period=25.000ns})
  Path Group:             (none)
  Path Type:              Setup (Max at Slow Process Corner)
  Data Path Delay:        1.823ns  (logic 1.309ns (71.821%)  route 0.514ns (28.179%))
  Logic Levels:           0  
  Clock Path Skew:        -0.362ns (DCD - SCD + CPR)
    Destination Clock Delay (DCD):    4.280ns
    Source Clock Delay      (SCD):    4.643ns
    Clock Pessimism Removal (CPR):    0.000ns
  Clock Uncertainty:      0.035ns  ((TSJ^2 + TIJ^2)^1/2 + DJ) / 2 + PE
    Total System Jitter     (TSJ):    0.071ns
    Total Input Jitter      (TIJ):    0.000ns
    Discrete Jitter          (DJ):    0.000ns
    Phase Error              (PE):    0.000ns
  Timing Exception:       Asynchronous Clock Groups

    Location             Delay type                Incr(ns)  Path(ns)    Netlist Resource(s)
  -------------------------------------------------------------------    -------------------
                         (clock write_clk_domain rise edge)
                                                      0.000     0.000 r  
    R16                                               0.000     0.000 r  wclk (IN)
                         net (fo=0)                   0.000     0.000    wclk
    R16                  IBUF (Prop_ibuf_I_O)         0.940     0.940 r  wclk_IBUF_inst/O
                         net (fo=1, routed)           1.972     2.911    wclk_IBUF
    BUFGCTRL_X0Y0        BUFG (Prop_bufg_I_O)         0.096     3.007 r  wclk_IBUF_BUFG_inst/O
                         net (fo=34, routed)          1.635     4.643    mem_inst/mem_reg_0_15_0_5/WCLK
    SLICE_X2Y11          RAMD32                                       r  mem_inst/mem_reg_0_15_0_5/RAMA_D1/CLK
  -------------------------------------------------------------------    -------------------
    SLICE_X2Y11          RAMD32 (Prop_ramd32_CLK_O)
                                                      1.309     5.952 r  mem_inst/mem_reg_0_15_0_5/RAMA_D1/O
                         net (fo=1, routed)           0.514     6.465    mem_inst/rdata0[1]
    SLICE_X1Y10          FDRE                                         r  mem_inst/rdata_reg[1]/D
  -------------------------------------------------------------------    -------------------

                         (clock read_clk_domain rise edge)
                                                      0.000     0.000 r  
    P14                                               0.000     0.000 r  rclk (IN)
                         net (fo=0)                   0.000     0.000    rclk
    P14                  IBUF (Prop_ibuf_I_O)         0.804     0.804 r  rclk_IBUF_inst/O
                         net (fo=1, routed)           1.868     2.672    rclk_IBUF
    BUFGCTRL_X0Y1        BUFG (Prop_bufg_I_O)         0.091     2.763 r  rclk_IBUF_BUFG_inst/O
                         net (fo=30, routed)          1.517     4.280    mem_inst/CLK
    SLICE_X1Y10          FDRE                                         r  mem_inst/rdata_reg[1]/C

Slack:                    inf
  Source:                 mem_inst/mem_reg_0_15_0_5/RAMB/CLK
                            (rising edge-triggered cell RAMD32 clocked by write_clk_domain  {rise@0.000ns fall@5.000ns period=10.000ns})
  Destination:            mem_inst/rdata_reg[2]/D
                            (rising edge-triggered cell FDRE clocked by read_clk_domain  {rise@0.000ns fall@12.500ns period=25.000ns})
  Path Group:             (none)
  Path Type:              Setup (Max at Slow Process Corner)
  Data Path Delay:        1.812ns  (logic 1.343ns (74.122%)  route 0.469ns (25.878%))
  Logic Levels:           0  
  Clock Path Skew:        -0.362ns (DCD - SCD + CPR)
    Destination Clock Delay (DCD):    4.280ns
    Source Clock Delay      (SCD):    4.643ns
    Clock Pessimism Removal (CPR):    0.000ns
  Clock Uncertainty:      0.035ns  ((TSJ^2 + TIJ^2)^1/2 + DJ) / 2 + PE
    Total System Jitter     (TSJ):    0.071ns
    Total Input Jitter      (TIJ):    0.000ns
    Discrete Jitter          (DJ):    0.000ns
    Phase Error              (PE):    0.000ns
  Timing Exception:       Asynchronous Clock Groups

    Location             Delay type                Incr(ns)  Path(ns)    Netlist Resource(s)
  -------------------------------------------------------------------    -------------------
                         (clock write_clk_domain rise edge)
                                                      0.000     0.000 r  
    R16                                               0.000     0.000 r  wclk (IN)
                         net (fo=0)                   0.000     0.000    wclk
    R16                  IBUF (Prop_ibuf_I_O)         0.940     0.940 r  wclk_IBUF_inst/O
                         net (fo=1, routed)           1.972     2.911    wclk_IBUF
    BUFGCTRL_X0Y0        BUFG (Prop_bufg_I_O)         0.096     3.007 r  wclk_IBUF_BUFG_inst/O
                         net (fo=34, routed)          1.635     4.643    mem_inst/mem_reg_0_15_0_5/WCLK
    SLICE_X2Y11          RAMD32                                       r  mem_inst/mem_reg_0_15_0_5/RAMB/CLK
  -------------------------------------------------------------------    -------------------
    SLICE_X2Y11          RAMD32 (Prop_ramd32_CLK_O)
                                                      1.343     5.986 r  mem_inst/mem_reg_0_15_0_5/RAMB/O
                         net (fo=1, routed)           0.469     6.455    mem_inst/rdata0[2]
    SLICE_X1Y10          FDRE                                         r  mem_inst/rdata_reg[2]/D
  -------------------------------------------------------------------    -------------------

                         (clock read_clk_domain rise edge)
                                                      0.000     0.000 r  
    P14                                               0.000     0.000 r  rclk (IN)
                         net (fo=0)                   0.000     0.000    rclk
    P14                  IBUF (Prop_ibuf_I_O)         0.804     0.804 r  rclk_IBUF_inst/O
                         net (fo=1, routed)           1.868     2.672    rclk_IBUF
    BUFGCTRL_X0Y1        BUFG (Prop_bufg_I_O)         0.091     2.763 r  rclk_IBUF_BUFG_inst/O
                         net (fo=30, routed)          1.517     4.280    mem_inst/CLK
    SLICE_X1Y10          FDRE                                         r  mem_inst/rdata_reg[2]/C

Slack:                    inf
  Source:                 mem_inst/mem_reg_0_15_6_7__0/DP/CLK
                            (rising edge-triggered cell RAMD32 clocked by write_clk_domain  {rise@0.000ns fall@5.000ns period=10.000ns})
  Destination:            mem_inst/rdata_reg[7]/D
                            (rising edge-triggered cell FDRE clocked by read_clk_domain  {rise@0.000ns fall@12.500ns period=25.000ns})
  Path Group:             (none)
  Path Type:              Setup (Max at Slow Process Corner)
  Data Path Delay:        1.807ns  (logic 1.336ns (73.924%)  route 0.471ns (26.076%))
  Logic Levels:           0  
  Clock Path Skew:        -0.363ns (DCD - SCD + CPR)
    Destination Clock Delay (DCD):    4.280ns
    Source Clock Delay      (SCD):    4.644ns
    Clock Pessimism Removal (CPR):    0.000ns
  Clock Uncertainty:      0.035ns  ((TSJ^2 + TIJ^2)^1/2 + DJ) / 2 + PE
    Total System Jitter     (TSJ):    0.071ns
    Total Input Jitter      (TIJ):    0.000ns
    Discrete Jitter          (DJ):    0.000ns
    Phase Error              (PE):    0.000ns
  Timing Exception:       Asynchronous Clock Groups

    Location             Delay type                Incr(ns)  Path(ns)    Netlist Resource(s)
  -------------------------------------------------------------------    -------------------
                         (clock write_clk_domain rise edge)
                                                      0.000     0.000 r  
    R16                                               0.000     0.000 r  wclk (IN)
                         net (fo=0)                   0.000     0.000    wclk
    R16                  IBUF (Prop_ibuf_I_O)         0.940     0.940 r  wclk_IBUF_inst/O
                         net (fo=1, routed)           1.972     2.911    wclk_IBUF
    BUFGCTRL_X0Y0        BUFG (Prop_bufg_I_O)         0.096     3.007 r  wclk_IBUF_BUFG_inst/O
                         net (fo=34, routed)          1.636     4.644    mem_inst/mem_reg_0_15_6_7__0/WCLK
    SLICE_X2Y10          RAMD32                                       r  mem_inst/mem_reg_0_15_6_7__0/DP/CLK
  -------------------------------------------------------------------    -------------------
    SLICE_X2Y10          RAMD32 (Prop_ramd32_CLK_O)
                                                      1.336     5.980 r  mem_inst/mem_reg_0_15_6_7__0/DP/O
                         net (fo=1, routed)           0.471     6.451    mem_inst/rdata0[7]
    SLICE_X0Y10          FDRE                                         r  mem_inst/rdata_reg[7]/D
  -------------------------------------------------------------------    -------------------

                         (clock read_clk_domain rise edge)
                                                      0.000     0.000 r  
    P14                                               0.000     0.000 r  rclk (IN)
                         net (fo=0)                   0.000     0.000    rclk
    P14                  IBUF (Prop_ibuf_I_O)         0.804     0.804 r  rclk_IBUF_inst/O
                         net (fo=1, routed)           1.868     2.672    rclk_IBUF
    BUFGCTRL_X0Y1        BUFG (Prop_bufg_I_O)         0.091     2.763 r  rclk_IBUF_BUFG_inst/O
                         net (fo=30, routed)          1.517     4.280    mem_inst/CLK
    SLICE_X0Y10          FDRE                                         r  mem_inst/rdata_reg[7]/C

Slack:                    inf
  Source:                 mem_inst/mem_reg_0_15_0_5/RAMC/CLK
                            (rising edge-triggered cell RAMD32 clocked by write_clk_domain  {rise@0.000ns fall@5.000ns period=10.000ns})
  Destination:            mem_inst/rdata_reg[4]/D
                            (rising edge-triggered cell FDRE clocked by read_clk_domain  {rise@0.000ns fall@12.500ns period=25.000ns})
  Path Group:             (none)
  Path Type:              Setup (Max at Slow Process Corner)
  Data Path Delay:        1.683ns  (logic 1.336ns (79.403%)  route 0.347ns (20.597%))
  Logic Levels:           0  
  Clock Path Skew:        -0.362ns (DCD - SCD + CPR)
    Destination Clock Delay (DCD):    4.280ns
    Source Clock Delay      (SCD):    4.643ns
    Clock Pessimism Removal (CPR):    0.000ns
  Clock Uncertainty:      0.035ns  ((TSJ^2 + TIJ^2)^1/2 + DJ) / 2 + PE
    Total System Jitter     (TSJ):    0.071ns
    Total Input Jitter      (TIJ):    0.000ns
    Discrete Jitter          (DJ):    0.000ns
    Phase Error              (PE):    0.000ns
  Timing Exception:       Asynchronous Clock Groups

    Location             Delay type                Incr(ns)  Path(ns)    Netlist Resource(s)
  -------------------------------------------------------------------    -------------------
                         (clock write_clk_domain rise edge)
                                                      0.000     0.000 r  
    R16                                               0.000     0.000 r  wclk (IN)
                         net (fo=0)                   0.000     0.000    wclk
    R16                  IBUF (Prop_ibuf_I_O)         0.940     0.940 r  wclk_IBUF_inst/O
                         net (fo=1, routed)           1.972     2.911    wclk_IBUF
    BUFGCTRL_X0Y0        BUFG (Prop_bufg_I_O)         0.096     3.007 r  wclk_IBUF_BUFG_inst/O
                         net (fo=34, routed)          1.635     4.643    mem_inst/mem_reg_0_15_0_5/WCLK
    SLICE_X2Y11          RAMD32                                       r  mem_inst/mem_reg_0_15_0_5/RAMC/CLK
  -------------------------------------------------------------------    -------------------
    SLICE_X2Y11          RAMD32 (Prop_ramd32_CLK_O)
                                                      1.336     5.979 r  mem_inst/mem_reg_0_15_0_5/RAMC/O
                         net (fo=1, routed)           0.347     6.325    mem_inst/rdata0[4]
    SLICE_X0Y10          FDRE                                         r  mem_inst/rdata_reg[4]/D
  -------------------------------------------------------------------    -------------------

                         (clock read_clk_domain rise edge)
                                                      0.000     0.000 r  
    P14                                               0.000     0.000 r  rclk (IN)
                         net (fo=0)                   0.000     0.000    rclk
    P14                  IBUF (Prop_ibuf_I_O)         0.804     0.804 r  rclk_IBUF_inst/O
                         net (fo=1, routed)           1.868     2.672    rclk_IBUF
    BUFGCTRL_X0Y1        BUFG (Prop_bufg_I_O)         0.091     2.763 r  rclk_IBUF_BUFG_inst/O
                         net (fo=30, routed)          1.517     4.280    mem_inst/CLK
    SLICE_X0Y10          FDRE                                         r  mem_inst/rdata_reg[4]/C

Slack:                    inf
  Source:                 mem_inst/mem_reg_0_15_6_7/DP/CLK
                            (rising edge-triggered cell RAMD32 clocked by write_clk_domain  {rise@0.000ns fall@5.000ns period=10.000ns})
  Destination:            mem_inst/rdata_reg[6]/D
                            (rising edge-triggered cell FDRE clocked by read_clk_domain  {rise@0.000ns fall@12.500ns period=25.000ns})
  Path Group:             (none)
  Path Type:              Setup (Max at Slow Process Corner)
  Data Path Delay:        1.637ns  (logic 1.314ns (80.280%)  route 0.323ns (19.720%))
  Logic Levels:           0  
  Clock Path Skew:        -0.363ns (DCD - SCD + CPR)
    Destination Clock Delay (DCD):    4.280ns
    Source Clock Delay      (SCD):    4.644ns
    Clock Pessimism Removal (CPR):    0.000ns
  Clock Uncertainty:      0.035ns  ((TSJ^2 + TIJ^2)^1/2 + DJ) / 2 + PE
    Total System Jitter     (TSJ):    0.071ns
    Total Input Jitter      (TIJ):    0.000ns
    Discrete Jitter          (DJ):    0.000ns
    Phase Error              (PE):    0.000ns
  Timing Exception:       Asynchronous Clock Groups

    Location             Delay type                Incr(ns)  Path(ns)    Netlist Resource(s)
  -------------------------------------------------------------------    -------------------
                         (clock write_clk_domain rise edge)
                                                      0.000     0.000 r  
    R16                                               0.000     0.000 r  wclk (IN)
                         net (fo=0)                   0.000     0.000    wclk
    R16                  IBUF (Prop_ibuf_I_O)         0.940     0.940 r  wclk_IBUF_inst/O
                         net (fo=1, routed)           1.972     2.911    wclk_IBUF
    BUFGCTRL_X0Y0        BUFG (Prop_bufg_I_O)         0.096     3.007 r  wclk_IBUF_BUFG_inst/O
                         net (fo=34, routed)          1.636     4.644    mem_inst/mem_reg_0_15_6_7/WCLK
    SLICE_X2Y10          RAMD32                                       r  mem_inst/mem_reg_0_15_6_7/DP/CLK
  -------------------------------------------------------------------    -------------------
    SLICE_X2Y10          RAMD32 (Prop_ramd32_CLK_O)
                                                      1.314     5.958 r  mem_inst/mem_reg_0_15_6_7/DP/O
                         net (fo=1, routed)           0.323     6.280    mem_inst/rdata0[6]
    SLICE_X0Y10          FDRE                                         r  mem_inst/rdata_reg[6]/D
  -------------------------------------------------------------------    -------------------

                         (clock read_clk_domain rise edge)
                                                      0.000     0.000 r  
    P14                                               0.000     0.000 r  rclk (IN)
                         net (fo=0)                   0.000     0.000    rclk
    P14                  IBUF (Prop_ibuf_I_O)         0.804     0.804 r  rclk_IBUF_inst/O
                         net (fo=1, routed)           1.868     2.672    rclk_IBUF
    BUFGCTRL_X0Y1        BUFG (Prop_bufg_I_O)         0.091     2.763 r  rclk_IBUF_BUFG_inst/O
                         net (fo=30, routed)          1.517     4.280    mem_inst/CLK
    SLICE_X0Y10          FDRE                                         r  mem_inst/rdata_reg[6]/C

Slack:                    inf
  Source:                 wptr_full_inst/wptr_reg[0]/C
                            (rising edge-triggered cell FDCE clocked by write_clk_domain  {rise@0.000ns fall@5.000ns period=10.000ns})
  Destination:            sync_w2r_inst/rq1_wptr_reg[0]/D
                            (rising edge-triggered cell FDCE clocked by read_clk_domain  {rise@0.000ns fall@12.500ns period=25.000ns})
  Path Group:             (none)
  Path Type:              Setup (Max at Slow Process Corner)
  Data Path Delay:        1.245ns  (logic 0.419ns (33.659%)  route 0.826ns (66.341%))
  Logic Levels:           0  
  Clock Path Skew:        -0.360ns (DCD - SCD + CPR)
    Destination Clock Delay (DCD):    4.280ns
    Source Clock Delay      (SCD):    4.641ns
    Clock Pessimism Removal (CPR):    0.000ns
  Clock Uncertainty:      0.035ns  ((TSJ^2 + TIJ^2)^1/2 + DJ) / 2 + PE
    Total System Jitter     (TSJ):    0.071ns
    Total Input Jitter      (TIJ):    0.000ns
    Discrete Jitter          (DJ):    0.000ns
    Phase Error              (PE):    0.000ns
  Timing Exception:       Asynchronous Clock Groups

    Location             Delay type                Incr(ns)  Path(ns)    Netlist Resource(s)
  -------------------------------------------------------------------    -------------------
                         (clock write_clk_domain rise edge)
                                                      0.000     0.000 r  
    R16                                               0.000     0.000 r  wclk (IN)
                         net (fo=0)                   0.000     0.000    wclk
    R16                  IBUF (Prop_ibuf_I_O)         0.940     0.940 r  wclk_IBUF_inst/O
                         net (fo=1, routed)           1.972     2.911    wclk_IBUF
    BUFGCTRL_X0Y0        BUFG (Prop_bufg_I_O)         0.096     3.007 r  wclk_IBUF_BUFG_inst/O
                         net (fo=34, routed)          1.633     4.641    wptr_full_inst/CLK
    SLICE_X4Y9           FDCE                                         r  wptr_full_inst/wptr_reg[0]/C
  -------------------------------------------------------------------    -------------------
    SLICE_X4Y9           FDCE (Prop_fdce_C_Q)         0.419     5.060 r  wptr_full_inst/wptr_reg[0]/Q
                         net (fo=1, routed)           0.826     5.886    sync_w2r_inst/D[0]
    SLICE_X3Y10          FDCE                                         r  sync_w2r_inst/rq1_wptr_reg[0]/D
  -------------------------------------------------------------------    -------------------

                         (clock read_clk_domain rise edge)
                                                      0.000     0.000 r  
    P14                                               0.000     0.000 r  rclk (IN)
                         net (fo=0)                   0.000     0.000    rclk
    P14                  IBUF (Prop_ibuf_I_O)         0.804     0.804 r  rclk_IBUF_inst/O
                         net (fo=1, routed)           1.868     2.672    rclk_IBUF
    BUFGCTRL_X0Y1        BUFG (Prop_bufg_I_O)         0.091     2.763 r  rclk_IBUF_BUFG_inst/O
                         net (fo=30, routed)          1.517     4.280    sync_w2r_inst/CLK
    SLICE_X3Y10          FDCE                                         r  sync_w2r_inst/rq1_wptr_reg[0]/C

Slack:                    inf
  Source:                 wptr_full_inst/wbin_reg[4]/C
                            (rising edge-triggered cell FDCE clocked by write_clk_domain  {rise@0.000ns fall@5.000ns period=10.000ns})
  Destination:            sync_w2r_inst/rq1_wptr_reg[4]/D
                            (rising edge-triggered cell FDCE clocked by read_clk_domain  {rise@0.000ns fall@12.500ns period=25.000ns})
  Path Group:             (none)
  Path Type:              Setup (Max at Slow Process Corner)
  Data Path Delay:        0.881ns  (logic 0.419ns (47.553%)  route 0.462ns (52.447%))
  Logic Levels:           0  
  Clock Path Skew:        -0.362ns (DCD - SCD + CPR)
    Destination Clock Delay (DCD):    4.281ns
    Source Clock Delay      (SCD):    4.644ns
    Clock Pessimism Removal (CPR):    0.000ns
  Clock Uncertainty:      0.035ns  ((TSJ^2 + TIJ^2)^1/2 + DJ) / 2 + PE
    Total System Jitter     (TSJ):    0.071ns
    Total Input Jitter      (TIJ):    0.000ns
    Discrete Jitter          (DJ):    0.000ns
    Phase Error              (PE):    0.000ns
  Timing Exception:       Asynchronous Clock Groups

    Location             Delay type                Incr(ns)  Path(ns)    Netlist Resource(s)
  -------------------------------------------------------------------    -------------------
                         (clock write_clk_domain rise edge)
                                                      0.000     0.000 r  
    R16                                               0.000     0.000 r  wclk (IN)
                         net (fo=0)                   0.000     0.000    wclk
    R16                  IBUF (Prop_ibuf_I_O)         0.940     0.940 r  wclk_IBUF_inst/O
                         net (fo=1, routed)           1.972     2.911    wclk_IBUF
    BUFGCTRL_X0Y0        BUFG (Prop_bufg_I_O)         0.096     3.007 r  wclk_IBUF_BUFG_inst/O
                         net (fo=34, routed)          1.636     4.644    wptr_full_inst/CLK
    SLICE_X3Y9           FDCE                                         r  wptr_full_inst/wbin_reg[4]/C
  -------------------------------------------------------------------    -------------------
    SLICE_X3Y9           FDCE (Prop_fdce_C_Q)         0.419     5.063 r  wptr_full_inst/wbin_reg[4]/Q
                         net (fo=3, routed)           0.462     5.525    sync_w2r_inst/D[4]
    SLICE_X3Y8           FDCE                                         r  sync_w2r_inst/rq1_wptr_reg[4]/D
  -------------------------------------------------------------------    -------------------

                         (clock read_clk_domain rise edge)
                                                      0.000     0.000 r  
    P14                                               0.000     0.000 r  rclk (IN)
                         net (fo=0)                   0.000     0.000    rclk
    P14                  IBUF (Prop_ibuf_I_O)         0.804     0.804 r  rclk_IBUF_inst/O
                         net (fo=1, routed)           1.868     2.672    rclk_IBUF
    BUFGCTRL_X0Y1        BUFG (Prop_bufg_I_O)         0.091     2.763 r  rclk_IBUF_BUFG_inst/O
                         net (fo=30, routed)          1.518     4.281    sync_w2r_inst/CLK
    SLICE_X3Y8           FDCE                                         r  sync_w2r_inst/rq1_wptr_reg[4]/C





Min Delay Paths
--------------------------------------------------------------------------------------
Slack:                    inf
  Source:                 wptr_full_inst/wptr_reg[3]/C
                            (rising edge-triggered cell FDCE clocked by write_clk_domain  {rise@0.000ns fall@5.000ns period=10.000ns})
  Destination:            sync_w2r_inst/rq1_wptr_reg[3]/D
                            (rising edge-triggered cell FDCE clocked by read_clk_domain  {rise@0.000ns fall@12.500ns period=25.000ns})
  Path Group:             (none)
  Path Type:              Hold (Min at Fast Process Corner)
  Data Path Delay:        0.245ns  (logic 0.141ns (57.511%)  route 0.104ns (42.489%))
  Logic Levels:           0  
  Clock Path Skew:        0.515ns (DCD - SCD - CPR)
    Destination Clock Delay (DCD):    1.937ns
    Source Clock Delay      (SCD):    1.423ns
    Clock Pessimism Removal (CPR):    -0.000ns
  Clock Uncertainty:      0.035ns  ((TSJ^2 + TIJ^2)^1/2 + DJ) / 2 + PE
    Total System Jitter     (TSJ):    0.071ns
    Total Input Jitter      (TIJ):    0.000ns
    Discrete Jitter          (DJ):    0.000ns
    Phase Error              (PE):    0.000ns
  Timing Exception:       Asynchronous Clock Groups

    Location             Delay type                Incr(ns)  Path(ns)    Netlist Resource(s)
  -------------------------------------------------------------------    -------------------
                         (clock write_clk_domain rise edge)
                                                      0.000     0.000 r  
    R16                                               0.000     0.000 r  wclk (IN)
                         net (fo=0)                   0.000     0.000    wclk
    R16                  IBUF (Prop_ibuf_I_O)         0.169     0.169 r  wclk_IBUF_inst/O
                         net (fo=1, routed)           0.634     0.803    wclk_IBUF
    BUFGCTRL_X0Y0        BUFG (Prop_bufg_I_O)         0.026     0.829 r  wclk_IBUF_BUFG_inst/O
                         net (fo=34, routed)          0.594     1.423    wptr_full_inst/CLK
    SLICE_X3Y9           FDCE                                         r  wptr_full_inst/wptr_reg[3]/C
  -------------------------------------------------------------------    -------------------
    SLICE_X3Y9           FDCE (Prop_fdce_C_Q)         0.141     1.564 r  wptr_full_inst/wptr_reg[3]/Q
                         net (fo=1, routed)           0.104     1.668    sync_w2r_inst/D[3]
    SLICE_X3Y8           FDCE                                         r  sync_w2r_inst/rq1_wptr_reg[3]/D
  -------------------------------------------------------------------    -------------------

                         (clock read_clk_domain rise edge)
                                                      0.000     0.000 r  
    P14                                               0.000     0.000 r  rclk (IN)
                         net (fo=0)                   0.000     0.000    rclk
    P14                  IBUF (Prop_ibuf_I_O)         0.355     0.355 r  rclk_IBUF_inst/O
                         net (fo=1, routed)           0.689     1.044    rclk_IBUF
    BUFGCTRL_X0Y1        BUFG (Prop_bufg_I_O)         0.029     1.073 r  rclk_IBUF_BUFG_inst/O
                         net (fo=30, routed)          0.865     1.937    sync_w2r_inst/CLK
    SLICE_X3Y8           FDCE                                         r  sync_w2r_inst/rq1_wptr_reg[3]/C

Slack:                    inf
  Source:                 wptr_full_inst/wptr_reg[2]/C
                            (rising edge-triggered cell FDCE clocked by write_clk_domain  {rise@0.000ns fall@5.000ns period=10.000ns})
  Destination:            sync_w2r_inst/rq1_wptr_reg[2]/D
                            (rising edge-triggered cell FDCE clocked by read_clk_domain  {rise@0.000ns fall@12.500ns period=25.000ns})
  Path Group:             (none)
  Path Type:              Hold (Min at Fast Process Corner)
  Data Path Delay:        0.249ns  (logic 0.141ns (56.587%)  route 0.108ns (43.413%))
  Logic Levels:           0  
  Clock Path Skew:        0.515ns (DCD - SCD - CPR)
    Destination Clock Delay (DCD):    1.937ns
    Source Clock Delay      (SCD):    1.423ns
    Clock Pessimism Removal (CPR):    -0.000ns
  Clock Uncertainty:      0.035ns  ((TSJ^2 + TIJ^2)^1/2 + DJ) / 2 + PE
    Total System Jitter     (TSJ):    0.071ns
    Total Input Jitter      (TIJ):    0.000ns
    Discrete Jitter          (DJ):    0.000ns
    Phase Error              (PE):    0.000ns
  Timing Exception:       Asynchronous Clock Groups

    Location             Delay type                Incr(ns)  Path(ns)    Netlist Resource(s)
  -------------------------------------------------------------------    -------------------
                         (clock write_clk_domain rise edge)
                                                      0.000     0.000 r  
    R16                                               0.000     0.000 r  wclk (IN)
                         net (fo=0)                   0.000     0.000    wclk
    R16                  IBUF (Prop_ibuf_I_O)         0.169     0.169 r  wclk_IBUF_inst/O
                         net (fo=1, routed)           0.634     0.803    wclk_IBUF
    BUFGCTRL_X0Y0        BUFG (Prop_bufg_I_O)         0.026     0.829 r  wclk_IBUF_BUFG_inst/O
                         net (fo=34, routed)          0.594     1.423    wptr_full_inst/CLK
    SLICE_X3Y9           FDCE                                         r  wptr_full_inst/wptr_reg[2]/C
  -------------------------------------------------------------------    -------------------
    SLICE_X3Y9           FDCE (Prop_fdce_C_Q)         0.141     1.564 r  wptr_full_inst/wptr_reg[2]/Q
                         net (fo=1, routed)           0.108     1.672    sync_w2r_inst/D[2]
    SLICE_X3Y8           FDCE                                         r  sync_w2r_inst/rq1_wptr_reg[2]/D
  -------------------------------------------------------------------    -------------------

                         (clock read_clk_domain rise edge)
                                                      0.000     0.000 r  
    P14                                               0.000     0.000 r  rclk (IN)
                         net (fo=0)                   0.000     0.000    rclk
    P14                  IBUF (Prop_ibuf_I_O)         0.355     0.355 r  rclk_IBUF_inst/O
                         net (fo=1, routed)           0.689     1.044    rclk_IBUF
    BUFGCTRL_X0Y1        BUFG (Prop_bufg_I_O)         0.029     1.073 r  rclk_IBUF_BUFG_inst/O
                         net (fo=30, routed)          0.865     1.937    sync_w2r_inst/CLK
    SLICE_X3Y8           FDCE                                         r  sync_w2r_inst/rq1_wptr_reg[2]/C

Slack:                    inf
  Source:                 wptr_full_inst/wbin_reg[4]/C
                            (rising edge-triggered cell FDCE clocked by write_clk_domain  {rise@0.000ns fall@5.000ns period=10.000ns})
  Destination:            sync_w2r_inst/rq1_wptr_reg[4]/D
                            (rising edge-triggered cell FDCE clocked by read_clk_domain  {rise@0.000ns fall@12.500ns period=25.000ns})
  Path Group:             (none)
  Path Type:              Hold (Min at Fast Process Corner)
  Data Path Delay:        0.298ns  (logic 0.128ns (42.935%)  route 0.170ns (57.065%))
  Logic Levels:           0  
  Clock Path Skew:        0.515ns (DCD - SCD - CPR)
    Destination Clock Delay (DCD):    1.937ns
    Source Clock Delay      (SCD):    1.423ns
    Clock Pessimism Removal (CPR):    -0.000ns
  Clock Uncertainty:      0.035ns  ((TSJ^2 + TIJ^2)^1/2 + DJ) / 2 + PE
    Total System Jitter     (TSJ):    0.071ns
    Total Input Jitter      (TIJ):    0.000ns
    Discrete Jitter          (DJ):    0.000ns
    Phase Error              (PE):    0.000ns
  Timing Exception:       Asynchronous Clock Groups

    Location             Delay type                Incr(ns)  Path(ns)    Netlist Resource(s)
  -------------------------------------------------------------------    -------------------
                         (clock write_clk_domain rise edge)
                                                      0.000     0.000 r  
    R16                                               0.000     0.000 r  wclk (IN)
                         net (fo=0)                   0.000     0.000    wclk
    R16                  IBUF (Prop_ibuf_I_O)         0.169     0.169 r  wclk_IBUF_inst/O
                         net (fo=1, routed)           0.634     0.803    wclk_IBUF
    BUFGCTRL_X0Y0        BUFG (Prop_bufg_I_O)         0.026     0.829 r  wclk_IBUF_BUFG_inst/O
                         net (fo=34, routed)          0.594     1.423    wptr_full_inst/CLK
    SLICE_X3Y9           FDCE                                         r  wptr_full_inst/wbin_reg[4]/C
  -------------------------------------------------------------------    -------------------
    SLICE_X3Y9           FDCE (Prop_fdce_C_Q)         0.128     1.551 r  wptr_full_inst/wbin_reg[4]/Q
                         net (fo=3, routed)           0.170     1.721    sync_w2r_inst/D[4]
    SLICE_X3Y8           FDCE                                         r  sync_w2r_inst/rq1_wptr_reg[4]/D
  -------------------------------------------------------------------    -------------------

                         (clock read_clk_domain rise edge)
                                                      0.000     0.000 r  
    P14                                               0.000     0.000 r  rclk (IN)
                         net (fo=0)                   0.000     0.000    rclk
    P14                  IBUF (Prop_ibuf_I_O)         0.355     0.355 r  rclk_IBUF_inst/O
                         net (fo=1, routed)           0.689     1.044    rclk_IBUF
    BUFGCTRL_X0Y1        BUFG (Prop_bufg_I_O)         0.029     1.073 r  rclk_IBUF_BUFG_inst/O
                         net (fo=30, routed)          0.865     1.937    sync_w2r_inst/CLK
    SLICE_X3Y8           FDCE                                         r  sync_w2r_inst/rq1_wptr_reg[4]/C

Slack:                    inf
  Source:                 wptr_full_inst/wptr_reg[1]/C
                            (rising edge-triggered cell FDCE clocked by write_clk_domain  {rise@0.000ns fall@5.000ns period=10.000ns})
  Destination:            sync_w2r_inst/rq1_wptr_reg[1]/D
                            (rising edge-triggered cell FDCE clocked by read_clk_domain  {rise@0.000ns fall@12.500ns period=25.000ns})
  Path Group:             (none)
  Path Type:              Hold (Min at Fast Process Corner)
  Data Path Delay:        0.307ns  (logic 0.128ns (41.730%)  route 0.179ns (58.270%))
  Logic Levels:           0  
  Clock Path Skew:        0.515ns (DCD - SCD - CPR)
    Destination Clock Delay (DCD):    1.935ns
    Source Clock Delay      (SCD):    1.421ns
    Clock Pessimism Removal (CPR):    -0.000ns
  Clock Uncertainty:      0.035ns  ((TSJ^2 + TIJ^2)^1/2 + DJ) / 2 + PE
    Total System Jitter     (TSJ):    0.071ns
    Total Input Jitter      (TIJ):    0.000ns
    Discrete Jitter          (DJ):    0.000ns
    Phase Error              (PE):    0.000ns
  Timing Exception:       Asynchronous Clock Groups

    Location             Delay type                Incr(ns)  Path(ns)    Netlist Resource(s)
  -------------------------------------------------------------------    -------------------
                         (clock write_clk_domain rise edge)
                                                      0.000     0.000 r  
    R16                                               0.000     0.000 r  wclk (IN)
                         net (fo=0)                   0.000     0.000    wclk
    R16                  IBUF (Prop_ibuf_I_O)         0.169     0.169 r  wclk_IBUF_inst/O
                         net (fo=1, routed)           0.634     0.803    wclk_IBUF
    BUFGCTRL_X0Y0        BUFG (Prop_bufg_I_O)         0.026     0.829 r  wclk_IBUF_BUFG_inst/O
                         net (fo=34, routed)          0.592     1.421    wptr_full_inst/CLK
    SLICE_X4Y9           FDCE                                         r  wptr_full_inst/wptr_reg[1]/C
  -------------------------------------------------------------------    -------------------
    SLICE_X4Y9           FDCE (Prop_fdce_C_Q)         0.128     1.549 r  wptr_full_inst/wptr_reg[1]/Q
                         net (fo=1, routed)           0.179     1.727    sync_w2r_inst/D[1]
    SLICE_X4Y8           FDCE                                         r  sync_w2r_inst/rq1_wptr_reg[1]/D
  -------------------------------------------------------------------    -------------------

                         (clock read_clk_domain rise edge)
                                                      0.000     0.000 r  
    P14                                               0.000     0.000 r  rclk (IN)
                         net (fo=0)                   0.000     0.000    rclk
    P14                  IBUF (Prop_ibuf_I_O)         0.355     0.355 r  rclk_IBUF_inst/O
                         net (fo=1, routed)           0.689     1.044    rclk_IBUF
    BUFGCTRL_X0Y1        BUFG (Prop_bufg_I_O)         0.029     1.073 r  rclk_IBUF_BUFG_inst/O
                         net (fo=30, routed)          0.863     1.935    sync_w2r_inst/CLK
    SLICE_X4Y8           FDCE                                         r  sync_w2r_inst/rq1_wptr_reg[1]/C

Slack:                    inf
  Source:                 wptr_full_inst/wptr_reg[0]/C
                            (rising edge-triggered cell FDCE clocked by write_clk_domain  {rise@0.000ns fall@5.000ns period=10.000ns})
  Destination:            sync_w2r_inst/rq1_wptr_reg[0]/D
                            (rising edge-triggered cell FDCE clocked by read_clk_domain  {rise@0.000ns fall@12.500ns period=25.000ns})
  Path Group:             (none)
  Path Type:              Hold (Min at Fast Process Corner)
  Data Path Delay:        0.412ns  (logic 0.128ns (31.079%)  route 0.284ns (68.921%))
  Logic Levels:           0  
  Clock Path Skew:        0.516ns (DCD - SCD - CPR)
    Destination Clock Delay (DCD):    1.936ns
    Source Clock Delay      (SCD):    1.421ns
    Clock Pessimism Removal (CPR):    -0.000ns
  Clock Uncertainty:      0.035ns  ((TSJ^2 + TIJ^2)^1/2 + DJ) / 2 + PE
    Total System Jitter     (TSJ):    0.071ns
    Total Input Jitter      (TIJ):    0.000ns
    Discrete Jitter          (DJ):    0.000ns
    Phase Error              (PE):    0.000ns
  Timing Exception:       Asynchronous Clock Groups

    Location             Delay type                Incr(ns)  Path(ns)    Netlist Resource(s)
  -------------------------------------------------------------------    -------------------
                         (clock write_clk_domain rise edge)
                                                      0.000     0.000 r  
    R16                                               0.000     0.000 r  wclk (IN)
                         net (fo=0)                   0.000     0.000    wclk
    R16                  IBUF (Prop_ibuf_I_O)         0.169     0.169 r  wclk_IBUF_inst/O
                         net (fo=1, routed)           0.634     0.803    wclk_IBUF
    BUFGCTRL_X0Y0        BUFG (Prop_bufg_I_O)         0.026     0.829 r  wclk_IBUF_BUFG_inst/O
                         net (fo=34, routed)          0.592     1.421    wptr_full_inst/CLK
    SLICE_X4Y9           FDCE                                         r  wptr_full_inst/wptr_reg[0]/C
  -------------------------------------------------------------------    -------------------
    SLICE_X4Y9           FDCE (Prop_fdce_C_Q)         0.128     1.549 r  wptr_full_inst/wptr_reg[0]/Q
                         net (fo=1, routed)           0.284     1.832    sync_w2r_inst/D[0]
    SLICE_X3Y10          FDCE                                         r  sync_w2r_inst/rq1_wptr_reg[0]/D
  -------------------------------------------------------------------    -------------------

                         (clock read_clk_domain rise edge)
                                                      0.000     0.000 r  
    P14                                               0.000     0.000 r  rclk (IN)
                         net (fo=0)                   0.000     0.000    rclk
    P14                  IBUF (Prop_ibuf_I_O)         0.355     0.355 r  rclk_IBUF_inst/O
                         net (fo=1, routed)           0.689     1.044    rclk_IBUF
    BUFGCTRL_X0Y1        BUFG (Prop_bufg_I_O)         0.029     1.073 r  rclk_IBUF_BUFG_inst/O
                         net (fo=30, routed)          0.864     1.936    sync_w2r_inst/CLK
    SLICE_X3Y10          FDCE                                         r  sync_w2r_inst/rq1_wptr_reg[0]/C

Slack:                    inf
  Source:                 mem_inst/mem_reg_0_15_6_7/DP/CLK
                            (rising edge-triggered cell RAMD32 clocked by write_clk_domain  {rise@0.000ns fall@5.000ns period=10.000ns})
  Destination:            mem_inst/rdata_reg[6]/D
                            (rising edge-triggered cell FDRE clocked by read_clk_domain  {rise@0.000ns fall@12.500ns period=25.000ns})
  Path Group:             (none)
  Path Type:              Hold (Min at Fast Process Corner)
  Data Path Delay:        0.487ns  (logic 0.386ns (79.297%)  route 0.101ns (20.703%))
  Logic Levels:           0  
  Clock Path Skew:        0.515ns (DCD - SCD - CPR)
    Destination Clock Delay (DCD):    1.936ns
    Source Clock Delay      (SCD):    1.422ns
    Clock Pessimism Removal (CPR):    -0.000ns
  Clock Uncertainty:      0.035ns  ((TSJ^2 + TIJ^2)^1/2 + DJ) / 2 + PE
    Total System Jitter     (TSJ):    0.071ns
    Total Input Jitter      (TIJ):    0.000ns
    Discrete Jitter          (DJ):    0.000ns
    Phase Error              (PE):    0.000ns
  Timing Exception:       Asynchronous Clock Groups

    Location             Delay type                Incr(ns)  Path(ns)    Netlist Resource(s)
  -------------------------------------------------------------------    -------------------
                         (clock write_clk_domain rise edge)
                                                      0.000     0.000 r  
    R16                                               0.000     0.000 r  wclk (IN)
                         net (fo=0)                   0.000     0.000    wclk
    R16                  IBUF (Prop_ibuf_I_O)         0.169     0.169 r  wclk_IBUF_inst/O
                         net (fo=1, routed)           0.634     0.803    wclk_IBUF
    BUFGCTRL_X0Y0        BUFG (Prop_bufg_I_O)         0.026     0.829 r  wclk_IBUF_BUFG_inst/O
                         net (fo=34, routed)          0.593     1.422    mem_inst/mem_reg_0_15_6_7/WCLK
    SLICE_X2Y10          RAMD32                                       r  mem_inst/mem_reg_0_15_6_7/DP/CLK
  -------------------------------------------------------------------    -------------------
    SLICE_X2Y10          RAMD32 (Prop_ramd32_CLK_O)
                                                      0.386     1.808 r  mem_inst/mem_reg_0_15_6_7/DP/O
                         net (fo=1, routed)           0.101     1.908    mem_inst/rdata0[6]
    SLICE_X0Y10          FDRE                                         r  mem_inst/rdata_reg[6]/D
  -------------------------------------------------------------------    -------------------

                         (clock read_clk_domain rise edge)
                                                      0.000     0.000 r  
    P14                                               0.000     0.000 r  rclk (IN)
                         net (fo=0)                   0.000     0.000    rclk
    P14                  IBUF (Prop_ibuf_I_O)         0.355     0.355 r  rclk_IBUF_inst/O
                         net (fo=1, routed)           0.689     1.044    rclk_IBUF
    BUFGCTRL_X0Y1        BUFG (Prop_bufg_I_O)         0.029     1.073 r  rclk_IBUF_BUFG_inst/O
                         net (fo=30, routed)          0.864     1.936    mem_inst/CLK
    SLICE_X0Y10          FDRE                                         r  mem_inst/rdata_reg[6]/C

Slack:                    inf
  Source:                 mem_inst/mem_reg_0_15_0_5/RAMC/CLK
                            (rising edge-triggered cell RAMD32 clocked by write_clk_domain  {rise@0.000ns fall@5.000ns period=10.000ns})
  Destination:            mem_inst/rdata_reg[4]/D
                            (rising edge-triggered cell FDRE clocked by read_clk_domain  {rise@0.000ns fall@12.500ns period=25.000ns})
  Path Group:             (none)
  Path Type:              Hold (Min at Fast Process Corner)
  Data Path Delay:        0.499ns  (logic 0.390ns (78.225%)  route 0.109ns (21.775%))
  Logic Levels:           0  
  Clock Path Skew:        0.515ns (DCD - SCD - CPR)
    Destination Clock Delay (DCD):    1.936ns
    Source Clock Delay      (SCD):    1.422ns
    Clock Pessimism Removal (CPR):    -0.000ns
  Clock Uncertainty:      0.035ns  ((TSJ^2 + TIJ^2)^1/2 + DJ) / 2 + PE
    Total System Jitter     (TSJ):    0.071ns
    Total Input Jitter      (TIJ):    0.000ns
    Discrete Jitter          (DJ):    0.000ns
    Phase Error              (PE):    0.000ns
  Timing Exception:       Asynchronous Clock Groups

    Location             Delay type                Incr(ns)  Path(ns)    Netlist Resource(s)
  -------------------------------------------------------------------    -------------------
                         (clock write_clk_domain rise edge)
                                                      0.000     0.000 r  
    R16                                               0.000     0.000 r  wclk (IN)
                         net (fo=0)                   0.000     0.000    wclk
    R16                  IBUF (Prop_ibuf_I_O)         0.169     0.169 r  wclk_IBUF_inst/O
                         net (fo=1, routed)           0.634     0.803    wclk_IBUF
    BUFGCTRL_X0Y0        BUFG (Prop_bufg_I_O)         0.026     0.829 r  wclk_IBUF_BUFG_inst/O
                         net (fo=34, routed)          0.593     1.422    mem_inst/mem_reg_0_15_0_5/WCLK
    SLICE_X2Y11          RAMD32                                       r  mem_inst/mem_reg_0_15_0_5/RAMC/CLK
  -------------------------------------------------------------------    -------------------
    SLICE_X2Y11          RAMD32 (Prop_ramd32_CLK_O)
                                                      0.390     1.812 r  mem_inst/mem_reg_0_15_0_5/RAMC/O
                         net (fo=1, routed)           0.109     1.920    mem_inst/rdata0[4]
    SLICE_X0Y10          FDRE                                         r  mem_inst/rdata_reg[4]/D
  -------------------------------------------------------------------    -------------------

                         (clock read_clk_domain rise edge)
                                                      0.000     0.000 r  
    P14                                               0.000     0.000 r  rclk (IN)
                         net (fo=0)                   0.000     0.000    rclk
    P14                  IBUF (Prop_ibuf_I_O)         0.355     0.355 r  rclk_IBUF_inst/O
                         net (fo=1, routed)           0.689     1.044    rclk_IBUF
    BUFGCTRL_X0Y1        BUFG (Prop_bufg_I_O)         0.029     1.073 r  rclk_IBUF_BUFG_inst/O
                         net (fo=30, routed)          0.864     1.936    mem_inst/CLK
    SLICE_X0Y10          FDRE                                         r  mem_inst/rdata_reg[4]/C

Slack:                    inf
  Source:                 mem_inst/mem_reg_0_15_0_5/RAMC_D1/CLK
                            (rising edge-triggered cell RAMD32 clocked by write_clk_domain  {rise@0.000ns fall@5.000ns period=10.000ns})
  Destination:            mem_inst/rdata_reg[5]/D
                            (rising edge-triggered cell FDRE clocked by read_clk_domain  {rise@0.000ns fall@12.500ns period=25.000ns})
  Path Group:             (none)
  Path Type:              Hold (Min at Fast Process Corner)
  Data Path Delay:        0.545ns  (logic 0.386ns (70.789%)  route 0.159ns (29.211%))
  Logic Levels:           0  
  Clock Path Skew:        0.515ns (DCD - SCD - CPR)
    Destination Clock Delay (DCD):    1.936ns
    Source Clock Delay      (SCD):    1.422ns
    Clock Pessimism Removal (CPR):    -0.000ns
  Clock Uncertainty:      0.035ns  ((TSJ^2 + TIJ^2)^1/2 + DJ) / 2 + PE
    Total System Jitter     (TSJ):    0.071ns
    Total Input Jitter      (TIJ):    0.000ns
    Discrete Jitter          (DJ):    0.000ns
    Phase Error              (PE):    0.000ns
  Timing Exception:       Asynchronous Clock Groups

    Location             Delay type                Incr(ns)  Path(ns)    Netlist Resource(s)
  -------------------------------------------------------------------    -------------------
                         (clock write_clk_domain rise edge)
                                                      0.000     0.000 r  
    R16                                               0.000     0.000 r  wclk (IN)
                         net (fo=0)                   0.000     0.000    wclk
    R16                  IBUF (Prop_ibuf_I_O)         0.169     0.169 r  wclk_IBUF_inst/O
                         net (fo=1, routed)           0.634     0.803    wclk_IBUF
    BUFGCTRL_X0Y0        BUFG (Prop_bufg_I_O)         0.026     0.829 r  wclk_IBUF_BUFG_inst/O
                         net (fo=34, routed)          0.593     1.422    mem_inst/mem_reg_0_15_0_5/WCLK
    SLICE_X2Y11          RAMD32                                       r  mem_inst/mem_reg_0_15_0_5/RAMC_D1/CLK
  -------------------------------------------------------------------    -------------------
    SLICE_X2Y11          RAMD32 (Prop_ramd32_CLK_O)
                                                      0.386     1.808 r  mem_inst/mem_reg_0_15_0_5/RAMC_D1/O
                         net (fo=1, routed)           0.159     1.967    mem_inst/rdata0[5]
    SLICE_X0Y10          FDRE                                         r  mem_inst/rdata_reg[5]/D
  -------------------------------------------------------------------    -------------------

                         (clock read_clk_domain rise edge)
                                                      0.000     0.000 r  
    P14                                               0.000     0.000 r  rclk (IN)
                         net (fo=0)                   0.000     0.000    rclk
    P14                  IBUF (Prop_ibuf_I_O)         0.355     0.355 r  rclk_IBUF_inst/O
                         net (fo=1, routed)           0.689     1.044    rclk_IBUF
    BUFGCTRL_X0Y1        BUFG (Prop_bufg_I_O)         0.029     1.073 r  rclk_IBUF_BUFG_inst/O
                         net (fo=30, routed)          0.864     1.936    mem_inst/CLK
    SLICE_X0Y10          FDRE                                         r  mem_inst/rdata_reg[5]/C

Slack:                    inf
  Source:                 mem_inst/mem_reg_0_15_6_7__0/DP/CLK
                            (rising edge-triggered cell RAMD32 clocked by write_clk_domain  {rise@0.000ns fall@5.000ns period=10.000ns})
  Destination:            mem_inst/rdata_reg[7]/D
                            (rising edge-triggered cell FDRE clocked by read_clk_domain  {rise@0.000ns fall@12.500ns period=25.000ns})
  Path Group:             (none)
  Path Type:              Hold (Min at Fast Process Corner)
  Data Path Delay:        0.550ns  (logic 0.390ns (70.875%)  route 0.160ns (29.125%))
  Logic Levels:           0  
  Clock Path Skew:        0.515ns (DCD - SCD - CPR)
    Destination Clock Delay (DCD):    1.936ns
    Source Clock Delay      (SCD):    1.422ns
    Clock Pessimism Removal (CPR):    -0.000ns
  Clock Uncertainty:      0.035ns  ((TSJ^2 + TIJ^2)^1/2 + DJ) / 2 + PE
    Total System Jitter     (TSJ):    0.071ns
    Total Input Jitter      (TIJ):    0.000ns
    Discrete Jitter          (DJ):    0.000ns
    Phase Error              (PE):    0.000ns
  Timing Exception:       Asynchronous Clock Groups

    Location             Delay type                Incr(ns)  Path(ns)    Netlist Resource(s)
  -------------------------------------------------------------------    -------------------
                         (clock write_clk_domain rise edge)
                                                      0.000     0.000 r  
    R16                                               0.000     0.000 r  wclk (IN)
                         net (fo=0)                   0.000     0.000    wclk
    R16                  IBUF (Prop_ibuf_I_O)         0.169     0.169 r  wclk_IBUF_inst/O
                         net (fo=1, routed)           0.634     0.803    wclk_IBUF
    BUFGCTRL_X0Y0        BUFG (Prop_bufg_I_O)         0.026     0.829 r  wclk_IBUF_BUFG_inst/O
                         net (fo=34, routed)          0.593     1.422    mem_inst/mem_reg_0_15_6_7__0/WCLK
    SLICE_X2Y10          RAMD32                                       r  mem_inst/mem_reg_0_15_6_7__0/DP/CLK
  -------------------------------------------------------------------    -------------------
    SLICE_X2Y10          RAMD32 (Prop_ramd32_CLK_O)
                                                      0.390     1.812 r  mem_inst/mem_reg_0_15_6_7__0/DP/O
                         net (fo=1, routed)           0.160     1.972    mem_inst/rdata0[7]
    SLICE_X0Y10          FDRE                                         r  mem_inst/rdata_reg[7]/D
  -------------------------------------------------------------------    -------------------

                         (clock read_clk_domain rise edge)
                                                      0.000     0.000 r  
    P14                                               0.000     0.000 r  rclk (IN)
                         net (fo=0)                   0.000     0.000    rclk
    P14                  IBUF (Prop_ibuf_I_O)         0.355     0.355 r  rclk_IBUF_inst/O
                         net (fo=1, routed)           0.689     1.044    rclk_IBUF
    BUFGCTRL_X0Y1        BUFG (Prop_bufg_I_O)         0.029     1.073 r  rclk_IBUF_BUFG_inst/O
                         net (fo=30, routed)          0.864     1.936    mem_inst/CLK
    SLICE_X0Y10          FDRE                                         r  mem_inst/rdata_reg[7]/C

Slack:                    inf
  Source:                 mem_inst/mem_reg_0_15_0_5/RAMB/CLK
                            (rising edge-triggered cell RAMD32 clocked by write_clk_domain  {rise@0.000ns fall@5.000ns period=10.000ns})
  Destination:            mem_inst/rdata_reg[2]/D
                            (rising edge-triggered cell FDRE clocked by read_clk_domain  {rise@0.000ns fall@12.500ns period=25.000ns})
  Path Group:             (none)
  Path Type:              Hold (Min at Fast Process Corner)
  Data Path Delay:        0.552ns  (logic 0.394ns (71.392%)  route 0.158ns (28.608%))
  Logic Levels:           0  
  Clock Path Skew:        0.515ns (DCD - SCD - CPR)
    Destination Clock Delay (DCD):    1.936ns
    Source Clock Delay      (SCD):    1.422ns
    Clock Pessimism Removal (CPR):    -0.000ns
  Clock Uncertainty:      0.035ns  ((TSJ^2 + TIJ^2)^1/2 + DJ) / 2 + PE
    Total System Jitter     (TSJ):    0.071ns
    Total Input Jitter      (TIJ):    0.000ns
    Discrete Jitter          (DJ):    0.000ns
    Phase Error              (PE):    0.000ns
  Timing Exception:       Asynchronous Clock Groups

    Location             Delay type                Incr(ns)  Path(ns)    Netlist Resource(s)
  -------------------------------------------------------------------    -------------------
                         (clock write_clk_domain rise edge)
                                                      0.000     0.000 r  
    R16                                               0.000     0.000 r  wclk (IN)
                         net (fo=0)                   0.000     0.000    wclk
    R16                  IBUF (Prop_ibuf_I_O)         0.169     0.169 r  wclk_IBUF_inst/O
                         net (fo=1, routed)           0.634     0.803    wclk_IBUF
    BUFGCTRL_X0Y0        BUFG (Prop_bufg_I_O)         0.026     0.829 r  wclk_IBUF_BUFG_inst/O
                         net (fo=34, routed)          0.593     1.422    mem_inst/mem_reg_0_15_0_5/WCLK
    SLICE_X2Y11          RAMD32                                       r  mem_inst/mem_reg_0_15_0_5/RAMB/CLK
  -------------------------------------------------------------------    -------------------
    SLICE_X2Y11          RAMD32 (Prop_ramd32_CLK_O)
                                                      0.394     1.816 r  mem_inst/mem_reg_0_15_0_5/RAMB/O
                         net (fo=1, routed)           0.158     1.973    mem_inst/rdata0[2]
    SLICE_X1Y10          FDRE                                         r  mem_inst/rdata_reg[2]/D
  -------------------------------------------------------------------    -------------------

                         (clock read_clk_domain rise edge)
                                                      0.000     0.000 r  
    P14                                               0.000     0.000 r  rclk (IN)
                         net (fo=0)                   0.000     0.000    rclk
    P14                  IBUF (Prop_ibuf_I_O)         0.355     0.355 r  rclk_IBUF_inst/O
                         net (fo=1, routed)           0.689     1.044    rclk_IBUF
    BUFGCTRL_X0Y1        BUFG (Prop_bufg_I_O)         0.029     1.073 r  rclk_IBUF_BUFG_inst/O
                         net (fo=30, routed)          0.864     1.936    mem_inst/CLK
    SLICE_X1Y10          FDRE                                         r  mem_inst/rdata_reg[2]/C





--------------------------------------------------------------------------------------
Path Group:  (none)
From Clock:  read_clk_domain
  To Clock:  write_clk_domain

Max Delay             5 Endpoints
Min Delay             5 Endpoints
--------------------------------------------------------------------------------------


Max Delay Paths
--------------------------------------------------------------------------------------
Slack:                    inf
  Source:                 rptr_empty_inst/rptr_reg[0]/C
                            (rising edge-triggered cell FDCE clocked by read_clk_domain  {rise@0.000ns fall@12.500ns period=25.000ns})
  Destination:            sync_r2w_inst/wq1_rptr_reg[0]/D
                            (rising edge-triggered cell FDCE clocked by write_clk_domain  {rise@0.000ns fall@5.000ns period=10.000ns})
  Path Group:             (none)
  Path Type:              Setup (Max at Slow Process Corner)
  Data Path Delay:        1.098ns  (logic 0.478ns (43.522%)  route 0.620ns (56.478%))
  Logic Levels:           0  
  Clock Path Skew:        -0.358ns (DCD - SCD + CPR)
    Destination Clock Delay (DCD):    4.283ns
    Source Clock Delay      (SCD):    4.641ns
    Clock Pessimism Removal (CPR):    0.000ns
  Clock Uncertainty:      0.035ns  ((TSJ^2 + TIJ^2)^1/2 + DJ) / 2 + PE
    Total System Jitter     (TSJ):    0.071ns
    Total Input Jitter      (TIJ):    0.000ns
    Discrete Jitter          (DJ):    0.000ns
    Phase Error              (PE):    0.000ns
  Timing Exception:       Asynchronous Clock Groups

    Location             Delay type                Incr(ns)  Path(ns)    Netlist Resource(s)
  -------------------------------------------------------------------    -------------------
                         (clock read_clk_domain rise edge)
                                                      0.000     0.000 r  
    P14                                               0.000     0.000 r  rclk (IN)
                         net (fo=0)                   0.000     0.000    rclk
    P14                  IBUF (Prop_ibuf_I_O)         0.937     0.937 r  rclk_IBUF_inst/O
                         net (fo=1, routed)           1.972     2.909    rclk_IBUF
    BUFGCTRL_X0Y1        BUFG (Prop_bufg_I_O)         0.096     3.005 r  rclk_IBUF_BUFG_inst/O
                         net (fo=30, routed)          1.636     4.641    rptr_empty_inst/CLK
    SLICE_X2Y9           FDCE                                         r  rptr_empty_inst/rptr_reg[0]/C
  -------------------------------------------------------------------    -------------------
    SLICE_X2Y9           FDCE (Prop_fdce_C_Q)         0.478     5.119 r  rptr_empty_inst/rptr_reg[0]/Q
                         net (fo=1, routed)           0.620     5.740    sync_r2w_inst/D[0]
    SLICE_X1Y9           FDCE                                         r  sync_r2w_inst/wq1_rptr_reg[0]/D
  -------------------------------------------------------------------    -------------------

                         (clock write_clk_domain rise edge)
                                                      0.000     0.000 r  
    R16                                               0.000     0.000 r  wclk (IN)
                         net (fo=0)                   0.000     0.000    wclk
    R16                  IBUF (Prop_ibuf_I_O)         0.806     0.806 r  wclk_IBUF_inst/O
                         net (fo=1, routed)           1.868     2.674    wclk_IBUF
    BUFGCTRL_X0Y0        BUFG (Prop_bufg_I_O)         0.091     2.765 r  wclk_IBUF_BUFG_inst/O
                         net (fo=34, routed)          1.517     4.283    sync_r2w_inst/CLK
    SLICE_X1Y9           FDCE                                         r  sync_r2w_inst/wq1_rptr_reg[0]/C

Slack:                    inf
  Source:                 rptr_empty_inst/rbin_reg[4]/C
                            (rising edge-triggered cell FDCE clocked by read_clk_domain  {rise@0.000ns fall@12.500ns period=25.000ns})
  Destination:            sync_r2w_inst/wq1_rptr_reg[4]/D
                            (rising edge-triggered cell FDCE clocked by write_clk_domain  {rise@0.000ns fall@5.000ns period=10.000ns})
  Path Group:             (none)
  Path Type:              Setup (Max at Slow Process Corner)
  Data Path Delay:        0.965ns  (logic 0.518ns (53.673%)  route 0.447ns (46.327%))
  Logic Levels:           0  
  Clock Path Skew:        -0.359ns (DCD - SCD + CPR)
    Destination Clock Delay (DCD):    4.283ns
    Source Clock Delay      (SCD):    4.642ns
    Clock Pessimism Removal (CPR):    0.000ns
  Clock Uncertainty:      0.035ns  ((TSJ^2 + TIJ^2)^1/2 + DJ) / 2 + PE
    Total System Jitter     (TSJ):    0.071ns
    Total Input Jitter      (TIJ):    0.000ns
    Discrete Jitter          (DJ):    0.000ns
    Phase Error              (PE):    0.000ns
  Timing Exception:       Asynchronous Clock Groups

    Location             Delay type                Incr(ns)  Path(ns)    Netlist Resource(s)
  -------------------------------------------------------------------    -------------------
                         (clock read_clk_domain rise edge)
                                                      0.000     0.000 r  
    P14                                               0.000     0.000 r  rclk (IN)
                         net (fo=0)                   0.000     0.000    rclk
    P14                  IBUF (Prop_ibuf_I_O)         0.937     0.937 r  rclk_IBUF_inst/O
                         net (fo=1, routed)           1.972     2.909    rclk_IBUF
    BUFGCTRL_X0Y1        BUFG (Prop_bufg_I_O)         0.096     3.005 r  rclk_IBUF_BUFG_inst/O
                         net (fo=30, routed)          1.637     4.642    rptr_empty_inst/CLK
    SLICE_X2Y8           FDCE                                         r  rptr_empty_inst/rbin_reg[4]/C
  -------------------------------------------------------------------    -------------------
    SLICE_X2Y8           FDCE (Prop_fdce_C_Q)         0.518     5.160 r  rptr_empty_inst/rbin_reg[4]/Q
                         net (fo=4, routed)           0.447     5.607    sync_r2w_inst/D[4]
    SLICE_X1Y9           FDCE                                         r  sync_r2w_inst/wq1_rptr_reg[4]/D
  -------------------------------------------------------------------    -------------------

                         (clock write_clk_domain rise edge)
                                                      0.000     0.000 r  
    R16                                               0.000     0.000 r  wclk (IN)
                         net (fo=0)                   0.000     0.000    wclk
    R16                  IBUF (Prop_ibuf_I_O)         0.806     0.806 r  wclk_IBUF_inst/O
                         net (fo=1, routed)           1.868     2.674    wclk_IBUF
    BUFGCTRL_X0Y0        BUFG (Prop_bufg_I_O)         0.091     2.765 r  wclk_IBUF_BUFG_inst/O
                         net (fo=34, routed)          1.517     4.283    sync_r2w_inst/CLK
    SLICE_X1Y9           FDCE                                         r  sync_r2w_inst/wq1_rptr_reg[4]/C

Slack:                    inf
  Source:                 rptr_empty_inst/rptr_reg[3]/C
                            (rising edge-triggered cell FDCE clocked by read_clk_domain  {rise@0.000ns fall@12.500ns period=25.000ns})
  Destination:            sync_r2w_inst/wq1_rptr_reg[3]/D
                            (rising edge-triggered cell FDCE clocked by write_clk_domain  {rise@0.000ns fall@5.000ns period=10.000ns})
  Path Group:             (none)
  Path Type:              Setup (Max at Slow Process Corner)
  Data Path Delay:        0.955ns  (logic 0.478ns (50.056%)  route 0.477ns (49.944%))
  Logic Levels:           0  
  Clock Path Skew:        -0.358ns (DCD - SCD + CPR)
    Destination Clock Delay (DCD):    4.284ns
    Source Clock Delay      (SCD):    4.642ns
    Clock Pessimism Removal (CPR):    0.000ns
  Clock Uncertainty:      0.035ns  ((TSJ^2 + TIJ^2)^1/2 + DJ) / 2 + PE
    Total System Jitter     (TSJ):    0.071ns
    Total Input Jitter      (TIJ):    0.000ns
    Discrete Jitter          (DJ):    0.000ns
    Phase Error              (PE):    0.000ns
  Timing Exception:       Asynchronous Clock Groups

    Location             Delay type                Incr(ns)  Path(ns)    Netlist Resource(s)
  -------------------------------------------------------------------    -------------------
                         (clock read_clk_domain rise edge)
                                                      0.000     0.000 r  
    P14                                               0.000     0.000 r  rclk (IN)
                         net (fo=0)                   0.000     0.000    rclk
    P14                  IBUF (Prop_ibuf_I_O)         0.937     0.937 r  rclk_IBUF_inst/O
                         net (fo=1, routed)           1.972     2.909    rclk_IBUF
    BUFGCTRL_X0Y1        BUFG (Prop_bufg_I_O)         0.096     3.005 r  rclk_IBUF_BUFG_inst/O
                         net (fo=30, routed)          1.637     4.642    rptr_empty_inst/CLK
    SLICE_X2Y8           FDCE                                         r  rptr_empty_inst/rptr_reg[3]/C
  -------------------------------------------------------------------    -------------------
    SLICE_X2Y8           FDCE (Prop_fdce_C_Q)         0.478     5.120 r  rptr_empty_inst/rptr_reg[3]/Q
                         net (fo=1, routed)           0.477     5.597    sync_r2w_inst/D[3]
    SLICE_X1Y8           FDCE                                         r  sync_r2w_inst/wq1_rptr_reg[3]/D
  -------------------------------------------------------------------    -------------------

                         (clock write_clk_domain rise edge)
                                                      0.000     0.000 r  
    R16                                               0.000     0.000 r  wclk (IN)
                         net (fo=0)                   0.000     0.000    wclk
    R16                  IBUF (Prop_ibuf_I_O)         0.806     0.806 r  wclk_IBUF_inst/O
                         net (fo=1, routed)           1.868     2.674    wclk_IBUF
    BUFGCTRL_X0Y0        BUFG (Prop_bufg_I_O)         0.091     2.765 r  wclk_IBUF_BUFG_inst/O
                         net (fo=34, routed)          1.518     4.284    sync_r2w_inst/CLK
    SLICE_X1Y8           FDCE                                         r  sync_r2w_inst/wq1_rptr_reg[3]/C

Slack:                    inf
  Source:                 rptr_empty_inst/rptr_reg[2]/C
                            (rising edge-triggered cell FDCE clocked by read_clk_domain  {rise@0.000ns fall@12.500ns period=25.000ns})
  Destination:            sync_r2w_inst/wq1_rptr_reg[2]/D
                            (rising edge-triggered cell FDCE clocked by write_clk_domain  {rise@0.000ns fall@5.000ns period=10.000ns})
  Path Group:             (none)
  Path Type:              Setup (Max at Slow Process Corner)
  Data Path Delay:        0.802ns  (logic 0.518ns (64.575%)  route 0.284ns (35.425%))
  Logic Levels:           0  
  Clock Path Skew:        -0.358ns (DCD - SCD + CPR)
    Destination Clock Delay (DCD):    4.283ns
    Source Clock Delay      (SCD):    4.641ns
    Clock Pessimism Removal (CPR):    0.000ns
  Clock Uncertainty:      0.035ns  ((TSJ^2 + TIJ^2)^1/2 + DJ) / 2 + PE
    Total System Jitter     (TSJ):    0.071ns
    Total Input Jitter      (TIJ):    0.000ns
    Discrete Jitter          (DJ):    0.000ns
    Phase Error              (PE):    0.000ns
  Timing Exception:       Asynchronous Clock Groups

    Location             Delay type                Incr(ns)  Path(ns)    Netlist Resource(s)
  -------------------------------------------------------------------    -------------------
                         (clock read_clk_domain rise edge)
                                                      0.000     0.000 r  
    P14                                               0.000     0.000 r  rclk (IN)
                         net (fo=0)                   0.000     0.000    rclk
    P14                  IBUF (Prop_ibuf_I_O)         0.937     0.937 r  rclk_IBUF_inst/O
                         net (fo=1, routed)           1.972     2.909    rclk_IBUF
    BUFGCTRL_X0Y1        BUFG (Prop_bufg_I_O)         0.096     3.005 r  rclk_IBUF_BUFG_inst/O
                         net (fo=30, routed)          1.636     4.641    rptr_empty_inst/CLK
    SLICE_X2Y9           FDCE                                         r  rptr_empty_inst/rptr_reg[2]/C
  -------------------------------------------------------------------    -------------------
    SLICE_X2Y9           FDCE (Prop_fdce_C_Q)         0.518     5.159 r  rptr_empty_inst/rptr_reg[2]/Q
                         net (fo=1, routed)           0.284     5.443    sync_r2w_inst/D[2]
    SLICE_X1Y9           FDCE                                         r  sync_r2w_inst/wq1_rptr_reg[2]/D
  -------------------------------------------------------------------    -------------------

                         (clock write_clk_domain rise edge)
                                                      0.000     0.000 r  
    R16                                               0.000     0.000 r  wclk (IN)
                         net (fo=0)                   0.000     0.000    wclk
    R16                  IBUF (Prop_ibuf_I_O)         0.806     0.806 r  wclk_IBUF_inst/O
                         net (fo=1, routed)           1.868     2.674    wclk_IBUF
    BUFGCTRL_X0Y0        BUFG (Prop_bufg_I_O)         0.091     2.765 r  wclk_IBUF_BUFG_inst/O
                         net (fo=34, routed)          1.517     4.283    sync_r2w_inst/CLK
    SLICE_X1Y9           FDCE                                         r  sync_r2w_inst/wq1_rptr_reg[2]/C

Slack:                    inf
  Source:                 rptr_empty_inst/rptr_reg[1]/C
                            (rising edge-triggered cell FDCE clocked by read_clk_domain  {rise@0.000ns fall@12.500ns period=25.000ns})
  Destination:            sync_r2w_inst/wq1_rptr_reg[1]/D
                            (rising edge-triggered cell FDCE clocked by write_clk_domain  {rise@0.000ns fall@5.000ns period=10.000ns})
  Path Group:             (none)
  Path Type:              Setup (Max at Slow Process Corner)
  Data Path Delay:        0.770ns  (logic 0.478ns (62.064%)  route 0.292ns (37.936%))
  Logic Levels:           0  
  Clock Path Skew:        -0.358ns (DCD - SCD + CPR)
    Destination Clock Delay (DCD):    4.284ns
    Source Clock Delay      (SCD):    4.642ns
    Clock Pessimism Removal (CPR):    0.000ns
  Clock Uncertainty:      0.035ns  ((TSJ^2 + TIJ^2)^1/2 + DJ) / 2 + PE
    Total System Jitter     (TSJ):    0.071ns
    Total Input Jitter      (TIJ):    0.000ns
    Discrete Jitter          (DJ):    0.000ns
    Phase Error              (PE):    0.000ns
  Timing Exception:       Asynchronous Clock Groups

    Location             Delay type                Incr(ns)  Path(ns)    Netlist Resource(s)
  -------------------------------------------------------------------    -------------------
                         (clock read_clk_domain rise edge)
                                                      0.000     0.000 r  
    P14                                               0.000     0.000 r  rclk (IN)
                         net (fo=0)                   0.000     0.000    rclk
    P14                  IBUF (Prop_ibuf_I_O)         0.937     0.937 r  rclk_IBUF_inst/O
                         net (fo=1, routed)           1.972     2.909    rclk_IBUF
    BUFGCTRL_X0Y1        BUFG (Prop_bufg_I_O)         0.096     3.005 r  rclk_IBUF_BUFG_inst/O
                         net (fo=30, routed)          1.637     4.642    rptr_empty_inst/CLK
    SLICE_X2Y8           FDCE                                         r  rptr_empty_inst/rptr_reg[1]/C
  -------------------------------------------------------------------    -------------------
    SLICE_X2Y8           FDCE (Prop_fdce_C_Q)         0.478     5.120 r  rptr_empty_inst/rptr_reg[1]/Q
                         net (fo=1, routed)           0.292     5.412    sync_r2w_inst/D[1]
    SLICE_X1Y8           FDCE                                         r  sync_r2w_inst/wq1_rptr_reg[1]/D
  -------------------------------------------------------------------    -------------------

                         (clock write_clk_domain rise edge)
                                                      0.000     0.000 r  
    R16                                               0.000     0.000 r  wclk (IN)
                         net (fo=0)                   0.000     0.000    wclk
    R16                  IBUF (Prop_ibuf_I_O)         0.806     0.806 r  wclk_IBUF_inst/O
                         net (fo=1, routed)           1.868     2.674    wclk_IBUF
    BUFGCTRL_X0Y0        BUFG (Prop_bufg_I_O)         0.091     2.765 r  wclk_IBUF_BUFG_inst/O
                         net (fo=34, routed)          1.518     4.284    sync_r2w_inst/CLK
    SLICE_X1Y8           FDCE                                         r  sync_r2w_inst/wq1_rptr_reg[1]/C





Min Delay Paths
--------------------------------------------------------------------------------------
Slack:                    inf
  Source:                 rptr_empty_inst/rptr_reg[1]/C
                            (rising edge-triggered cell FDCE clocked by read_clk_domain  {rise@0.000ns fall@12.500ns period=25.000ns})
  Destination:            sync_r2w_inst/wq1_rptr_reg[1]/D
                            (rising edge-triggered cell FDCE clocked by write_clk_domain  {rise@0.000ns fall@5.000ns period=10.000ns})
  Path Group:             (none)
  Path Type:              Hold (Min at Fast Process Corner)
  Data Path Delay:        0.247ns  (logic 0.148ns (59.877%)  route 0.099ns (40.123%))
  Logic Levels:           0  
  Clock Path Skew:        0.520ns (DCD - SCD - CPR)
    Destination Clock Delay (DCD):    1.940ns
    Source Clock Delay      (SCD):    1.420ns
    Clock Pessimism Removal (CPR):    -0.000ns
  Clock Uncertainty:      0.035ns  ((TSJ^2 + TIJ^2)^1/2 + DJ) / 2 + PE
    Total System Jitter     (TSJ):    0.071ns
    Total Input Jitter      (TIJ):    0.000ns
    Discrete Jitter          (DJ):    0.000ns
    Phase Error              (PE):    0.000ns
  Timing Exception:       Asynchronous Clock Groups

    Location             Delay type                Incr(ns)  Path(ns)    Netlist Resource(s)
  -------------------------------------------------------------------    -------------------
                         (clock read_clk_domain rise edge)
                                                      0.000     0.000 r  
    P14                                               0.000     0.000 r  rclk (IN)
                         net (fo=0)                   0.000     0.000    rclk
    P14                  IBUF (Prop_ibuf_I_O)         0.166     0.166 r  rclk_IBUF_inst/O
                         net (fo=1, routed)           0.634     0.801    rclk_IBUF
    BUFGCTRL_X0Y1        BUFG (Prop_bufg_I_O)         0.026     0.827 r  rclk_IBUF_BUFG_inst/O
                         net (fo=30, routed)          0.594     1.420    rptr_empty_inst/CLK
    SLICE_X2Y8           FDCE                                         r  rptr_empty_inst/rptr_reg[1]/C
  -------------------------------------------------------------------    -------------------
    SLICE_X2Y8           FDCE (Prop_fdce_C_Q)         0.148     1.568 r  rptr_empty_inst/rptr_reg[1]/Q
                         net (fo=1, routed)           0.099     1.667    sync_r2w_inst/D[1]
    SLICE_X1Y8           FDCE                                         r  sync_r2w_inst/wq1_rptr_reg[1]/D
  -------------------------------------------------------------------    -------------------

                         (clock write_clk_domain rise edge)
                                                      0.000     0.000 r  
    R16                                               0.000     0.000 r  wclk (IN)
                         net (fo=0)                   0.000     0.000    wclk
    R16                  IBUF (Prop_ibuf_I_O)         0.357     0.357 r  wclk_IBUF_inst/O
                         net (fo=1, routed)           0.689     1.046    wclk_IBUF
    BUFGCTRL_X0Y0        BUFG (Prop_bufg_I_O)         0.029     1.075 r  wclk_IBUF_BUFG_inst/O
                         net (fo=34, routed)          0.865     1.940    sync_r2w_inst/CLK
    SLICE_X1Y8           FDCE                                         r  sync_r2w_inst/wq1_rptr_reg[1]/C

Slack:                    inf
  Source:                 rptr_empty_inst/rptr_reg[2]/C
                            (rising edge-triggered cell FDCE clocked by read_clk_domain  {rise@0.000ns fall@12.500ns period=25.000ns})
  Destination:            sync_r2w_inst/wq1_rptr_reg[2]/D
                            (rising edge-triggered cell FDCE clocked by write_clk_domain  {rise@0.000ns fall@5.000ns period=10.000ns})
  Path Group:             (none)
  Path Type:              Hold (Min at Fast Process Corner)
  Data Path Delay:        0.259ns  (logic 0.164ns (63.278%)  route 0.095ns (36.722%))
  Logic Levels:           0  
  Clock Path Skew:        0.520ns (DCD - SCD - CPR)
    Destination Clock Delay (DCD):    1.940ns
    Source Clock Delay      (SCD):    1.420ns
    Clock Pessimism Removal (CPR):    -0.000ns
  Clock Uncertainty:      0.035ns  ((TSJ^2 + TIJ^2)^1/2 + DJ) / 2 + PE
    Total System Jitter     (TSJ):    0.071ns
    Total Input Jitter      (TIJ):    0.000ns
    Discrete Jitter          (DJ):    0.000ns
    Phase Error              (PE):    0.000ns
  Timing Exception:       Asynchronous Clock Groups

    Location             Delay type                Incr(ns)  Path(ns)    Netlist Resource(s)
  -------------------------------------------------------------------    -------------------
                         (clock read_clk_domain rise edge)
                                                      0.000     0.000 r  
    P14                                               0.000     0.000 r  rclk (IN)
                         net (fo=0)                   0.000     0.000    rclk
    P14                  IBUF (Prop_ibuf_I_O)         0.166     0.166 r  rclk_IBUF_inst/O
                         net (fo=1, routed)           0.634     0.801    rclk_IBUF
    BUFGCTRL_X0Y1        BUFG (Prop_bufg_I_O)         0.026     0.827 r  rclk_IBUF_BUFG_inst/O
                         net (fo=30, routed)          0.594     1.420    rptr_empty_inst/CLK
    SLICE_X2Y9           FDCE                                         r  rptr_empty_inst/rptr_reg[2]/C
  -------------------------------------------------------------------    -------------------
    SLICE_X2Y9           FDCE (Prop_fdce_C_Q)         0.164     1.584 r  rptr_empty_inst/rptr_reg[2]/Q
                         net (fo=1, routed)           0.095     1.679    sync_r2w_inst/D[2]
    SLICE_X1Y9           FDCE                                         r  sync_r2w_inst/wq1_rptr_reg[2]/D
  -------------------------------------------------------------------    -------------------

                         (clock write_clk_domain rise edge)
                                                      0.000     0.000 r  
    R16                                               0.000     0.000 r  wclk (IN)
                         net (fo=0)                   0.000     0.000    wclk
    R16                  IBUF (Prop_ibuf_I_O)         0.357     0.357 r  wclk_IBUF_inst/O
                         net (fo=1, routed)           0.689     1.046    wclk_IBUF
    BUFGCTRL_X0Y0        BUFG (Prop_bufg_I_O)         0.029     1.075 r  wclk_IBUF_BUFG_inst/O
                         net (fo=34, routed)          0.865     1.940    sync_r2w_inst/CLK
    SLICE_X1Y9           FDCE                                         r  sync_r2w_inst/wq1_rptr_reg[2]/C

Slack:                    inf
  Source:                 rptr_empty_inst/rptr_reg[3]/C
                            (rising edge-triggered cell FDCE clocked by read_clk_domain  {rise@0.000ns fall@12.500ns period=25.000ns})
  Destination:            sync_r2w_inst/wq1_rptr_reg[3]/D
                            (rising edge-triggered cell FDCE clocked by write_clk_domain  {rise@0.000ns fall@5.000ns period=10.000ns})
  Path Group:             (none)
  Path Type:              Hold (Min at Fast Process Corner)
  Data Path Delay:        0.307ns  (logic 0.148ns (48.219%)  route 0.159ns (51.781%))
  Logic Levels:           0  
  Clock Path Skew:        0.520ns (DCD - SCD - CPR)
    Destination Clock Delay (DCD):    1.940ns
    Source Clock Delay      (SCD):    1.420ns
    Clock Pessimism Removal (CPR):    -0.000ns
  Clock Uncertainty:      0.035ns  ((TSJ^2 + TIJ^2)^1/2 + DJ) / 2 + PE
    Total System Jitter     (TSJ):    0.071ns
    Total Input Jitter      (TIJ):    0.000ns
    Discrete Jitter          (DJ):    0.000ns
    Phase Error              (PE):    0.000ns
  Timing Exception:       Asynchronous Clock Groups

    Location             Delay type                Incr(ns)  Path(ns)    Netlist Resource(s)
  -------------------------------------------------------------------    -------------------
                         (clock read_clk_domain rise edge)
                                                      0.000     0.000 r  
    P14                                               0.000     0.000 r  rclk (IN)
                         net (fo=0)                   0.000     0.000    rclk
    P14                  IBUF (Prop_ibuf_I_O)         0.166     0.166 r  rclk_IBUF_inst/O
                         net (fo=1, routed)           0.634     0.801    rclk_IBUF
    BUFGCTRL_X0Y1        BUFG (Prop_bufg_I_O)         0.026     0.827 r  rclk_IBUF_BUFG_inst/O
                         net (fo=30, routed)          0.594     1.420    rptr_empty_inst/CLK
    SLICE_X2Y8           FDCE                                         r  rptr_empty_inst/rptr_reg[3]/C
  -------------------------------------------------------------------    -------------------
    SLICE_X2Y8           FDCE (Prop_fdce_C_Q)         0.148     1.568 r  rptr_empty_inst/rptr_reg[3]/Q
                         net (fo=1, routed)           0.159     1.727    sync_r2w_inst/D[3]
    SLICE_X1Y8           FDCE                                         r  sync_r2w_inst/wq1_rptr_reg[3]/D
  -------------------------------------------------------------------    -------------------

                         (clock write_clk_domain rise edge)
                                                      0.000     0.000 r  
    R16                                               0.000     0.000 r  wclk (IN)
                         net (fo=0)                   0.000     0.000    wclk
    R16                  IBUF (Prop_ibuf_I_O)         0.357     0.357 r  wclk_IBUF_inst/O
                         net (fo=1, routed)           0.689     1.046    wclk_IBUF
    BUFGCTRL_X0Y0        BUFG (Prop_bufg_I_O)         0.029     1.075 r  wclk_IBUF_BUFG_inst/O
                         net (fo=34, routed)          0.865     1.940    sync_r2w_inst/CLK
    SLICE_X1Y8           FDCE                                         r  sync_r2w_inst/wq1_rptr_reg[3]/C

Slack:                    inf
  Source:                 rptr_empty_inst/rbin_reg[4]/C
                            (rising edge-triggered cell FDCE clocked by read_clk_domain  {rise@0.000ns fall@12.500ns period=25.000ns})
  Destination:            sync_r2w_inst/wq1_rptr_reg[4]/D
                            (rising edge-triggered cell FDCE clocked by write_clk_domain  {rise@0.000ns fall@5.000ns period=10.000ns})
  Path Group:             (none)
  Path Type:              Hold (Min at Fast Process Corner)
  Data Path Delay:        0.336ns  (logic 0.164ns (48.793%)  route 0.172ns (51.207%))
  Logic Levels:           0  
  Clock Path Skew:        0.520ns (DCD - SCD - CPR)
    Destination Clock Delay (DCD):    1.940ns
    Source Clock Delay      (SCD):    1.420ns
    Clock Pessimism Removal (CPR):    -0.000ns
  Clock Uncertainty:      0.035ns  ((TSJ^2 + TIJ^2)^1/2 + DJ) / 2 + PE
    Total System Jitter     (TSJ):    0.071ns
    Total Input Jitter      (TIJ):    0.000ns
    Discrete Jitter          (DJ):    0.000ns
    Phase Error              (PE):    0.000ns
  Timing Exception:       Asynchronous Clock Groups

    Location             Delay type                Incr(ns)  Path(ns)    Netlist Resource(s)
  -------------------------------------------------------------------    -------------------
                         (clock read_clk_domain rise edge)
                                                      0.000     0.000 r  
    P14                                               0.000     0.000 r  rclk (IN)
                         net (fo=0)                   0.000     0.000    rclk
    P14                  IBUF (Prop_ibuf_I_O)         0.166     0.166 r  rclk_IBUF_inst/O
                         net (fo=1, routed)           0.634     0.801    rclk_IBUF
    BUFGCTRL_X0Y1        BUFG (Prop_bufg_I_O)         0.026     0.827 r  rclk_IBUF_BUFG_inst/O
                         net (fo=30, routed)          0.594     1.420    rptr_empty_inst/CLK
    SLICE_X2Y8           FDCE                                         r  rptr_empty_inst/rbin_reg[4]/C
  -------------------------------------------------------------------    -------------------
    SLICE_X2Y8           FDCE (Prop_fdce_C_Q)         0.164     1.584 r  rptr_empty_inst/rbin_reg[4]/Q
                         net (fo=4, routed)           0.172     1.756    sync_r2w_inst/D[4]
    SLICE_X1Y9           FDCE                                         r  sync_r2w_inst/wq1_rptr_reg[4]/D
  -------------------------------------------------------------------    -------------------

                         (clock write_clk_domain rise edge)
                                                      0.000     0.000 r  
    R16                                               0.000     0.000 r  wclk (IN)
                         net (fo=0)                   0.000     0.000    wclk
    R16                  IBUF (Prop_ibuf_I_O)         0.357     0.357 r  wclk_IBUF_inst/O
                         net (fo=1, routed)           0.689     1.046    wclk_IBUF
    BUFGCTRL_X0Y0        BUFG (Prop_bufg_I_O)         0.029     1.075 r  wclk_IBUF_BUFG_inst/O
                         net (fo=34, routed)          0.865     1.940    sync_r2w_inst/CLK
    SLICE_X1Y9           FDCE                                         r  sync_r2w_inst/wq1_rptr_reg[4]/C

Slack:                    inf
  Source:                 rptr_empty_inst/rptr_reg[0]/C
                            (rising edge-triggered cell FDCE clocked by read_clk_domain  {rise@0.000ns fall@12.500ns period=25.000ns})
  Destination:            sync_r2w_inst/wq1_rptr_reg[0]/D
                            (rising edge-triggered cell FDCE clocked by write_clk_domain  {rise@0.000ns fall@5.000ns period=10.000ns})
  Path Group:             (none)
  Path Type:              Hold (Min at Fast Process Corner)
  Data Path Delay:        0.473ns  (logic 0.148ns (31.270%)  route 0.325ns (68.730%))
  Logic Levels:           0  
  Clock Path Skew:        0.520ns (DCD - SCD - CPR)
    Destination Clock Delay (DCD):    1.940ns
    Source Clock Delay      (SCD):    1.420ns
    Clock Pessimism Removal (CPR):    -0.000ns
  Clock Uncertainty:      0.035ns  ((TSJ^2 + TIJ^2)^1/2 + DJ) / 2 + PE
    Total System Jitter     (TSJ):    0.071ns
    Total Input Jitter      (TIJ):    0.000ns
    Discrete Jitter          (DJ):    0.000ns
    Phase Error              (PE):    0.000ns
  Timing Exception:       Asynchronous Clock Groups

    Location             Delay type                Incr(ns)  Path(ns)    Netlist Resource(s)
  -------------------------------------------------------------------    -------------------
                         (clock read_clk_domain rise edge)
                                                      0.000     0.000 r  
    P14                                               0.000     0.000 r  rclk (IN)
                         net (fo=0)                   0.000     0.000    rclk
    P14                  IBUF (Prop_ibuf_I_O)         0.166     0.166 r  rclk_IBUF_inst/O
                         net (fo=1, routed)           0.634     0.801    rclk_IBUF
    BUFGCTRL_X0Y1        BUFG (Prop_bufg_I_O)         0.026     0.827 r  rclk_IBUF_BUFG_inst/O
                         net (fo=30, routed)          0.594     1.420    rptr_empty_inst/CLK
    SLICE_X2Y9           FDCE                                         r  rptr_empty_inst/rptr_reg[0]/C
  -------------------------------------------------------------------    -------------------
    SLICE_X2Y9           FDCE (Prop_fdce_C_Q)         0.148     1.568 r  rptr_empty_inst/rptr_reg[0]/Q
                         net (fo=1, routed)           0.325     1.893    sync_r2w_inst/D[0]
    SLICE_X1Y9           FDCE                                         r  sync_r2w_inst/wq1_rptr_reg[0]/D
  -------------------------------------------------------------------    -------------------

                         (clock write_clk_domain rise edge)
                                                      0.000     0.000 r  
    R16                                               0.000     0.000 r  wclk (IN)
                         net (fo=0)                   0.000     0.000    wclk
    R16                  IBUF (Prop_ibuf_I_O)         0.357     0.357 r  wclk_IBUF_inst/O
                         net (fo=1, routed)           0.689     1.046    wclk_IBUF
    BUFGCTRL_X0Y0        BUFG (Prop_bufg_I_O)         0.029     1.075 r  wclk_IBUF_BUFG_inst/O
                         net (fo=34, routed)          0.865     1.940    sync_r2w_inst/CLK
    SLICE_X1Y9           FDCE                                         r  sync_r2w_inst/wq1_rptr_reg[0]/C





--------------------------------------------------------------------------------------
Path Group:  (none)
From Clock:  read_clk_domain
  To Clock:  

Max Delay             9 Endpoints
Min Delay             9 Endpoints
--------------------------------------------------------------------------------------


Max Delay Paths
--------------------------------------------------------------------------------------
Slack:                    inf
  Source:                 mem_inst/rdata_reg[0]/C
                            (rising edge-triggered cell FDRE clocked by read_clk_domain  {rise@0.000ns fall@12.500ns period=25.000ns})
  Destination:            rdata[0]
                            (output port)
  Path Group:             (none)
  Path Type:              Max at Slow Process Corner
  Data Path Delay:        5.096ns  (logic 3.025ns (59.358%)  route 2.071ns (40.642%))
  Logic Levels:           1  (OBUF=1)
  Clock Uncertainty:      0.025ns  ((TSJ^2 + TIJ^2)^1/2 + DJ) / 2 + PE
    Total System Jitter     (TSJ):    0.050ns
    Total Input Jitter      (TIJ):    0.000ns
    Discrete Jitter          (DJ):    0.000ns
    Phase Error              (PE):    0.000ns

    Location             Delay type                Incr(ns)  Path(ns)    Netlist Resource(s)
  -------------------------------------------------------------------    -------------------
                         (clock read_clk_domain rise edge)
                                                      0.000     0.000 r  
    P14                                               0.000     0.000 r  rclk (IN)
                         net (fo=0)                   0.000     0.000    rclk
    P14                  IBUF (Prop_ibuf_I_O)         0.937     0.937 r  rclk_IBUF_inst/O
                         net (fo=1, routed)           1.972     2.909    rclk_IBUF
    BUFGCTRL_X0Y1        BUFG (Prop_bufg_I_O)         0.096     3.005 r  rclk_IBUF_BUFG_inst/O
                         net (fo=30, routed)          1.636     4.641    mem_inst/CLK
    SLICE_X1Y10          FDRE                                         r  mem_inst/rdata_reg[0]/C
  -------------------------------------------------------------------    -------------------
    SLICE_X1Y10          FDRE (Prop_fdre_C_Q)         0.456     5.097 r  mem_inst/rdata_reg[0]/Q
                         net (fo=1, routed)           2.071     7.168    rdata_OBUF[0]
    R12                  OBUF (Prop_obuf_I_O)         2.569     9.737 r  rdata_OBUF[0]_inst/O
                         net (fo=0)                   0.000     9.737    rdata[0]
    R12                                                               r  rdata[0] (OUT)
  -------------------------------------------------------------------    -------------------

Slack:                    inf
  Source:                 mem_inst/rdata_reg[3]/C
                            (rising edge-triggered cell FDRE clocked by read_clk_domain  {rise@0.000ns fall@12.500ns period=25.000ns})
  Destination:            rdata[3]
                            (output port)
  Path Group:             (none)
  Path Type:              Max at Slow Process Corner
  Data Path Delay:        5.073ns  (logic 3.057ns (60.256%)  route 2.016ns (39.744%))
  Logic Levels:           1  (OBUF=1)
  Clock Uncertainty:      0.025ns  ((TSJ^2 + TIJ^2)^1/2 + DJ) / 2 + PE
    Total System Jitter     (TSJ):    0.050ns
    Total Input Jitter      (TIJ):    0.000ns
    Discrete Jitter          (DJ):    0.000ns
    Phase Error              (PE):    0.000ns

    Location             Delay type                Incr(ns)  Path(ns)    Netlist Resource(s)
  -------------------------------------------------------------------    -------------------
                         (clock read_clk_domain rise edge)
                                                      0.000     0.000 r  
    P14                                               0.000     0.000 r  rclk (IN)
                         net (fo=0)                   0.000     0.000    rclk
    P14                  IBUF (Prop_ibuf_I_O)         0.937     0.937 r  rclk_IBUF_inst/O
                         net (fo=1, routed)           1.972     2.909    rclk_IBUF
    BUFGCTRL_X0Y1        BUFG (Prop_bufg_I_O)         0.096     3.005 r  rclk_IBUF_BUFG_inst/O
                         net (fo=30, routed)          1.636     4.641    mem_inst/CLK
    SLICE_X1Y10          FDRE                                         r  mem_inst/rdata_reg[3]/C
  -------------------------------------------------------------------    -------------------
    SLICE_X1Y10          FDRE (Prop_fdre_C_Q)         0.456     5.097 r  mem_inst/rdata_reg[3]/Q
                         net (fo=1, routed)           2.016     7.114    rdata_OBUF[3]
    T11                  OBUF (Prop_obuf_I_O)         2.601     9.715 r  rdata_OBUF[3]_inst/O
                         net (fo=0)                   0.000     9.715    rdata[3]
    T11                                                               r  rdata[3] (OUT)
  -------------------------------------------------------------------    -------------------

Slack:                    inf
  Source:                 mem_inst/rdata_reg[2]/C
                            (rising edge-triggered cell FDRE clocked by read_clk_domain  {rise@0.000ns fall@12.500ns period=25.000ns})
  Destination:            rdata[2]
                            (output port)
  Path Group:             (none)
  Path Type:              Max at Slow Process Corner
  Data Path Delay:        5.062ns  (logic 3.050ns (60.241%)  route 2.013ns (39.759%))
  Logic Levels:           1  (OBUF=1)
  Clock Uncertainty:      0.025ns  ((TSJ^2 + TIJ^2)^1/2 + DJ) / 2 + PE
    Total System Jitter     (TSJ):    0.050ns
    Total Input Jitter      (TIJ):    0.000ns
    Discrete Jitter          (DJ):    0.000ns
    Phase Error              (PE):    0.000ns

    Location             Delay type                Incr(ns)  Path(ns)    Netlist Resource(s)
  -------------------------------------------------------------------    -------------------
                         (clock read_clk_domain rise edge)
                                                      0.000     0.000 r  
    P14                                               0.000     0.000 r  rclk (IN)
                         net (fo=0)                   0.000     0.000    rclk
    P14                  IBUF (Prop_ibuf_I_O)         0.937     0.937 r  rclk_IBUF_inst/O
                         net (fo=1, routed)           1.972     2.909    rclk_IBUF
    BUFGCTRL_X0Y1        BUFG (Prop_bufg_I_O)         0.096     3.005 r  rclk_IBUF_BUFG_inst/O
                         net (fo=30, routed)          1.636     4.641    mem_inst/CLK
    SLICE_X1Y10          FDRE                                         r  mem_inst/rdata_reg[2]/C
  -------------------------------------------------------------------    -------------------
    SLICE_X1Y10          FDRE (Prop_fdre_C_Q)         0.456     5.097 r  mem_inst/rdata_reg[2]/Q
                         net (fo=1, routed)           2.013     7.110    rdata_OBUF[2]
    U11                  OBUF (Prop_obuf_I_O)         2.594     9.704 r  rdata_OBUF[2]_inst/O
                         net (fo=0)                   0.000     9.704    rdata[2]
    U11                                                               r  rdata[2] (OUT)
  -------------------------------------------------------------------    -------------------

Slack:                    inf
  Source:                 mem_inst/rdata_reg[1]/C
                            (rising edge-triggered cell FDRE clocked by read_clk_domain  {rise@0.000ns fall@12.500ns period=25.000ns})
  Destination:            rdata[1]
                            (output port)
  Path Group:             (none)
  Path Type:              Max at Slow Process Corner
  Data Path Delay:        4.968ns  (logic 3.050ns (61.401%)  route 1.918ns (38.599%))
  Logic Levels:           1  (OBUF=1)
  Clock Uncertainty:      0.025ns  ((TSJ^2 + TIJ^2)^1/2 + DJ) / 2 + PE
    Total System Jitter     (TSJ):    0.050ns
    Total Input Jitter      (TIJ):    0.000ns
    Discrete Jitter          (DJ):    0.000ns
    Phase Error              (PE):    0.000ns

    Location             Delay type                Incr(ns)  Path(ns)    Netlist Resource(s)
  -------------------------------------------------------------------    -------------------
                         (clock read_clk_domain rise edge)
                                                      0.000     0.000 r  
    P14                                               0.000     0.000 r  rclk (IN)
                         net (fo=0)                   0.000     0.000    rclk
    P14                  IBUF (Prop_ibuf_I_O)         0.937     0.937 r  rclk_IBUF_inst/O
                         net (fo=1, routed)           1.972     2.909    rclk_IBUF
    BUFGCTRL_X0Y1        BUFG (Prop_bufg_I_O)         0.096     3.005 r  rclk_IBUF_BUFG_inst/O
                         net (fo=30, routed)          1.636     4.641    mem_inst/CLK
    SLICE_X1Y10          FDRE                                         r  mem_inst/rdata_reg[1]/C
  -------------------------------------------------------------------    -------------------
    SLICE_X1Y10          FDRE (Prop_fdre_C_Q)         0.456     5.097 r  mem_inst/rdata_reg[1]/Q
                         net (fo=1, routed)           1.918     7.015    rdata_OBUF[1]
    V12                  OBUF (Prop_obuf_I_O)         2.594     9.609 r  rdata_OBUF[1]_inst/O
                         net (fo=0)                   0.000     9.609    rdata[1]
    V12                                                               r  rdata[1] (OUT)
  -------------------------------------------------------------------    -------------------

Slack:                    inf
  Source:                 mem_inst/rdata_reg[7]/C
                            (rising edge-triggered cell FDRE clocked by read_clk_domain  {rise@0.000ns fall@12.500ns period=25.000ns})
  Destination:            rdata[7]
                            (output port)
  Path Group:             (none)
  Path Type:              Max at Slow Process Corner
  Data Path Delay:        4.964ns  (logic 3.055ns (61.547%)  route 1.909ns (38.453%))
  Logic Levels:           1  (OBUF=1)
  Clock Uncertainty:      0.025ns  ((TSJ^2 + TIJ^2)^1/2 + DJ) / 2 + PE
    Total System Jitter     (TSJ):    0.050ns
    Total Input Jitter      (TIJ):    0.000ns
    Discrete Jitter          (DJ):    0.000ns
    Phase Error              (PE):    0.000ns

    Location             Delay type                Incr(ns)  Path(ns)    Netlist Resource(s)
  -------------------------------------------------------------------    -------------------
                         (clock read_clk_domain rise edge)
                                                      0.000     0.000 r  
    P14                                               0.000     0.000 r  rclk (IN)
                         net (fo=0)                   0.000     0.000    rclk
    P14                  IBUF (Prop_ibuf_I_O)         0.937     0.937 r  rclk_IBUF_inst/O
                         net (fo=1, routed)           1.972     2.909    rclk_IBUF
    BUFGCTRL_X0Y1        BUFG (Prop_bufg_I_O)         0.096     3.005 r  rclk_IBUF_BUFG_inst/O
                         net (fo=30, routed)          1.636     4.641    mem_inst/CLK
    SLICE_X0Y10          FDRE                                         r  mem_inst/rdata_reg[7]/C
  -------------------------------------------------------------------    -------------------
    SLICE_X0Y10          FDRE (Prop_fdre_C_Q)         0.456     5.097 r  mem_inst/rdata_reg[7]/Q
                         net (fo=1, routed)           1.909     7.006    rdata_OBUF[7]
    V13                  OBUF (Prop_obuf_I_O)         2.599     9.605 r  rdata_OBUF[7]_inst/O
                         net (fo=0)                   0.000     9.605    rdata[7]
    V13                                                               r  rdata[7] (OUT)
  -------------------------------------------------------------------    -------------------

Slack:                    inf
  Source:                 rptr_empty_inst/rempty_reg/C
                            (rising edge-triggered cell FDPE clocked by read_clk_domain  {rise@0.000ns fall@12.500ns period=25.000ns})
  Destination:            rempty
                            (output port)
  Path Group:             (none)
  Path Type:              Max at Slow Process Corner
  Data Path Delay:        4.807ns  (logic 3.121ns (64.914%)  route 1.687ns (35.086%))
  Logic Levels:           1  (OBUF=1)
  Clock Uncertainty:      0.025ns  ((TSJ^2 + TIJ^2)^1/2 + DJ) / 2 + PE
    Total System Jitter     (TSJ):    0.050ns
    Total Input Jitter      (TIJ):    0.000ns
    Discrete Jitter          (DJ):    0.000ns
    Phase Error              (PE):    0.000ns

    Location             Delay type                Incr(ns)  Path(ns)    Netlist Resource(s)
  -------------------------------------------------------------------    -------------------
                         (clock read_clk_domain rise edge)
                                                      0.000     0.000 r  
    P14                                               0.000     0.000 r  rclk (IN)
                         net (fo=0)                   0.000     0.000    rclk
    P14                  IBUF (Prop_ibuf_I_O)         0.937     0.937 r  rclk_IBUF_inst/O
                         net (fo=1, routed)           1.972     2.909    rclk_IBUF
    BUFGCTRL_X0Y1        BUFG (Prop_bufg_I_O)         0.096     3.005 r  rclk_IBUF_BUFG_inst/O
                         net (fo=30, routed)          1.637     4.642    rptr_empty_inst/CLK
    SLICE_X2Y8           FDPE                                         r  rptr_empty_inst/rempty_reg/C
  -------------------------------------------------------------------    -------------------
    SLICE_X2Y8           FDPE (Prop_fdpe_C_Q)         0.518     5.160 r  rptr_empty_inst/rempty_reg/Q
                         net (fo=9, routed)           1.687     6.847    rempty_OBUF
    U12                  OBUF (Prop_obuf_I_O)         2.603     9.450 r  rempty_OBUF_inst/O
                         net (fo=0)                   0.000     9.450    rempty
    U12                                                               r  rempty (OUT)
  -------------------------------------------------------------------    -------------------

Slack:                    inf
  Source:                 mem_inst/rdata_reg[4]/C
                            (rising edge-triggered cell FDRE clocked by read_clk_domain  {rise@0.000ns fall@12.500ns period=25.000ns})
  Destination:            rdata[4]
                            (output port)
  Path Group:             (none)
  Path Type:              Max at Slow Process Corner
  Data Path Delay:        4.792ns  (logic 3.054ns (63.736%)  route 1.738ns (36.264%))
  Logic Levels:           1  (OBUF=1)
  Clock Uncertainty:      0.025ns  ((TSJ^2 + TIJ^2)^1/2 + DJ) / 2 + PE
    Total System Jitter     (TSJ):    0.050ns
    Total Input Jitter      (TIJ):    0.000ns
    Discrete Jitter          (DJ):    0.000ns
    Phase Error              (PE):    0.000ns

    Location             Delay type                Incr(ns)  Path(ns)    Netlist Resource(s)
  -------------------------------------------------------------------    -------------------
                         (clock read_clk_domain rise edge)
                                                      0.000     0.000 r  
    P14                                               0.000     0.000 r  rclk (IN)
                         net (fo=0)                   0.000     0.000    rclk
    P14                  IBUF (Prop_ibuf_I_O)         0.937     0.937 r  rclk_IBUF_inst/O
                         net (fo=1, routed)           1.972     2.909    rclk_IBUF
    BUFGCTRL_X0Y1        BUFG (Prop_bufg_I_O)         0.096     3.005 r  rclk_IBUF_BUFG_inst/O
                         net (fo=30, routed)          1.636     4.641    mem_inst/CLK
    SLICE_X0Y10          FDRE                                         r  mem_inst/rdata_reg[4]/C
  -------------------------------------------------------------------    -------------------
    SLICE_X0Y10          FDRE (Prop_fdre_C_Q)         0.456     5.097 r  mem_inst/rdata_reg[4]/Q
                         net (fo=1, routed)           1.738     6.835    rdata_OBUF[4]
    R11                  OBUF (Prop_obuf_I_O)         2.598     9.433 r  rdata_OBUF[4]_inst/O
                         net (fo=0)                   0.000     9.433    rdata[4]
    R11                                                               r  rdata[4] (OUT)
  -------------------------------------------------------------------    -------------------

Slack:                    inf
  Source:                 mem_inst/rdata_reg[6]/C
                            (rising edge-triggered cell FDRE clocked by read_clk_domain  {rise@0.000ns fall@12.500ns period=25.000ns})
  Destination:            rdata[6]
                            (output port)
  Path Group:             (none)
  Path Type:              Max at Slow Process Corner
  Data Path Delay:        4.758ns  (logic 3.041ns (63.911%)  route 1.717ns (36.089%))
  Logic Levels:           1  (OBUF=1)
  Clock Uncertainty:      0.025ns  ((TSJ^2 + TIJ^2)^1/2 + DJ) / 2 + PE
    Total System Jitter     (TSJ):    0.050ns
    Total Input Jitter      (TIJ):    0.000ns
    Discrete Jitter          (DJ):    0.000ns
    Phase Error              (PE):    0.000ns

    Location             Delay type                Incr(ns)  Path(ns)    Netlist Resource(s)
  -------------------------------------------------------------------    -------------------
                         (clock read_clk_domain rise edge)
                                                      0.000     0.000 r  
    P14                                               0.000     0.000 r  rclk (IN)
                         net (fo=0)                   0.000     0.000    rclk
    P14                  IBUF (Prop_ibuf_I_O)         0.937     0.937 r  rclk_IBUF_inst/O
                         net (fo=1, routed)           1.972     2.909    rclk_IBUF
    BUFGCTRL_X0Y1        BUFG (Prop_bufg_I_O)         0.096     3.005 r  rclk_IBUF_BUFG_inst/O
                         net (fo=30, routed)          1.636     4.641    mem_inst/CLK
    SLICE_X0Y10          FDRE                                         r  mem_inst/rdata_reg[6]/C
  -------------------------------------------------------------------    -------------------
    SLICE_X0Y10          FDRE (Prop_fdre_C_Q)         0.456     5.097 r  mem_inst/rdata_reg[6]/Q
                         net (fo=1, routed)           1.717     6.814    rdata_OBUF[6]
    T12                  OBUF (Prop_obuf_I_O)         2.585     9.399 r  rdata_OBUF[6]_inst/O
                         net (fo=0)                   0.000     9.399    rdata[6]
    T12                                                               r  rdata[6] (OUT)
  -------------------------------------------------------------------    -------------------

Slack:                    inf
  Source:                 mem_inst/rdata_reg[5]/C
                            (rising edge-triggered cell FDRE clocked by read_clk_domain  {rise@0.000ns fall@12.500ns period=25.000ns})
  Destination:            rdata[5]
                            (output port)
  Path Group:             (none)
  Path Type:              Max at Slow Process Corner
  Data Path Delay:        4.757ns  (logic 3.042ns (63.941%)  route 1.715ns (36.059%))
  Logic Levels:           1  (OBUF=1)
  Clock Uncertainty:      0.025ns  ((TSJ^2 + TIJ^2)^1/2 + DJ) / 2 + PE
    Total System Jitter     (TSJ):    0.050ns
    Total Input Jitter      (TIJ):    0.000ns
    Discrete Jitter          (DJ):    0.000ns
    Phase Error              (PE):    0.000ns

    Location             Delay type                Incr(ns)  Path(ns)    Netlist Resource(s)
  -------------------------------------------------------------------    -------------------
                         (clock read_clk_domain rise edge)
                                                      0.000     0.000 r  
    P14                                               0.000     0.000 r  rclk (IN)
                         net (fo=0)                   0.000     0.000    rclk
    P14                  IBUF (Prop_ibuf_I_O)         0.937     0.937 r  rclk_IBUF_inst/O
                         net (fo=1, routed)           1.972     2.909    rclk_IBUF
    BUFGCTRL_X0Y1        BUFG (Prop_bufg_I_O)         0.096     3.005 r  rclk_IBUF_BUFG_inst/O
                         net (fo=30, routed)          1.636     4.641    mem_inst/CLK
    SLICE_X0Y10          FDRE                                         r  mem_inst/rdata_reg[5]/C
  -------------------------------------------------------------------    -------------------
    SLICE_X0Y10          FDRE (Prop_fdre_C_Q)         0.456     5.097 r  mem_inst/rdata_reg[5]/Q
                         net (fo=1, routed)           1.715     6.813    rdata_OBUF[5]
    T13                  OBUF (Prop_obuf_I_O)         2.586     9.399 r  rdata_OBUF[5]_inst/O
                         net (fo=0)                   0.000     9.399    rdata[5]
    T13                                                               r  rdata[5] (OUT)
  -------------------------------------------------------------------    -------------------





Min Delay Paths
--------------------------------------------------------------------------------------
Slack:                    inf
  Source:                 mem_inst/rdata_reg[6]/C
                            (rising edge-triggered cell FDRE clocked by read_clk_domain  {rise@0.000ns fall@12.500ns period=25.000ns})
  Destination:            rdata[6]
                            (output port)
  Path Group:             (none)
  Path Type:              Min at Fast Process Corner
  Data Path Delay:        1.600ns  (logic 1.243ns (77.687%)  route 0.357ns (22.313%))
  Logic Levels:           1  (OBUF=1)
  Clock Uncertainty:      0.025ns  ((TSJ^2 + TIJ^2)^1/2 + DJ) / 2 + PE
    Total System Jitter     (TSJ):    0.050ns
    Total Input Jitter      (TIJ):    0.000ns
    Discrete Jitter          (DJ):    0.000ns
    Phase Error              (PE):    0.000ns

    Location             Delay type                Incr(ns)  Path(ns)    Netlist Resource(s)
  -------------------------------------------------------------------    -------------------
                         (clock read_clk_domain rise edge)
                                                      0.000     0.000 r  
    P14                                               0.000     0.000 r  rclk (IN)
                         net (fo=0)                   0.000     0.000    rclk
    P14                  IBUF (Prop_ibuf_I_O)         0.166     0.166 r  rclk_IBUF_inst/O
                         net (fo=1, routed)           0.634     0.801    rclk_IBUF
    BUFGCTRL_X0Y1        BUFG (Prop_bufg_I_O)         0.026     0.827 r  rclk_IBUF_BUFG_inst/O
                         net (fo=30, routed)          0.593     1.419    mem_inst/CLK
    SLICE_X0Y10          FDRE                                         r  mem_inst/rdata_reg[6]/C
  -------------------------------------------------------------------    -------------------
    SLICE_X0Y10          FDRE (Prop_fdre_C_Q)         0.141     1.560 r  mem_inst/rdata_reg[6]/Q
                         net (fo=1, routed)           0.357     1.917    rdata_OBUF[6]
    T12                  OBUF (Prop_obuf_I_O)         1.102     3.019 r  rdata_OBUF[6]_inst/O
                         net (fo=0)                   0.000     3.019    rdata[6]
    T12                                                               r  rdata[6] (OUT)
  -------------------------------------------------------------------    -------------------

Slack:                    inf
  Source:                 mem_inst/rdata_reg[5]/C
                            (rising edge-triggered cell FDRE clocked by read_clk_domain  {rise@0.000ns fall@12.500ns period=25.000ns})
  Destination:            rdata[5]
                            (output port)
  Path Group:             (none)
  Path Type:              Min at Fast Process Corner
  Data Path Delay:        1.604ns  (logic 1.244ns (77.584%)  route 0.359ns (22.416%))
  Logic Levels:           1  (OBUF=1)
  Clock Uncertainty:      0.025ns  ((TSJ^2 + TIJ^2)^1/2 + DJ) / 2 + PE
    Total System Jitter     (TSJ):    0.050ns
    Total Input Jitter      (TIJ):    0.000ns
    Discrete Jitter          (DJ):    0.000ns
    Phase Error              (PE):    0.000ns

    Location             Delay type                Incr(ns)  Path(ns)    Netlist Resource(s)
  -------------------------------------------------------------------    -------------------
                         (clock read_clk_domain rise edge)
                                                      0.000     0.000 r  
    P14                                               0.000     0.000 r  rclk (IN)
                         net (fo=0)                   0.000     0.000    rclk
    P14                  IBUF (Prop_ibuf_I_O)         0.166     0.166 r  rclk_IBUF_inst/O
                         net (fo=1, routed)           0.634     0.801    rclk_IBUF
    BUFGCTRL_X0Y1        BUFG (Prop_bufg_I_O)         0.026     0.827 r  rclk_IBUF_BUFG_inst/O
                         net (fo=30, routed)          0.593     1.419    mem_inst/CLK
    SLICE_X0Y10          FDRE                                         r  mem_inst/rdata_reg[5]/C
  -------------------------------------------------------------------    -------------------
    SLICE_X0Y10          FDRE (Prop_fdre_C_Q)         0.141     1.560 r  mem_inst/rdata_reg[5]/Q
                         net (fo=1, routed)           0.359     1.920    rdata_OBUF[5]
    T13                  OBUF (Prop_obuf_I_O)         1.103     3.023 r  rdata_OBUF[5]_inst/O
                         net (fo=0)                   0.000     3.023    rdata[5]
    T13                                                               r  rdata[5] (OUT)
  -------------------------------------------------------------------    -------------------

Slack:                    inf
  Source:                 mem_inst/rdata_reg[4]/C
                            (rising edge-triggered cell FDRE clocked by read_clk_domain  {rise@0.000ns fall@12.500ns period=25.000ns})
  Destination:            rdata[4]
                            (output port)
  Path Group:             (none)
  Path Type:              Min at Fast Process Corner
  Data Path Delay:        1.628ns  (logic 1.257ns (77.166%)  route 0.372ns (22.834%))
  Logic Levels:           1  (OBUF=1)
  Clock Uncertainty:      0.025ns  ((TSJ^2 + TIJ^2)^1/2 + DJ) / 2 + PE
    Total System Jitter     (TSJ):    0.050ns
    Total Input Jitter      (TIJ):    0.000ns
    Discrete Jitter          (DJ):    0.000ns
    Phase Error              (PE):    0.000ns

    Location             Delay type                Incr(ns)  Path(ns)    Netlist Resource(s)
  -------------------------------------------------------------------    -------------------
                         (clock read_clk_domain rise edge)
                                                      0.000     0.000 r  
    P14                                               0.000     0.000 r  rclk (IN)
                         net (fo=0)                   0.000     0.000    rclk
    P14                  IBUF (Prop_ibuf_I_O)         0.166     0.166 r  rclk_IBUF_inst/O
                         net (fo=1, routed)           0.634     0.801    rclk_IBUF
    BUFGCTRL_X0Y1        BUFG (Prop_bufg_I_O)         0.026     0.827 r  rclk_IBUF_BUFG_inst/O
                         net (fo=30, routed)          0.593     1.419    mem_inst/CLK
    SLICE_X0Y10          FDRE                                         r  mem_inst/rdata_reg[4]/C
  -------------------------------------------------------------------    -------------------
    SLICE_X0Y10          FDRE (Prop_fdre_C_Q)         0.141     1.560 r  mem_inst/rdata_reg[4]/Q
                         net (fo=1, routed)           0.372     1.932    rdata_OBUF[4]
    R11                  OBUF (Prop_obuf_I_O)         1.116     3.048 r  rdata_OBUF[4]_inst/O
                         net (fo=0)                   0.000     3.048    rdata[4]
    R11                                                               r  rdata[4] (OUT)
  -------------------------------------------------------------------    -------------------

Slack:                    inf
  Source:                 rptr_empty_inst/rempty_reg/C
                            (rising edge-triggered cell FDPE clocked by read_clk_domain  {rise@0.000ns fall@12.500ns period=25.000ns})
  Destination:            rempty
                            (output port)
  Path Group:             (none)
  Path Type:              Min at Fast Process Corner
  Data Path Delay:        1.634ns  (logic 1.284ns (78.541%)  route 0.351ns (21.459%))
  Logic Levels:           1  (OBUF=1)
  Clock Uncertainty:      0.025ns  ((TSJ^2 + TIJ^2)^1/2 + DJ) / 2 + PE
    Total System Jitter     (TSJ):    0.050ns
    Total Input Jitter      (TIJ):    0.000ns
    Discrete Jitter          (DJ):    0.000ns
    Phase Error              (PE):    0.000ns

    Location             Delay type                Incr(ns)  Path(ns)    Netlist Resource(s)
  -------------------------------------------------------------------    -------------------
                         (clock read_clk_domain rise edge)
                                                      0.000     0.000 r  
    P14                                               0.000     0.000 r  rclk (IN)
                         net (fo=0)                   0.000     0.000    rclk
    P14                  IBUF (Prop_ibuf_I_O)         0.166     0.166 r  rclk_IBUF_inst/O
                         net (fo=1, routed)           0.634     0.801    rclk_IBUF
    BUFGCTRL_X0Y1        BUFG (Prop_bufg_I_O)         0.026     0.827 r  rclk_IBUF_BUFG_inst/O
                         net (fo=30, routed)          0.594     1.420    rptr_empty_inst/CLK
    SLICE_X2Y8           FDPE                                         r  rptr_empty_inst/rempty_reg/C
  -------------------------------------------------------------------    -------------------
    SLICE_X2Y8           FDPE (Prop_fdpe_C_Q)         0.164     1.584 r  rptr_empty_inst/rempty_reg/Q
                         net (fo=9, routed)           0.351     1.935    rempty_OBUF
    U12                  OBUF (Prop_obuf_I_O)         1.120     3.055 r  rempty_OBUF_inst/O
                         net (fo=0)                   0.000     3.055    rempty
    U12                                                               r  rempty (OUT)
  -------------------------------------------------------------------    -------------------

Slack:                    inf
  Source:                 mem_inst/rdata_reg[7]/C
                            (rising edge-triggered cell FDRE clocked by read_clk_domain  {rise@0.000ns fall@12.500ns period=25.000ns})
  Destination:            rdata[7]
                            (output port)
  Path Group:             (none)
  Path Type:              Min at Fast Process Corner
  Data Path Delay:        1.679ns  (logic 1.257ns (74.881%)  route 0.422ns (25.119%))
  Logic Levels:           1  (OBUF=1)
  Clock Uncertainty:      0.025ns  ((TSJ^2 + TIJ^2)^1/2 + DJ) / 2 + PE
    Total System Jitter     (TSJ):    0.050ns
    Total Input Jitter      (TIJ):    0.000ns
    Discrete Jitter          (DJ):    0.000ns
    Phase Error              (PE):    0.000ns

    Location             Delay type                Incr(ns)  Path(ns)    Netlist Resource(s)
  -------------------------------------------------------------------    -------------------
                         (clock read_clk_domain rise edge)
                                                      0.000     0.000 r  
    P14                                               0.000     0.000 r  rclk (IN)
                         net (fo=0)                   0.000     0.000    rclk
    P14                  IBUF (Prop_ibuf_I_O)         0.166     0.166 r  rclk_IBUF_inst/O
                         net (fo=1, routed)           0.634     0.801    rclk_IBUF
    BUFGCTRL_X0Y1        BUFG (Prop_bufg_I_O)         0.026     0.827 r  rclk_IBUF_BUFG_inst/O
                         net (fo=30, routed)          0.593     1.419    mem_inst/CLK
    SLICE_X0Y10          FDRE                                         r  mem_inst/rdata_reg[7]/C
  -------------------------------------------------------------------    -------------------
    SLICE_X0Y10          FDRE (Prop_fdre_C_Q)         0.141     1.560 r  mem_inst/rdata_reg[7]/Q
                         net (fo=1, routed)           0.422     1.982    rdata_OBUF[7]
    V13                  OBUF (Prop_obuf_I_O)         1.116     3.098 r  rdata_OBUF[7]_inst/O
                         net (fo=0)                   0.000     3.098    rdata[7]
    V13                                                               r  rdata[7] (OUT)
  -------------------------------------------------------------------    -------------------

Slack:                    inf
  Source:                 mem_inst/rdata_reg[1]/C
                            (rising edge-triggered cell FDRE clocked by read_clk_domain  {rise@0.000ns fall@12.500ns period=25.000ns})
  Destination:            rdata[1]
                            (output port)
  Path Group:             (none)
  Path Type:              Min at Fast Process Corner
  Data Path Delay:        1.696ns  (logic 1.252ns (73.847%)  route 0.444ns (26.153%))
  Logic Levels:           1  (OBUF=1)
  Clock Uncertainty:      0.025ns  ((TSJ^2 + TIJ^2)^1/2 + DJ) / 2 + PE
    Total System Jitter     (TSJ):    0.050ns
    Total Input Jitter      (TIJ):    0.000ns
    Discrete Jitter          (DJ):    0.000ns
    Phase Error              (PE):    0.000ns

    Location             Delay type                Incr(ns)  Path(ns)    Netlist Resource(s)
  -------------------------------------------------------------------    -------------------
                         (clock read_clk_domain rise edge)
                                                      0.000     0.000 r  
    P14                                               0.000     0.000 r  rclk (IN)
                         net (fo=0)                   0.000     0.000    rclk
    P14                  IBUF (Prop_ibuf_I_O)         0.166     0.166 r  rclk_IBUF_inst/O
                         net (fo=1, routed)           0.634     0.801    rclk_IBUF
    BUFGCTRL_X0Y1        BUFG (Prop_bufg_I_O)         0.026     0.827 r  rclk_IBUF_BUFG_inst/O
                         net (fo=30, routed)          0.593     1.419    mem_inst/CLK
    SLICE_X1Y10          FDRE                                         r  mem_inst/rdata_reg[1]/C
  -------------------------------------------------------------------    -------------------
    SLICE_X1Y10          FDRE (Prop_fdre_C_Q)         0.141     1.560 r  mem_inst/rdata_reg[1]/Q
                         net (fo=1, routed)           0.444     2.004    rdata_OBUF[1]
    V12                  OBUF (Prop_obuf_I_O)         1.111     3.115 r  rdata_OBUF[1]_inst/O
                         net (fo=0)                   0.000     3.115    rdata[1]
    V12                                                               r  rdata[1] (OUT)
  -------------------------------------------------------------------    -------------------

Slack:                    inf
  Source:                 mem_inst/rdata_reg[2]/C
                            (rising edge-triggered cell FDRE clocked by read_clk_domain  {rise@0.000ns fall@12.500ns period=25.000ns})
  Destination:            rdata[2]
                            (output port)
  Path Group:             (none)
  Path Type:              Min at Fast Process Corner
  Data Path Delay:        1.730ns  (logic 1.252ns (72.377%)  route 0.478ns (27.623%))
  Logic Levels:           1  (OBUF=1)
  Clock Uncertainty:      0.025ns  ((TSJ^2 + TIJ^2)^1/2 + DJ) / 2 + PE
    Total System Jitter     (TSJ):    0.050ns
    Total Input Jitter      (TIJ):    0.000ns
    Discrete Jitter          (DJ):    0.000ns
    Phase Error              (PE):    0.000ns

    Location             Delay type                Incr(ns)  Path(ns)    Netlist Resource(s)
  -------------------------------------------------------------------    -------------------
                         (clock read_clk_domain rise edge)
                                                      0.000     0.000 r  
    P14                                               0.000     0.000 r  rclk (IN)
                         net (fo=0)                   0.000     0.000    rclk
    P14                  IBUF (Prop_ibuf_I_O)         0.166     0.166 r  rclk_IBUF_inst/O
                         net (fo=1, routed)           0.634     0.801    rclk_IBUF
    BUFGCTRL_X0Y1        BUFG (Prop_bufg_I_O)         0.026     0.827 r  rclk_IBUF_BUFG_inst/O
                         net (fo=30, routed)          0.593     1.419    mem_inst/CLK
    SLICE_X1Y10          FDRE                                         r  mem_inst/rdata_reg[2]/C
  -------------------------------------------------------------------    -------------------
    SLICE_X1Y10          FDRE (Prop_fdre_C_Q)         0.141     1.560 r  mem_inst/rdata_reg[2]/Q
                         net (fo=1, routed)           0.478     2.038    rdata_OBUF[2]
    U11                  OBUF (Prop_obuf_I_O)         1.111     3.149 r  rdata_OBUF[2]_inst/O
                         net (fo=0)                   0.000     3.149    rdata[2]
    U11                                                               r  rdata[2] (OUT)
  -------------------------------------------------------------------    -------------------

Slack:                    inf
  Source:                 mem_inst/rdata_reg[0]/C
                            (rising edge-triggered cell FDRE clocked by read_clk_domain  {rise@0.000ns fall@12.500ns period=25.000ns})
  Destination:            rdata[0]
                            (output port)
  Path Group:             (none)
  Path Type:              Min at Fast Process Corner
  Data Path Delay:        1.730ns  (logic 1.227ns (70.926%)  route 0.503ns (29.074%))
  Logic Levels:           1  (OBUF=1)
  Clock Uncertainty:      0.025ns  ((TSJ^2 + TIJ^2)^1/2 + DJ) / 2 + PE
    Total System Jitter     (TSJ):    0.050ns
    Total Input Jitter      (TIJ):    0.000ns
    Discrete Jitter          (DJ):    0.000ns
    Phase Error              (PE):    0.000ns

    Location             Delay type                Incr(ns)  Path(ns)    Netlist Resource(s)
  -------------------------------------------------------------------    -------------------
                         (clock read_clk_domain rise edge)
                                                      0.000     0.000 r  
    P14                                               0.000     0.000 r  rclk (IN)
                         net (fo=0)                   0.000     0.000    rclk
    P14                  IBUF (Prop_ibuf_I_O)         0.166     0.166 r  rclk_IBUF_inst/O
                         net (fo=1, routed)           0.634     0.801    rclk_IBUF
    BUFGCTRL_X0Y1        BUFG (Prop_bufg_I_O)         0.026     0.827 r  rclk_IBUF_BUFG_inst/O
                         net (fo=30, routed)          0.593     1.419    mem_inst/CLK
    SLICE_X1Y10          FDRE                                         r  mem_inst/rdata_reg[0]/C
  -------------------------------------------------------------------    -------------------
    SLICE_X1Y10          FDRE (Prop_fdre_C_Q)         0.141     1.560 r  mem_inst/rdata_reg[0]/Q
                         net (fo=1, routed)           0.503     2.063    rdata_OBUF[0]
    R12                  OBUF (Prop_obuf_I_O)         1.086     3.150 r  rdata_OBUF[0]_inst/O
                         net (fo=0)                   0.000     3.150    rdata[0]
    R12                                                               r  rdata[0] (OUT)
  -------------------------------------------------------------------    -------------------

Slack:                    inf
  Source:                 mem_inst/rdata_reg[3]/C
                            (rising edge-triggered cell FDRE clocked by read_clk_domain  {rise@0.000ns fall@12.500ns period=25.000ns})
  Destination:            rdata[3]
                            (output port)
  Path Group:             (none)
  Path Type:              Min at Fast Process Corner
  Data Path Delay:        1.738ns  (logic 1.259ns (72.428%)  route 0.479ns (27.572%))
  Logic Levels:           1  (OBUF=1)
  Clock Uncertainty:      0.025ns  ((TSJ^2 + TIJ^2)^1/2 + DJ) / 2 + PE
    Total System Jitter     (TSJ):    0.050ns
    Total Input Jitter      (TIJ):    0.000ns
    Discrete Jitter          (DJ):    0.000ns
    Phase Error              (PE):    0.000ns

    Location             Delay type                Incr(ns)  Path(ns)    Netlist Resource(s)
  -------------------------------------------------------------------    -------------------
                         (clock read_clk_domain rise edge)
                                                      0.000     0.000 r  
    P14                                               0.000     0.000 r  rclk (IN)
                         net (fo=0)                   0.000     0.000    rclk
    P14                  IBUF (Prop_ibuf_I_O)         0.166     0.166 r  rclk_IBUF_inst/O
                         net (fo=1, routed)           0.634     0.801    rclk_IBUF
    BUFGCTRL_X0Y1        BUFG (Prop_bufg_I_O)         0.026     0.827 r  rclk_IBUF_BUFG_inst/O
                         net (fo=30, routed)          0.593     1.419    mem_inst/CLK
    SLICE_X1Y10          FDRE                                         r  mem_inst/rdata_reg[3]/C
  -------------------------------------------------------------------    -------------------
    SLICE_X1Y10          FDRE (Prop_fdre_C_Q)         0.141     1.560 r  mem_inst/rdata_reg[3]/Q
                         net (fo=1, routed)           0.479     2.039    rdata_OBUF[3]
    T11                  OBUF (Prop_obuf_I_O)         1.118     3.158 r  rdata_OBUF[3]_inst/O
                         net (fo=0)                   0.000     3.158    rdata[3]
    T11                                                               r  rdata[3] (OUT)
  -------------------------------------------------------------------    -------------------





--------------------------------------------------------------------------------------
Path Group:  (none)
From Clock:  write_clk_domain
  To Clock:  

Max Delay             1 Endpoint
Min Delay             1 Endpoint
--------------------------------------------------------------------------------------


Max Delay Paths
--------------------------------------------------------------------------------------
Slack:                    inf
  Source:                 wptr_full_inst/wfull_reg/C
                            (rising edge-triggered cell FDCE clocked by write_clk_domain  {rise@0.000ns fall@5.000ns period=10.000ns})
  Destination:            wfull
                            (output port)
  Path Group:             (none)
  Path Type:              Max at Slow Process Corner
  Data Path Delay:        4.796ns  (logic 3.055ns (63.703%)  route 1.741ns (36.297%))
  Logic Levels:           1  (OBUF=1)
  Clock Uncertainty:      0.025ns  ((TSJ^2 + TIJ^2)^1/2 + DJ) / 2 + PE
    Total System Jitter     (TSJ):    0.050ns
    Total Input Jitter      (TIJ):    0.000ns
    Discrete Jitter          (DJ):    0.000ns
    Phase Error              (PE):    0.000ns

    Location             Delay type                Incr(ns)  Path(ns)    Netlist Resource(s)
  -------------------------------------------------------------------    -------------------
                         (clock write_clk_domain rise edge)
                                                      0.000     0.000 r  
    R16                                               0.000     0.000 r  wclk (IN)
                         net (fo=0)                   0.000     0.000    wclk
    R16                  IBUF (Prop_ibuf_I_O)         0.940     0.940 r  wclk_IBUF_inst/O
                         net (fo=1, routed)           1.972     2.911    wclk_IBUF
    BUFGCTRL_X0Y0        BUFG (Prop_bufg_I_O)         0.096     3.007 r  wclk_IBUF_BUFG_inst/O
                         net (fo=34, routed)          1.636     4.644    wptr_full_inst/CLK
    SLICE_X3Y9           FDCE                                         r  wptr_full_inst/wfull_reg/C
  -------------------------------------------------------------------    -------------------
    SLICE_X3Y9           FDCE (Prop_fdce_C_Q)         0.456     5.100 r  wptr_full_inst/wfull_reg/Q
                         net (fo=10, routed)          1.741     6.841    wfull_OBUF
    V15                  OBUF (Prop_obuf_I_O)         2.599     9.440 r  wfull_OBUF_inst/O
                         net (fo=0)                   0.000     9.440    wfull
    V15                                                               r  wfull (OUT)
  -------------------------------------------------------------------    -------------------





Min Delay Paths
--------------------------------------------------------------------------------------
Slack:                    inf
  Source:                 wptr_full_inst/wfull_reg/C
                            (rising edge-triggered cell FDCE clocked by write_clk_domain  {rise@0.000ns fall@5.000ns period=10.000ns})
  Destination:            wfull
                            (output port)
  Path Group:             (none)
  Path Type:              Min at Fast Process Corner
  Data Path Delay:        1.644ns  (logic 1.257ns (76.473%)  route 0.387ns (23.527%))
  Logic Levels:           1  (OBUF=1)
  Clock Uncertainty:      0.025ns  ((TSJ^2 + TIJ^2)^1/2 + DJ) / 2 + PE
    Total System Jitter     (TSJ):    0.050ns
    Total Input Jitter      (TIJ):    0.000ns
    Discrete Jitter          (DJ):    0.000ns
    Phase Error              (PE):    0.000ns

    Location             Delay type                Incr(ns)  Path(ns)    Netlist Resource(s)
  -------------------------------------------------------------------    -------------------
                         (clock write_clk_domain rise edge)
                                                      0.000     0.000 r  
    R16                                               0.000     0.000 r  wclk (IN)
                         net (fo=0)                   0.000     0.000    wclk
    R16                  IBUF (Prop_ibuf_I_O)         0.169     0.169 r  wclk_IBUF_inst/O
                         net (fo=1, routed)           0.634     0.803    wclk_IBUF
    BUFGCTRL_X0Y0        BUFG (Prop_bufg_I_O)         0.026     0.829 r  wclk_IBUF_BUFG_inst/O
                         net (fo=34, routed)          0.594     1.423    wptr_full_inst/CLK
    SLICE_X3Y9           FDCE                                         r  wptr_full_inst/wfull_reg/C
  -------------------------------------------------------------------    -------------------
    SLICE_X3Y9           FDCE (Prop_fdce_C_Q)         0.141     1.564 r  wptr_full_inst/wfull_reg/Q
                         net (fo=10, routed)          0.387     1.950    wfull_OBUF
    V15                  OBUF (Prop_obuf_I_O)         1.116     3.067 r  wfull_OBUF_inst/O
                         net (fo=0)                   0.000     3.067    wfull
    V15                                                               r  wfull (OUT)
  -------------------------------------------------------------------    -------------------





--------------------------------------------------------------------------------------
Path Group:  (none)
From Clock:  
  To Clock:  read_clk_domain

Max Delay            30 Endpoints
Min Delay            30 Endpoints
--------------------------------------------------------------------------------------


Max Delay Paths
--------------------------------------------------------------------------------------
Slack:                    inf
  Source:                 rinc
                            (input port)
  Destination:            rptr_empty_inst/rempty_reg/D
                            (rising edge-triggered cell FDPE clocked by read_clk_domain  {rise@0.000ns fall@12.500ns period=25.000ns})
  Path Group:             (none)
  Path Type:              Setup (Max at Slow Process Corner)
  Data Path Delay:        4.320ns  (logic 1.563ns (36.183%)  route 2.757ns (63.817%))
  Logic Levels:           4  (IBUF=1 LUT5=1 LUT6=2)
  Clock Path Skew:        4.281ns (DCD - SCD + CPR)
    Destination Clock Delay (DCD):    4.281ns
    Source Clock Delay      (SCD):    0.000ns
    Clock Pessimism Removal (CPR):    0.000ns
  Clock Uncertainty:      0.025ns  ((TSJ^2 + TIJ^2)^1/2 + DJ) / 2 + PE
    Total System Jitter     (TSJ):    0.050ns
    Total Input Jitter      (TIJ):    0.000ns
    Discrete Jitter          (DJ):    0.000ns
    Phase Error              (PE):    0.000ns

    Location             Delay type                Incr(ns)  Path(ns)    Netlist Resource(s)
  -------------------------------------------------------------------    -------------------
    U16                                               0.000     0.000 r  rinc (IN)
                         net (fo=0)                   0.000     0.000    rinc
    U16                  IBUF (Prop_ibuf_I_O)         0.939     0.939 r  rinc_IBUF_inst/O
                         net (fo=16, routed)          1.923     2.862    rptr_empty_inst/rinc_IBUF
    SLICE_X2Y9           LUT5 (Prop_lut5_I3_O)        0.152     3.014 r  rptr_empty_inst/rptr[1]_i_1/O
                         net (fo=2, routed)           0.672     3.686    rptr_empty_inst/rgray_next[1]
    SLICE_X2Y8           LUT6 (Prop_lut6_I5_O)        0.348     4.034 r  rptr_empty_inst/rempty_i_2/O
                         net (fo=1, routed)           0.162     4.196    rptr_empty_inst/rempty_i_2_n_0
    SLICE_X2Y8           LUT6 (Prop_lut6_I1_O)        0.124     4.320 r  rptr_empty_inst/rempty_i_1/O
                         net (fo=1, routed)           0.000     4.320    rptr_empty_inst/rempty_val
    SLICE_X2Y8           FDPE                                         r  rptr_empty_inst/rempty_reg/D
  -------------------------------------------------------------------    -------------------

                         (clock read_clk_domain rise edge)
                                                      0.000     0.000 r  
    P14                                               0.000     0.000 r  rclk (IN)
                         net (fo=0)                   0.000     0.000    rclk
    P14                  IBUF (Prop_ibuf_I_O)         0.804     0.804 r  rclk_IBUF_inst/O
                         net (fo=1, routed)           1.868     2.672    rclk_IBUF
    BUFGCTRL_X0Y1        BUFG (Prop_bufg_I_O)         0.091     2.763 r  rclk_IBUF_BUFG_inst/O
                         net (fo=30, routed)          1.518     4.281    rptr_empty_inst/CLK
    SLICE_X2Y8           FDPE                                         r  rptr_empty_inst/rempty_reg/C

Slack:                    inf
  Source:                 rinc
                            (input port)
  Destination:            rptr_empty_inst/rptr_reg[3]/D
                            (rising edge-triggered cell FDCE clocked by read_clk_domain  {rise@0.000ns fall@12.500ns period=25.000ns})
  Path Group:             (none)
  Path Type:              Setup (Max at Slow Process Corner)
  Data Path Delay:        3.943ns  (logic 1.209ns (30.664%)  route 2.734ns (69.336%))
  Logic Levels:           3  (IBUF=1 LUT3=1 LUT5=1)
  Clock Path Skew:        4.281ns (DCD - SCD + CPR)
    Destination Clock Delay (DCD):    4.281ns
    Source Clock Delay      (SCD):    0.000ns
    Clock Pessimism Removal (CPR):    0.000ns
  Clock Uncertainty:      0.025ns  ((TSJ^2 + TIJ^2)^1/2 + DJ) / 2 + PE
    Total System Jitter     (TSJ):    0.050ns
    Total Input Jitter      (TIJ):    0.000ns
    Discrete Jitter          (DJ):    0.000ns
    Phase Error              (PE):    0.000ns

    Location             Delay type                Incr(ns)  Path(ns)    Netlist Resource(s)
  -------------------------------------------------------------------    -------------------
    U16                                               0.000     0.000 r  rinc (IN)
                         net (fo=0)                   0.000     0.000    rinc
    U16                  IBUF (Prop_ibuf_I_O)         0.939     0.939 r  rinc_IBUF_inst/O
                         net (fo=16, routed)          1.923     2.862    rptr_empty_inst/rinc_IBUF
    SLICE_X2Y9           LUT5 (Prop_lut5_I2_O)        0.124     2.986 r  rptr_empty_inst/rptr[3]_i_3/O
                         net (fo=3, routed)           0.811     3.797    rptr_empty_inst/rptr[3]_i_3_n_0
    SLICE_X2Y8           LUT3 (Prop_lut3_I2_O)        0.146     3.943 r  rptr_empty_inst/rptr[3]_i_1/O
                         net (fo=1, routed)           0.000     3.943    rptr_empty_inst/rgray_next[3]
    SLICE_X2Y8           FDCE                                         r  rptr_empty_inst/rptr_reg[3]/D
  -------------------------------------------------------------------    -------------------

                         (clock read_clk_domain rise edge)
                                                      0.000     0.000 r  
    P14                                               0.000     0.000 r  rclk (IN)
                         net (fo=0)                   0.000     0.000    rclk
    P14                  IBUF (Prop_ibuf_I_O)         0.804     0.804 r  rclk_IBUF_inst/O
                         net (fo=1, routed)           1.868     2.672    rclk_IBUF
    BUFGCTRL_X0Y1        BUFG (Prop_bufg_I_O)         0.091     2.763 r  rclk_IBUF_BUFG_inst/O
                         net (fo=30, routed)          1.518     4.281    rptr_empty_inst/CLK
    SLICE_X2Y8           FDCE                                         r  rptr_empty_inst/rptr_reg[3]/C

Slack:                    inf
  Source:                 rinc
                            (input port)
  Destination:            rptr_empty_inst/rbin_reg[4]/D
                            (rising edge-triggered cell FDCE clocked by read_clk_domain  {rise@0.000ns fall@12.500ns period=25.000ns})
  Path Group:             (none)
  Path Type:              Setup (Max at Slow Process Corner)
  Data Path Delay:        3.921ns  (logic 1.187ns (30.275%)  route 2.734ns (69.725%))
  Logic Levels:           3  (IBUF=1 LUT3=1 LUT5=1)
  Clock Path Skew:        4.281ns (DCD - SCD + CPR)
    Destination Clock Delay (DCD):    4.281ns
    Source Clock Delay      (SCD):    0.000ns
    Clock Pessimism Removal (CPR):    0.000ns
  Clock Uncertainty:      0.025ns  ((TSJ^2 + TIJ^2)^1/2 + DJ) / 2 + PE
    Total System Jitter     (TSJ):    0.050ns
    Total Input Jitter      (TIJ):    0.000ns
    Discrete Jitter          (DJ):    0.000ns
    Phase Error              (PE):    0.000ns

    Location             Delay type                Incr(ns)  Path(ns)    Netlist Resource(s)
  -------------------------------------------------------------------    -------------------
    U16                                               0.000     0.000 r  rinc (IN)
                         net (fo=0)                   0.000     0.000    rinc
    U16                  IBUF (Prop_ibuf_I_O)         0.939     0.939 r  rinc_IBUF_inst/O
                         net (fo=16, routed)          1.923     2.862    rptr_empty_inst/rinc_IBUF
    SLICE_X2Y9           LUT5 (Prop_lut5_I2_O)        0.124     2.986 r  rptr_empty_inst/rptr[3]_i_3/O
                         net (fo=3, routed)           0.811     3.797    rptr_empty_inst/rptr[3]_i_3_n_0
    SLICE_X2Y8           LUT3 (Prop_lut3_I0_O)        0.124     3.921 r  rptr_empty_inst/rbin[4]_i_1/O
                         net (fo=1, routed)           0.000     3.921    rptr_empty_inst/rbin_next[4]
    SLICE_X2Y8           FDCE                                         r  rptr_empty_inst/rbin_reg[4]/D
  -------------------------------------------------------------------    -------------------

                         (clock read_clk_domain rise edge)
                                                      0.000     0.000 r  
    P14                                               0.000     0.000 r  rclk (IN)
                         net (fo=0)                   0.000     0.000    rclk
    P14                  IBUF (Prop_ibuf_I_O)         0.804     0.804 r  rclk_IBUF_inst/O
                         net (fo=1, routed)           1.868     2.672    rclk_IBUF
    BUFGCTRL_X0Y1        BUFG (Prop_bufg_I_O)         0.091     2.763 r  rclk_IBUF_BUFG_inst/O
                         net (fo=30, routed)          1.518     4.281    rptr_empty_inst/CLK
    SLICE_X2Y8           FDCE                                         r  rptr_empty_inst/rbin_reg[4]/C

Slack:                    inf
  Source:                 rinc
                            (input port)
  Destination:            rptr_empty_inst/rptr_reg[1]/D
                            (rising edge-triggered cell FDCE clocked by read_clk_domain  {rise@0.000ns fall@12.500ns period=25.000ns})
  Path Group:             (none)
  Path Type:              Setup (Max at Slow Process Corner)
  Data Path Delay:        3.500ns  (logic 1.091ns (31.175%)  route 2.409ns (68.825%))
  Logic Levels:           2  (IBUF=1 LUT5=1)
  Clock Path Skew:        4.281ns (DCD - SCD + CPR)
    Destination Clock Delay (DCD):    4.281ns
    Source Clock Delay      (SCD):    0.000ns
    Clock Pessimism Removal (CPR):    0.000ns
  Clock Uncertainty:      0.025ns  ((TSJ^2 + TIJ^2)^1/2 + DJ) / 2 + PE
    Total System Jitter     (TSJ):    0.050ns
    Total Input Jitter      (TIJ):    0.000ns
    Discrete Jitter          (DJ):    0.000ns
    Phase Error              (PE):    0.000ns

    Location             Delay type                Incr(ns)  Path(ns)    Netlist Resource(s)
  -------------------------------------------------------------------    -------------------
    U16                                               0.000     0.000 r  rinc (IN)
                         net (fo=0)                   0.000     0.000    rinc
    U16                  IBUF (Prop_ibuf_I_O)         0.939     0.939 r  rinc_IBUF_inst/O
                         net (fo=16, routed)          1.923     2.862    rptr_empty_inst/rinc_IBUF
    SLICE_X2Y9           LUT5 (Prop_lut5_I3_O)        0.152     3.014 r  rptr_empty_inst/rptr[1]_i_1/O
                         net (fo=2, routed)           0.486     3.500    rptr_empty_inst/rgray_next[1]
    SLICE_X2Y8           FDCE                                         r  rptr_empty_inst/rptr_reg[1]/D
  -------------------------------------------------------------------    -------------------

                         (clock read_clk_domain rise edge)
                                                      0.000     0.000 r  
    P14                                               0.000     0.000 r  rclk (IN)
                         net (fo=0)                   0.000     0.000    rclk
    P14                  IBUF (Prop_ibuf_I_O)         0.804     0.804 r  rclk_IBUF_inst/O
                         net (fo=1, routed)           1.868     2.672    rclk_IBUF
    BUFGCTRL_X0Y1        BUFG (Prop_bufg_I_O)         0.091     2.763 r  rclk_IBUF_BUFG_inst/O
                         net (fo=30, routed)          1.518     4.281    rptr_empty_inst/CLK
    SLICE_X2Y8           FDCE                                         r  rptr_empty_inst/rptr_reg[1]/C

Slack:                    inf
  Source:                 rinc
                            (input port)
  Destination:            rptr_empty_inst/rptr_reg[2]/D
                            (rising edge-triggered cell FDCE clocked by read_clk_domain  {rise@0.000ns fall@12.500ns period=25.000ns})
  Path Group:             (none)
  Path Type:              Setup (Max at Slow Process Corner)
  Data Path Delay:        3.477ns  (logic 1.063ns (30.579%)  route 2.414ns (69.421%))
  Logic Levels:           2  (IBUF=1 LUT6=1)
  Clock Path Skew:        4.280ns (DCD - SCD + CPR)
    Destination Clock Delay (DCD):    4.280ns
    Source Clock Delay      (SCD):    0.000ns
    Clock Pessimism Removal (CPR):    0.000ns
  Clock Uncertainty:      0.025ns  ((TSJ^2 + TIJ^2)^1/2 + DJ) / 2 + PE
    Total System Jitter     (TSJ):    0.050ns
    Total Input Jitter      (TIJ):    0.000ns
    Discrete Jitter          (DJ):    0.000ns
    Phase Error              (PE):    0.000ns

    Location             Delay type                Incr(ns)  Path(ns)    Netlist Resource(s)
  -------------------------------------------------------------------    -------------------
    U16                                               0.000     0.000 r  rinc (IN)
                         net (fo=0)                   0.000     0.000    rinc
    U16                  IBUF (Prop_ibuf_I_O)         0.939     0.939 r  rinc_IBUF_inst/O
                         net (fo=16, routed)          1.768     2.707    rptr_empty_inst/rinc_IBUF
    SLICE_X2Y10          LUT6 (Prop_lut6_I3_O)        0.124     2.831 r  rptr_empty_inst/rptr[2]_i_1/O
                         net (fo=2, routed)           0.646     3.477    rptr_empty_inst/rgray_next[2]
    SLICE_X2Y9           FDCE                                         r  rptr_empty_inst/rptr_reg[2]/D
  -------------------------------------------------------------------    -------------------

                         (clock read_clk_domain rise edge)
                                                      0.000     0.000 r  
    P14                                               0.000     0.000 r  rclk (IN)
                         net (fo=0)                   0.000     0.000    rclk
    P14                  IBUF (Prop_ibuf_I_O)         0.804     0.804 r  rclk_IBUF_inst/O
                         net (fo=1, routed)           1.868     2.672    rclk_IBUF
    BUFGCTRL_X0Y1        BUFG (Prop_bufg_I_O)         0.091     2.763 r  rclk_IBUF_BUFG_inst/O
                         net (fo=30, routed)          1.517     4.280    rptr_empty_inst/CLK
    SLICE_X2Y9           FDCE                                         r  rptr_empty_inst/rptr_reg[2]/C

Slack:                    inf
  Source:                 rrst_n
                            (input port)
  Destination:            sync_w2r_inst/rq1_wptr_reg[1]/CLR
                            (recovery check against rising-edge clock read_clk_domain  {rise@0.000ns fall@12.500ns period=25.000ns})
  Path Group:             (none)
  Path Type:              Recovery (Max at Slow Process Corner)
  Data Path Delay:        3.412ns  (logic 1.061ns (31.103%)  route 2.350ns (68.897%))
  Logic Levels:           2  (IBUF=1 LUT1=1)
  Clock Path Skew:        4.279ns (DCD - SCD + CPR)
    Destination Clock Delay (DCD):    4.279ns
    Source Clock Delay      (SCD):    0.000ns
    Clock Pessimism Removal (CPR):    0.000ns
  Clock Uncertainty:      0.025ns  ((TSJ^2 + TIJ^2)^1/2 + DJ) / 2 + PE
    Total System Jitter     (TSJ):    0.050ns
    Total Input Jitter      (TIJ):    0.000ns
    Discrete Jitter          (DJ):    0.000ns
    Phase Error              (PE):    0.000ns

    Location             Delay type                Incr(ns)  Path(ns)    Netlist Resource(s)
  -------------------------------------------------------------------    -------------------
    U18                                               0.000     0.000 r  rrst_n (IN)
                         net (fo=0)                   0.000     0.000    rrst_n
    U18                  IBUF (Prop_ibuf_I_O)         0.937     0.937 r  rrst_n_IBUF_inst/O
                         net (fo=1, routed)           1.267     2.204    sync_w2r_inst/rrst_n_IBUF
    SLICE_X0Y13          LUT1 (Prop_lut1_I0_O)        0.124     2.328 f  sync_w2r_inst/rst_ff1_i_1__0/O
                         net (fo=12, routed)          1.084     3.412    sync_w2r_inst/rrst_n
    SLICE_X4Y8           FDCE                                         f  sync_w2r_inst/rq1_wptr_reg[1]/CLR
  -------------------------------------------------------------------    -------------------

                         (clock read_clk_domain rise edge)
                                                      0.000     0.000 r  
    P14                                               0.000     0.000 r  rclk (IN)
                         net (fo=0)                   0.000     0.000    rclk
    P14                  IBUF (Prop_ibuf_I_O)         0.804     0.804 r  rclk_IBUF_inst/O
                         net (fo=1, routed)           1.868     2.672    rclk_IBUF
    BUFGCTRL_X0Y1        BUFG (Prop_bufg_I_O)         0.091     2.763 r  rclk_IBUF_BUFG_inst/O
                         net (fo=30, routed)          1.516     4.279    sync_w2r_inst/CLK
    SLICE_X4Y8           FDCE                                         r  sync_w2r_inst/rq1_wptr_reg[1]/C

Slack:                    inf
  Source:                 rrst_n
                            (input port)
  Destination:            sync_w2r_inst/rq2_wptr_int_reg[1]/CLR
                            (recovery check against rising-edge clock read_clk_domain  {rise@0.000ns fall@12.500ns period=25.000ns})
  Path Group:             (none)
  Path Type:              Recovery (Max at Slow Process Corner)
  Data Path Delay:        3.412ns  (logic 1.061ns (31.103%)  route 2.350ns (68.897%))
  Logic Levels:           2  (IBUF=1 LUT1=1)
  Clock Path Skew:        4.279ns (DCD - SCD + CPR)
    Destination Clock Delay (DCD):    4.279ns
    Source Clock Delay      (SCD):    0.000ns
    Clock Pessimism Removal (CPR):    0.000ns
  Clock Uncertainty:      0.025ns  ((TSJ^2 + TIJ^2)^1/2 + DJ) / 2 + PE
    Total System Jitter     (TSJ):    0.050ns
    Total Input Jitter      (TIJ):    0.000ns
    Discrete Jitter          (DJ):    0.000ns
    Phase Error              (PE):    0.000ns

    Location             Delay type                Incr(ns)  Path(ns)    Netlist Resource(s)
  -------------------------------------------------------------------    -------------------
    U18                                               0.000     0.000 r  rrst_n (IN)
                         net (fo=0)                   0.000     0.000    rrst_n
    U18                  IBUF (Prop_ibuf_I_O)         0.937     0.937 r  rrst_n_IBUF_inst/O
                         net (fo=1, routed)           1.267     2.204    sync_w2r_inst/rrst_n_IBUF
    SLICE_X0Y13          LUT1 (Prop_lut1_I0_O)        0.124     2.328 f  sync_w2r_inst/rst_ff1_i_1__0/O
                         net (fo=12, routed)          1.084     3.412    sync_w2r_inst/rrst_n
    SLICE_X4Y8           FDCE                                         f  sync_w2r_inst/rq2_wptr_int_reg[1]/CLR
  -------------------------------------------------------------------    -------------------

                         (clock read_clk_domain rise edge)
                                                      0.000     0.000 r  
    P14                                               0.000     0.000 r  rclk (IN)
                         net (fo=0)                   0.000     0.000    rclk
    P14                  IBUF (Prop_ibuf_I_O)         0.804     0.804 r  rclk_IBUF_inst/O
                         net (fo=1, routed)           1.868     2.672    rclk_IBUF
    BUFGCTRL_X0Y1        BUFG (Prop_bufg_I_O)         0.091     2.763 r  rclk_IBUF_BUFG_inst/O
                         net (fo=30, routed)          1.516     4.279    sync_w2r_inst/CLK
    SLICE_X4Y8           FDCE                                         r  sync_w2r_inst/rq2_wptr_int_reg[1]/C

Slack:                    inf
  Source:                 rinc
                            (input port)
  Destination:            rptr_empty_inst/rptr_reg[0]/D
                            (rising edge-triggered cell FDCE clocked by read_clk_domain  {rise@0.000ns fall@12.500ns period=25.000ns})
  Path Group:             (none)
  Path Type:              Setup (Max at Slow Process Corner)
  Data Path Delay:        3.171ns  (logic 1.063ns (33.526%)  route 2.108ns (66.474%))
  Logic Levels:           2  (IBUF=1 LUT4=1)
  Clock Path Skew:        4.280ns (DCD - SCD + CPR)
    Destination Clock Delay (DCD):    4.280ns
    Source Clock Delay      (SCD):    0.000ns
    Clock Pessimism Removal (CPR):    0.000ns
  Clock Uncertainty:      0.025ns  ((TSJ^2 + TIJ^2)^1/2 + DJ) / 2 + PE
    Total System Jitter     (TSJ):    0.050ns
    Total Input Jitter      (TIJ):    0.000ns
    Discrete Jitter          (DJ):    0.000ns
    Phase Error              (PE):    0.000ns

    Location             Delay type                Incr(ns)  Path(ns)    Netlist Resource(s)
  -------------------------------------------------------------------    -------------------
    U16                                               0.000     0.000 r  rinc (IN)
                         net (fo=0)                   0.000     0.000    rinc
    U16                  IBUF (Prop_ibuf_I_O)         0.939     0.939 r  rinc_IBUF_inst/O
                         net (fo=16, routed)          1.573     2.513    rptr_empty_inst/rinc_IBUF
    SLICE_X3Y11          LUT4 (Prop_lut4_I2_O)        0.124     2.637 r  rptr_empty_inst/rptr[0]_i_1/O
                         net (fo=2, routed)           0.535     3.171    rptr_empty_inst/rgray_next[0]
    SLICE_X2Y9           FDCE                                         r  rptr_empty_inst/rptr_reg[0]/D
  -------------------------------------------------------------------    -------------------

                         (clock read_clk_domain rise edge)
                                                      0.000     0.000 r  
    P14                                               0.000     0.000 r  rclk (IN)
                         net (fo=0)                   0.000     0.000    rclk
    P14                  IBUF (Prop_ibuf_I_O)         0.804     0.804 r  rclk_IBUF_inst/O
                         net (fo=1, routed)           1.868     2.672    rclk_IBUF
    BUFGCTRL_X0Y1        BUFG (Prop_bufg_I_O)         0.091     2.763 r  rclk_IBUF_BUFG_inst/O
                         net (fo=30, routed)          1.517     4.280    rptr_empty_inst/CLK
    SLICE_X2Y9           FDCE                                         r  rptr_empty_inst/rptr_reg[0]/C

Slack:                    inf
  Source:                 rrst_n
                            (input port)
  Destination:            rrst_sync_inst/rst_ff1_reg/CLR
                            (recovery check against rising-edge clock read_clk_domain  {rise@0.000ns fall@12.500ns period=25.000ns})
  Path Group:             (none)
  Path Type:              Recovery (Max at Slow Process Corner)
  Data Path Delay:        3.107ns  (logic 1.061ns (34.152%)  route 2.046ns (65.848%))
  Logic Levels:           2  (IBUF=1 LUT1=1)
  Clock Path Skew:        4.281ns (DCD - SCD + CPR)
    Destination Clock Delay (DCD):    4.281ns
    Source Clock Delay      (SCD):    0.000ns
    Clock Pessimism Removal (CPR):    0.000ns
  Clock Uncertainty:      0.025ns  ((TSJ^2 + TIJ^2)^1/2 + DJ) / 2 + PE
    Total System Jitter     (TSJ):    0.050ns
    Total Input Jitter      (TIJ):    0.000ns
    Discrete Jitter          (DJ):    0.000ns
    Phase Error              (PE):    0.000ns

    Location             Delay type                Incr(ns)  Path(ns)    Netlist Resource(s)
  -------------------------------------------------------------------    -------------------
    U18                                               0.000     0.000 r  rrst_n (IN)
                         net (fo=0)                   0.000     0.000    rrst_n
    U18                  IBUF (Prop_ibuf_I_O)         0.937     0.937 r  rrst_n_IBUF_inst/O
                         net (fo=1, routed)           1.267     2.204    sync_w2r_inst/rrst_n_IBUF
    SLICE_X0Y13          LUT1 (Prop_lut1_I0_O)        0.124     2.328 f  sync_w2r_inst/rst_ff1_i_1__0/O
                         net (fo=12, routed)          0.779     3.107    rrst_sync_inst/sync_rst_n_reg_1
    SLICE_X3Y8           FDCE                                         f  rrst_sync_inst/rst_ff1_reg/CLR
  -------------------------------------------------------------------    -------------------

                         (clock read_clk_domain rise edge)
                                                      0.000     0.000 r  
    P14                                               0.000     0.000 r  rclk (IN)
                         net (fo=0)                   0.000     0.000    rclk
    P14                  IBUF (Prop_ibuf_I_O)         0.804     0.804 r  rclk_IBUF_inst/O
                         net (fo=1, routed)           1.868     2.672    rclk_IBUF
    BUFGCTRL_X0Y1        BUFG (Prop_bufg_I_O)         0.091     2.763 r  rclk_IBUF_BUFG_inst/O
                         net (fo=30, routed)          1.518     4.281    rrst_sync_inst/CLK
    SLICE_X3Y8           FDCE                                         r  rrst_sync_inst/rst_ff1_reg/C

Slack:                    inf
  Source:                 rrst_n
                            (input port)
  Destination:            rrst_sync_inst/sync_rst_n_reg/CLR
                            (recovery check against rising-edge clock read_clk_domain  {rise@0.000ns fall@12.500ns period=25.000ns})
  Path Group:             (none)
  Path Type:              Recovery (Max at Slow Process Corner)
  Data Path Delay:        3.107ns  (logic 1.061ns (34.152%)  route 2.046ns (65.848%))
  Logic Levels:           2  (IBUF=1 LUT1=1)
  Clock Path Skew:        4.281ns (DCD - SCD + CPR)
    Destination Clock Delay (DCD):    4.281ns
    Source Clock Delay      (SCD):    0.000ns
    Clock Pessimism Removal (CPR):    0.000ns
  Clock Uncertainty:      0.025ns  ((TSJ^2 + TIJ^2)^1/2 + DJ) / 2 + PE
    Total System Jitter     (TSJ):    0.050ns
    Total Input Jitter      (TIJ):    0.000ns
    Discrete Jitter          (DJ):    0.000ns
    Phase Error              (PE):    0.000ns

    Location             Delay type                Incr(ns)  Path(ns)    Netlist Resource(s)
  -------------------------------------------------------------------    -------------------
    U18                                               0.000     0.000 r  rrst_n (IN)
                         net (fo=0)                   0.000     0.000    rrst_n
    U18                  IBUF (Prop_ibuf_I_O)         0.937     0.937 r  rrst_n_IBUF_inst/O
                         net (fo=1, routed)           1.267     2.204    sync_w2r_inst/rrst_n_IBUF
    SLICE_X0Y13          LUT1 (Prop_lut1_I0_O)        0.124     2.328 f  sync_w2r_inst/rst_ff1_i_1__0/O
                         net (fo=12, routed)          0.779     3.107    rrst_sync_inst/sync_rst_n_reg_1
    SLICE_X3Y8           FDCE                                         f  rrst_sync_inst/sync_rst_n_reg/CLR
  -------------------------------------------------------------------    -------------------

                         (clock read_clk_domain rise edge)
                                                      0.000     0.000 r  
    P14                                               0.000     0.000 r  rclk (IN)
                         net (fo=0)                   0.000     0.000    rclk
    P14                  IBUF (Prop_ibuf_I_O)         0.804     0.804 r  rclk_IBUF_inst/O
                         net (fo=1, routed)           1.868     2.672    rclk_IBUF
    BUFGCTRL_X0Y1        BUFG (Prop_bufg_I_O)         0.091     2.763 r  rclk_IBUF_BUFG_inst/O
                         net (fo=30, routed)          1.518     4.281    rrst_sync_inst/CLK
    SLICE_X3Y8           FDCE                                         r  rrst_sync_inst/sync_rst_n_reg/C





Min Delay Paths
--------------------------------------------------------------------------------------
Slack:                    inf
  Source:                 rinc
                            (input port)
  Destination:            mem_inst/rdata_reg[0]/CE
                            (rising edge-triggered cell FDRE clocked by read_clk_domain  {rise@0.000ns fall@12.500ns period=25.000ns})
  Path Group:             (none)
  Path Type:              Hold (Min at Fast Process Corner)
  Data Path Delay:        0.702ns  (logic 0.168ns (23.977%)  route 0.534ns (76.023%))
  Logic Levels:           1  (IBUF=1)
  Clock Path Skew:        1.936ns (DCD - SCD - CPR)
    Destination Clock Delay (DCD):    1.936ns
    Source Clock Delay      (SCD):    0.000ns
    Clock Pessimism Removal (CPR):    -0.000ns

    Location             Delay type                Incr(ns)  Path(ns)    Netlist Resource(s)
  -------------------------------------------------------------------    -------------------
    U16                                               0.000     0.000 r  rinc (IN)
                         net (fo=0)                   0.000     0.000    rinc
    U16                  IBUF (Prop_ibuf_I_O)         0.168     0.168 r  rinc_IBUF_inst/O
                         net (fo=16, routed)          0.534     0.702    mem_inst/rinc_IBUF
    SLICE_X1Y10          FDRE                                         r  mem_inst/rdata_reg[0]/CE
  -------------------------------------------------------------------    -------------------

                         (clock read_clk_domain rise edge)
                                                      0.000     0.000 r  
    P14                                               0.000     0.000 r  rclk (IN)
                         net (fo=0)                   0.000     0.000    rclk
    P14                  IBUF (Prop_ibuf_I_O)         0.355     0.355 r  rclk_IBUF_inst/O
                         net (fo=1, routed)           0.689     1.044    rclk_IBUF
    BUFGCTRL_X0Y1        BUFG (Prop_bufg_I_O)         0.029     1.073 r  rclk_IBUF_BUFG_inst/O
                         net (fo=30, routed)          0.864     1.936    mem_inst/CLK
    SLICE_X1Y10          FDRE                                         r  mem_inst/rdata_reg[0]/C

Slack:                    inf
  Source:                 rinc
                            (input port)
  Destination:            mem_inst/rdata_reg[1]/CE
                            (rising edge-triggered cell FDRE clocked by read_clk_domain  {rise@0.000ns fall@12.500ns period=25.000ns})
  Path Group:             (none)
  Path Type:              Hold (Min at Fast Process Corner)
  Data Path Delay:        0.702ns  (logic 0.168ns (23.977%)  route 0.534ns (76.023%))
  Logic Levels:           1  (IBUF=1)
  Clock Path Skew:        1.936ns (DCD - SCD - CPR)
    Destination Clock Delay (DCD):    1.936ns
    Source Clock Delay      (SCD):    0.000ns
    Clock Pessimism Removal (CPR):    -0.000ns

    Location             Delay type                Incr(ns)  Path(ns)    Netlist Resource(s)
  -------------------------------------------------------------------    -------------------
    U16                                               0.000     0.000 r  rinc (IN)
                         net (fo=0)                   0.000     0.000    rinc
    U16                  IBUF (Prop_ibuf_I_O)         0.168     0.168 r  rinc_IBUF_inst/O
                         net (fo=16, routed)          0.534     0.702    mem_inst/rinc_IBUF
    SLICE_X1Y10          FDRE                                         r  mem_inst/rdata_reg[1]/CE
  -------------------------------------------------------------------    -------------------

                         (clock read_clk_domain rise edge)
                                                      0.000     0.000 r  
    P14                                               0.000     0.000 r  rclk (IN)
                         net (fo=0)                   0.000     0.000    rclk
    P14                  IBUF (Prop_ibuf_I_O)         0.355     0.355 r  rclk_IBUF_inst/O
                         net (fo=1, routed)           0.689     1.044    rclk_IBUF
    BUFGCTRL_X0Y1        BUFG (Prop_bufg_I_O)         0.029     1.073 r  rclk_IBUF_BUFG_inst/O
                         net (fo=30, routed)          0.864     1.936    mem_inst/CLK
    SLICE_X1Y10          FDRE                                         r  mem_inst/rdata_reg[1]/C

Slack:                    inf
  Source:                 rinc
                            (input port)
  Destination:            mem_inst/rdata_reg[2]/CE
                            (rising edge-triggered cell FDRE clocked by read_clk_domain  {rise@0.000ns fall@12.500ns period=25.000ns})
  Path Group:             (none)
  Path Type:              Hold (Min at Fast Process Corner)
  Data Path Delay:        0.702ns  (logic 0.168ns (23.977%)  route 0.534ns (76.023%))
  Logic Levels:           1  (IBUF=1)
  Clock Path Skew:        1.936ns (DCD - SCD - CPR)
    Destination Clock Delay (DCD):    1.936ns
    Source Clock Delay      (SCD):    0.000ns
    Clock Pessimism Removal (CPR):    -0.000ns

    Location             Delay type                Incr(ns)  Path(ns)    Netlist Resource(s)
  -------------------------------------------------------------------    -------------------
    U16                                               0.000     0.000 r  rinc (IN)
                         net (fo=0)                   0.000     0.000    rinc
    U16                  IBUF (Prop_ibuf_I_O)         0.168     0.168 r  rinc_IBUF_inst/O
                         net (fo=16, routed)          0.534     0.702    mem_inst/rinc_IBUF
    SLICE_X1Y10          FDRE                                         r  mem_inst/rdata_reg[2]/CE
  -------------------------------------------------------------------    -------------------

                         (clock read_clk_domain rise edge)
                                                      0.000     0.000 r  
    P14                                               0.000     0.000 r  rclk (IN)
                         net (fo=0)                   0.000     0.000    rclk
    P14                  IBUF (Prop_ibuf_I_O)         0.355     0.355 r  rclk_IBUF_inst/O
                         net (fo=1, routed)           0.689     1.044    rclk_IBUF
    BUFGCTRL_X0Y1        BUFG (Prop_bufg_I_O)         0.029     1.073 r  rclk_IBUF_BUFG_inst/O
                         net (fo=30, routed)          0.864     1.936    mem_inst/CLK
    SLICE_X1Y10          FDRE                                         r  mem_inst/rdata_reg[2]/C

Slack:                    inf
  Source:                 rinc
                            (input port)
  Destination:            mem_inst/rdata_reg[3]/CE
                            (rising edge-triggered cell FDRE clocked by read_clk_domain  {rise@0.000ns fall@12.500ns period=25.000ns})
  Path Group:             (none)
  Path Type:              Hold (Min at Fast Process Corner)
  Data Path Delay:        0.702ns  (logic 0.168ns (23.977%)  route 0.534ns (76.023%))
  Logic Levels:           1  (IBUF=1)
  Clock Path Skew:        1.936ns (DCD - SCD - CPR)
    Destination Clock Delay (DCD):    1.936ns
    Source Clock Delay      (SCD):    0.000ns
    Clock Pessimism Removal (CPR):    -0.000ns

    Location             Delay type                Incr(ns)  Path(ns)    Netlist Resource(s)
  -------------------------------------------------------------------    -------------------
    U16                                               0.000     0.000 r  rinc (IN)
                         net (fo=0)                   0.000     0.000    rinc
    U16                  IBUF (Prop_ibuf_I_O)         0.168     0.168 r  rinc_IBUF_inst/O
                         net (fo=16, routed)          0.534     0.702    mem_inst/rinc_IBUF
    SLICE_X1Y10          FDRE                                         r  mem_inst/rdata_reg[3]/CE
  -------------------------------------------------------------------    -------------------

                         (clock read_clk_domain rise edge)
                                                      0.000     0.000 r  
    P14                                               0.000     0.000 r  rclk (IN)
                         net (fo=0)                   0.000     0.000    rclk
    P14                  IBUF (Prop_ibuf_I_O)         0.355     0.355 r  rclk_IBUF_inst/O
                         net (fo=1, routed)           0.689     1.044    rclk_IBUF
    BUFGCTRL_X0Y1        BUFG (Prop_bufg_I_O)         0.029     1.073 r  rclk_IBUF_BUFG_inst/O
                         net (fo=30, routed)          0.864     1.936    mem_inst/CLK
    SLICE_X1Y10          FDRE                                         r  mem_inst/rdata_reg[3]/C

Slack:                    inf
  Source:                 rinc
                            (input port)
  Destination:            mem_inst/rdata_reg[4]/CE
                            (rising edge-triggered cell FDRE clocked by read_clk_domain  {rise@0.000ns fall@12.500ns period=25.000ns})
  Path Group:             (none)
  Path Type:              Hold (Min at Fast Process Corner)
  Data Path Delay:        0.702ns  (logic 0.168ns (23.977%)  route 0.534ns (76.023%))
  Logic Levels:           1  (IBUF=1)
  Clock Path Skew:        1.936ns (DCD - SCD - CPR)
    Destination Clock Delay (DCD):    1.936ns
    Source Clock Delay      (SCD):    0.000ns
    Clock Pessimism Removal (CPR):    -0.000ns

    Location             Delay type                Incr(ns)  Path(ns)    Netlist Resource(s)
  -------------------------------------------------------------------    -------------------
    U16                                               0.000     0.000 r  rinc (IN)
                         net (fo=0)                   0.000     0.000    rinc
    U16                  IBUF (Prop_ibuf_I_O)         0.168     0.168 r  rinc_IBUF_inst/O
                         net (fo=16, routed)          0.534     0.702    mem_inst/rinc_IBUF
    SLICE_X0Y10          FDRE                                         r  mem_inst/rdata_reg[4]/CE
  -------------------------------------------------------------------    -------------------

                         (clock read_clk_domain rise edge)
                                                      0.000     0.000 r  
    P14                                               0.000     0.000 r  rclk (IN)
                         net (fo=0)                   0.000     0.000    rclk
    P14                  IBUF (Prop_ibuf_I_O)         0.355     0.355 r  rclk_IBUF_inst/O
                         net (fo=1, routed)           0.689     1.044    rclk_IBUF
    BUFGCTRL_X0Y1        BUFG (Prop_bufg_I_O)         0.029     1.073 r  rclk_IBUF_BUFG_inst/O
                         net (fo=30, routed)          0.864     1.936    mem_inst/CLK
    SLICE_X0Y10          FDRE                                         r  mem_inst/rdata_reg[4]/C

Slack:                    inf
  Source:                 rinc
                            (input port)
  Destination:            mem_inst/rdata_reg[5]/CE
                            (rising edge-triggered cell FDRE clocked by read_clk_domain  {rise@0.000ns fall@12.500ns period=25.000ns})
  Path Group:             (none)
  Path Type:              Hold (Min at Fast Process Corner)
  Data Path Delay:        0.702ns  (logic 0.168ns (23.977%)  route 0.534ns (76.023%))
  Logic Levels:           1  (IBUF=1)
  Clock Path Skew:        1.936ns (DCD - SCD - CPR)
    Destination Clock Delay (DCD):    1.936ns
    Source Clock Delay      (SCD):    0.000ns
    Clock Pessimism Removal (CPR):    -0.000ns

    Location             Delay type                Incr(ns)  Path(ns)    Netlist Resource(s)
  -------------------------------------------------------------------    -------------------
    U16                                               0.000     0.000 r  rinc (IN)
                         net (fo=0)                   0.000     0.000    rinc
    U16                  IBUF (Prop_ibuf_I_O)         0.168     0.168 r  rinc_IBUF_inst/O
                         net (fo=16, routed)          0.534     0.702    mem_inst/rinc_IBUF
    SLICE_X0Y10          FDRE                                         r  mem_inst/rdata_reg[5]/CE
  -------------------------------------------------------------------    -------------------

                         (clock read_clk_domain rise edge)
                                                      0.000     0.000 r  
    P14                                               0.000     0.000 r  rclk (IN)
                         net (fo=0)                   0.000     0.000    rclk
    P14                  IBUF (Prop_ibuf_I_O)         0.355     0.355 r  rclk_IBUF_inst/O
                         net (fo=1, routed)           0.689     1.044    rclk_IBUF
    BUFGCTRL_X0Y1        BUFG (Prop_bufg_I_O)         0.029     1.073 r  rclk_IBUF_BUFG_inst/O
                         net (fo=30, routed)          0.864     1.936    mem_inst/CLK
    SLICE_X0Y10          FDRE                                         r  mem_inst/rdata_reg[5]/C

Slack:                    inf
  Source:                 rinc
                            (input port)
  Destination:            mem_inst/rdata_reg[6]/CE
                            (rising edge-triggered cell FDRE clocked by read_clk_domain  {rise@0.000ns fall@12.500ns period=25.000ns})
  Path Group:             (none)
  Path Type:              Hold (Min at Fast Process Corner)
  Data Path Delay:        0.702ns  (logic 0.168ns (23.977%)  route 0.534ns (76.023%))
  Logic Levels:           1  (IBUF=1)
  Clock Path Skew:        1.936ns (DCD - SCD - CPR)
    Destination Clock Delay (DCD):    1.936ns
    Source Clock Delay      (SCD):    0.000ns
    Clock Pessimism Removal (CPR):    -0.000ns

    Location             Delay type                Incr(ns)  Path(ns)    Netlist Resource(s)
  -------------------------------------------------------------------    -------------------
    U16                                               0.000     0.000 r  rinc (IN)
                         net (fo=0)                   0.000     0.000    rinc
    U16                  IBUF (Prop_ibuf_I_O)         0.168     0.168 r  rinc_IBUF_inst/O
                         net (fo=16, routed)          0.534     0.702    mem_inst/rinc_IBUF
    SLICE_X0Y10          FDRE                                         r  mem_inst/rdata_reg[6]/CE
  -------------------------------------------------------------------    -------------------

                         (clock read_clk_domain rise edge)
                                                      0.000     0.000 r  
    P14                                               0.000     0.000 r  rclk (IN)
                         net (fo=0)                   0.000     0.000    rclk
    P14                  IBUF (Prop_ibuf_I_O)         0.355     0.355 r  rclk_IBUF_inst/O
                         net (fo=1, routed)           0.689     1.044    rclk_IBUF
    BUFGCTRL_X0Y1        BUFG (Prop_bufg_I_O)         0.029     1.073 r  rclk_IBUF_BUFG_inst/O
                         net (fo=30, routed)          0.864     1.936    mem_inst/CLK
    SLICE_X0Y10          FDRE                                         r  mem_inst/rdata_reg[6]/C

Slack:                    inf
  Source:                 rinc
                            (input port)
  Destination:            mem_inst/rdata_reg[7]/CE
                            (rising edge-triggered cell FDRE clocked by read_clk_domain  {rise@0.000ns fall@12.500ns period=25.000ns})
  Path Group:             (none)
  Path Type:              Hold (Min at Fast Process Corner)
  Data Path Delay:        0.702ns  (logic 0.168ns (23.977%)  route 0.534ns (76.023%))
  Logic Levels:           1  (IBUF=1)
  Clock Path Skew:        1.936ns (DCD - SCD - CPR)
    Destination Clock Delay (DCD):    1.936ns
    Source Clock Delay      (SCD):    0.000ns
    Clock Pessimism Removal (CPR):    -0.000ns

    Location             Delay type                Incr(ns)  Path(ns)    Netlist Resource(s)
  -------------------------------------------------------------------    -------------------
    U16                                               0.000     0.000 r  rinc (IN)
                         net (fo=0)                   0.000     0.000    rinc
    U16                  IBUF (Prop_ibuf_I_O)         0.168     0.168 r  rinc_IBUF_inst/O
                         net (fo=16, routed)          0.534     0.702    mem_inst/rinc_IBUF
    SLICE_X0Y10          FDRE                                         r  mem_inst/rdata_reg[7]/CE
  -------------------------------------------------------------------    -------------------

                         (clock read_clk_domain rise edge)
                                                      0.000     0.000 r  
    P14                                               0.000     0.000 r  rclk (IN)
                         net (fo=0)                   0.000     0.000    rclk
    P14                  IBUF (Prop_ibuf_I_O)         0.355     0.355 r  rclk_IBUF_inst/O
                         net (fo=1, routed)           0.689     1.044    rclk_IBUF
    BUFGCTRL_X0Y1        BUFG (Prop_bufg_I_O)         0.029     1.073 r  rclk_IBUF_BUFG_inst/O
                         net (fo=30, routed)          0.864     1.936    mem_inst/CLK
    SLICE_X0Y10          FDRE                                         r  mem_inst/rdata_reg[7]/C

Slack:                    inf
  Source:                 rinc
                            (input port)
  Destination:            rptr_empty_inst/rbin_reg[0]/D
                            (rising edge-triggered cell FDCE clocked by read_clk_domain  {rise@0.000ns fall@12.500ns period=25.000ns})
  Path Group:             (none)
  Path Type:              Hold (Min at Fast Process Corner)
  Data Path Delay:        0.733ns  (logic 0.213ns (29.116%)  route 0.519ns (70.884%))
  Logic Levels:           2  (IBUF=1 LUT3=1)
  Clock Path Skew:        1.936ns (DCD - SCD - CPR)
    Destination Clock Delay (DCD):    1.936ns
    Source Clock Delay      (SCD):    0.000ns
    Clock Pessimism Removal (CPR):    -0.000ns

    Location             Delay type                Incr(ns)  Path(ns)    Netlist Resource(s)
  -------------------------------------------------------------------    -------------------
    U16                                               0.000     0.000 r  rinc (IN)
                         net (fo=0)                   0.000     0.000    rinc
    U16                  IBUF (Prop_ibuf_I_O)         0.168     0.168 r  rinc_IBUF_inst/O
                         net (fo=16, routed)          0.519     0.688    rptr_empty_inst/rinc_IBUF
    SLICE_X3Y11          LUT3 (Prop_lut3_I2_O)        0.045     0.733 r  rptr_empty_inst/rbin[0]_i_1/O
                         net (fo=1, routed)           0.000     0.733    rptr_empty_inst/rbin_next__0[0]
    SLICE_X3Y11          FDCE                                         r  rptr_empty_inst/rbin_reg[0]/D
  -------------------------------------------------------------------    -------------------

                         (clock read_clk_domain rise edge)
                                                      0.000     0.000 r  
    P14                                               0.000     0.000 r  rclk (IN)
                         net (fo=0)                   0.000     0.000    rclk
    P14                  IBUF (Prop_ibuf_I_O)         0.355     0.355 r  rclk_IBUF_inst/O
                         net (fo=1, routed)           0.689     1.044    rclk_IBUF
    BUFGCTRL_X0Y1        BUFG (Prop_bufg_I_O)         0.029     1.073 r  rclk_IBUF_BUFG_inst/O
                         net (fo=30, routed)          0.864     1.936    rptr_empty_inst/CLK
    SLICE_X3Y11          FDCE                                         r  rptr_empty_inst/rbin_reg[0]/C

Slack:                    inf
  Source:                 rinc
                            (input port)
  Destination:            rptr_empty_inst/rbin_reg[1]/D
                            (rising edge-triggered cell FDCE clocked by read_clk_domain  {rise@0.000ns fall@12.500ns period=25.000ns})
  Path Group:             (none)
  Path Type:              Hold (Min at Fast Process Corner)
  Data Path Delay:        0.736ns  (logic 0.216ns (29.405%)  route 0.519ns (70.595%))
  Logic Levels:           2  (IBUF=1 LUT4=1)
  Clock Path Skew:        1.936ns (DCD - SCD - CPR)
    Destination Clock Delay (DCD):    1.936ns
    Source Clock Delay      (SCD):    0.000ns
    Clock Pessimism Removal (CPR):    -0.000ns

    Location             Delay type                Incr(ns)  Path(ns)    Netlist Resource(s)
  -------------------------------------------------------------------    -------------------
    U16                                               0.000     0.000 r  rinc (IN)
                         net (fo=0)                   0.000     0.000    rinc
    U16                  IBUF (Prop_ibuf_I_O)         0.168     0.168 r  rinc_IBUF_inst/O
                         net (fo=16, routed)          0.519     0.688    rptr_empty_inst/rinc_IBUF
    SLICE_X3Y11          LUT4 (Prop_lut4_I1_O)        0.048     0.736 r  rptr_empty_inst/rbin[1]_i_1/O
                         net (fo=1, routed)           0.000     0.736    rptr_empty_inst/rbin_next__0[1]
    SLICE_X3Y11          FDCE                                         r  rptr_empty_inst/rbin_reg[1]/D
  -------------------------------------------------------------------    -------------------

                         (clock read_clk_domain rise edge)
                                                      0.000     0.000 r  
    P14                                               0.000     0.000 r  rclk (IN)
                         net (fo=0)                   0.000     0.000    rclk
    P14                  IBUF (Prop_ibuf_I_O)         0.355     0.355 r  rclk_IBUF_inst/O
                         net (fo=1, routed)           0.689     1.044    rclk_IBUF
    BUFGCTRL_X0Y1        BUFG (Prop_bufg_I_O)         0.029     1.073 r  rclk_IBUF_BUFG_inst/O
                         net (fo=30, routed)          0.864     1.936    rptr_empty_inst/CLK
    SLICE_X3Y11          FDCE                                         r  rptr_empty_inst/rbin_reg[1]/C





--------------------------------------------------------------------------------------
Path Group:  (none)
From Clock:  
  To Clock:  write_clk_domain

Max Delay            44 Endpoints
Min Delay            44 Endpoints
--------------------------------------------------------------------------------------


Max Delay Paths
--------------------------------------------------------------------------------------
Slack:                    inf
  Source:                 winc
                            (input port)
  Destination:            wptr_full_inst/wfull_reg/D
                            (rising edge-triggered cell FDCE clocked by write_clk_domain  {rise@0.000ns fall@5.000ns period=10.000ns})
  Path Group:             (none)
  Path Type:              Setup (Max at Slow Process Corner)
  Data Path Delay:        3.816ns  (logic 1.311ns (34.343%)  route 2.505ns (65.657%))
  Logic Levels:           4  (IBUF=1 LUT2=1 LUT6=2)
  Clock Path Skew:        4.283ns (DCD - SCD + CPR)
    Destination Clock Delay (DCD):    4.283ns
    Source Clock Delay      (SCD):    0.000ns
    Clock Pessimism Removal (CPR):    0.000ns
  Clock Uncertainty:      0.025ns  ((TSJ^2 + TIJ^2)^1/2 + DJ) / 2 + PE
    Total System Jitter     (TSJ):    0.050ns
    Total Input Jitter      (TIJ):    0.000ns
    Discrete Jitter          (DJ):    0.000ns
    Phase Error              (PE):    0.000ns

    Location             Delay type                Incr(ns)  Path(ns)    Netlist Resource(s)
  -------------------------------------------------------------------    -------------------
    U17                                               0.000     0.000 f  winc (IN)
                         net (fo=0)                   0.000     0.000    winc
    U17                  IBUF (Prop_ibuf_I_O)         0.939     0.939 f  winc_IBUF_inst/O
                         net (fo=9, routed)           1.452     2.391    wptr_full_inst/winc_IBUF
    SLICE_X2Y9           LUT2 (Prop_lut2_I1_O)        0.124     2.515 r  wptr_full_inst/wptr[3]_i_2/O
                         net (fo=4, routed)           0.377     2.892    wptr_full_inst/wptr[3]_i_2_n_0
    SLICE_X3Y9           LUT6 (Prop_lut6_I2_O)        0.124     3.016 r  wptr_full_inst/wbin[4]_i_1/O
                         net (fo=2, routed)           0.676     3.692    wptr_full_inst/wbin_next[4]
    SLICE_X3Y9           LUT6 (Prop_lut6_I4_O)        0.124     3.816 r  wptr_full_inst/wfull_i_1/O
                         net (fo=1, routed)           0.000     3.816    wptr_full_inst/wfull_val
    SLICE_X3Y9           FDCE                                         r  wptr_full_inst/wfull_reg/D
  -------------------------------------------------------------------    -------------------

                         (clock write_clk_domain rise edge)
                                                      0.000     0.000 r  
    R16                                               0.000     0.000 r  wclk (IN)
                         net (fo=0)                   0.000     0.000    wclk
    R16                  IBUF (Prop_ibuf_I_O)         0.806     0.806 r  wclk_IBUF_inst/O
                         net (fo=1, routed)           1.868     2.674    wclk_IBUF
    BUFGCTRL_X0Y0        BUFG (Prop_bufg_I_O)         0.091     2.765 r  wclk_IBUF_BUFG_inst/O
                         net (fo=34, routed)          1.517     4.283    wptr_full_inst/CLK
    SLICE_X3Y9           FDCE                                         r  wptr_full_inst/wfull_reg/C

Slack:                    inf
  Source:                 winc
                            (input port)
  Destination:            wptr_full_inst/wbin_reg[4]/D
                            (rising edge-triggered cell FDCE clocked by write_clk_domain  {rise@0.000ns fall@5.000ns period=10.000ns})
  Path Group:             (none)
  Path Type:              Setup (Max at Slow Process Corner)
  Data Path Delay:        3.406ns  (logic 1.187ns (34.834%)  route 2.220ns (65.166%))
  Logic Levels:           3  (IBUF=1 LUT2=1 LUT6=1)
  Clock Path Skew:        4.283ns (DCD - SCD + CPR)
    Destination Clock Delay (DCD):    4.283ns
    Source Clock Delay      (SCD):    0.000ns
    Clock Pessimism Removal (CPR):    0.000ns
  Clock Uncertainty:      0.025ns  ((TSJ^2 + TIJ^2)^1/2 + DJ) / 2 + PE
    Total System Jitter     (TSJ):    0.050ns
    Total Input Jitter      (TIJ):    0.000ns
    Discrete Jitter          (DJ):    0.000ns
    Phase Error              (PE):    0.000ns

    Location             Delay type                Incr(ns)  Path(ns)    Netlist Resource(s)
  -------------------------------------------------------------------    -------------------
    U17                                               0.000     0.000 f  winc (IN)
                         net (fo=0)                   0.000     0.000    winc
    U17                  IBUF (Prop_ibuf_I_O)         0.939     0.939 f  winc_IBUF_inst/O
                         net (fo=9, routed)           1.452     2.391    wptr_full_inst/winc_IBUF
    SLICE_X2Y9           LUT2 (Prop_lut2_I1_O)        0.124     2.515 r  wptr_full_inst/wptr[3]_i_2/O
                         net (fo=4, routed)           0.377     2.892    wptr_full_inst/wptr[3]_i_2_n_0
    SLICE_X3Y9           LUT6 (Prop_lut6_I2_O)        0.124     3.016 r  wptr_full_inst/wbin[4]_i_1/O
                         net (fo=2, routed)           0.390     3.406    wptr_full_inst/wbin_next[4]
    SLICE_X3Y9           FDCE                                         r  wptr_full_inst/wbin_reg[4]/D
  -------------------------------------------------------------------    -------------------

                         (clock write_clk_domain rise edge)
                                                      0.000     0.000 r  
    R16                                               0.000     0.000 r  wclk (IN)
                         net (fo=0)                   0.000     0.000    wclk
    R16                  IBUF (Prop_ibuf_I_O)         0.806     0.806 r  wclk_IBUF_inst/O
                         net (fo=1, routed)           1.868     2.674    wclk_IBUF
    BUFGCTRL_X0Y0        BUFG (Prop_bufg_I_O)         0.091     2.765 r  wclk_IBUF_BUFG_inst/O
                         net (fo=34, routed)          1.517     4.283    wptr_full_inst/CLK
    SLICE_X3Y9           FDCE                                         r  wptr_full_inst/wbin_reg[4]/C

Slack:                    inf
  Source:                 wrst_n
                            (input port)
  Destination:            wrst_sync_inst/rst_ff1_reg/CLR
                            (recovery check against rising-edge clock write_clk_domain  {rise@0.000ns fall@5.000ns period=10.000ns})
  Path Group:             (none)
  Path Type:              Recovery (Max at Slow Process Corner)
  Data Path Delay:        3.276ns  (logic 1.061ns (32.371%)  route 2.216ns (67.629%))
  Logic Levels:           2  (IBUF=1 LUT1=1)
  Clock Path Skew:        4.284ns (DCD - SCD + CPR)
    Destination Clock Delay (DCD):    4.284ns
    Source Clock Delay      (SCD):    0.000ns
    Clock Pessimism Removal (CPR):    0.000ns
  Clock Uncertainty:      0.025ns  ((TSJ^2 + TIJ^2)^1/2 + DJ) / 2 + PE
    Total System Jitter     (TSJ):    0.050ns
    Total Input Jitter      (TIJ):    0.000ns
    Discrete Jitter          (DJ):    0.000ns
    Phase Error              (PE):    0.000ns

    Location             Delay type                Incr(ns)  Path(ns)    Netlist Resource(s)
  -------------------------------------------------------------------    -------------------
    R17                                               0.000     0.000 r  wrst_n (IN)
                         net (fo=0)                   0.000     0.000    wrst_n
    R17                  IBUF (Prop_ibuf_I_O)         0.937     0.937 r  wrst_n_IBUF_inst/O
                         net (fo=1, routed)           1.419     2.356    sync_r2w_inst/wrst_n_IBUF
    SLICE_X0Y13          LUT1 (Prop_lut1_I0_O)        0.124     2.480 f  sync_r2w_inst/rst_ff1_i_1/O
                         net (fo=12, routed)          0.796     3.276    wrst_sync_inst/sync_rst_n_reg_1
    SLICE_X0Y8           FDCE                                         f  wrst_sync_inst/rst_ff1_reg/CLR
  -------------------------------------------------------------------    -------------------

                         (clock write_clk_domain rise edge)
                                                      0.000     0.000 r  
    R16                                               0.000     0.000 r  wclk (IN)
                         net (fo=0)                   0.000     0.000    wclk
    R16                  IBUF (Prop_ibuf_I_O)         0.806     0.806 r  wclk_IBUF_inst/O
                         net (fo=1, routed)           1.868     2.674    wclk_IBUF
    BUFGCTRL_X0Y0        BUFG (Prop_bufg_I_O)         0.091     2.765 r  wclk_IBUF_BUFG_inst/O
                         net (fo=34, routed)          1.518     4.284    wrst_sync_inst/CLK
    SLICE_X0Y8           FDCE                                         r  wrst_sync_inst/rst_ff1_reg/C

Slack:                    inf
  Source:                 wrst_n
                            (input port)
  Destination:            wrst_sync_inst/sync_rst_n_reg/CLR
                            (recovery check against rising-edge clock write_clk_domain  {rise@0.000ns fall@5.000ns period=10.000ns})
  Path Group:             (none)
  Path Type:              Recovery (Max at Slow Process Corner)
  Data Path Delay:        3.276ns  (logic 1.061ns (32.371%)  route 2.216ns (67.629%))
  Logic Levels:           2  (IBUF=1 LUT1=1)
  Clock Path Skew:        4.284ns (DCD - SCD + CPR)
    Destination Clock Delay (DCD):    4.284ns
    Source Clock Delay      (SCD):    0.000ns
    Clock Pessimism Removal (CPR):    0.000ns
  Clock Uncertainty:      0.025ns  ((TSJ^2 + TIJ^2)^1/2 + DJ) / 2 + PE
    Total System Jitter     (TSJ):    0.050ns
    Total Input Jitter      (TIJ):    0.000ns
    Discrete Jitter          (DJ):    0.000ns
    Phase Error              (PE):    0.000ns

    Location             Delay type                Incr(ns)  Path(ns)    Netlist Resource(s)
  -------------------------------------------------------------------    -------------------
    R17                                               0.000     0.000 r  wrst_n (IN)
                         net (fo=0)                   0.000     0.000    wrst_n
    R17                  IBUF (Prop_ibuf_I_O)         0.937     0.937 r  wrst_n_IBUF_inst/O
                         net (fo=1, routed)           1.419     2.356    sync_r2w_inst/wrst_n_IBUF
    SLICE_X0Y13          LUT1 (Prop_lut1_I0_O)        0.124     2.480 f  sync_r2w_inst/rst_ff1_i_1/O
                         net (fo=12, routed)          0.796     3.276    wrst_sync_inst/sync_rst_n_reg_1
    SLICE_X0Y8           FDCE                                         f  wrst_sync_inst/sync_rst_n_reg/CLR
  -------------------------------------------------------------------    -------------------

                         (clock write_clk_domain rise edge)
                                                      0.000     0.000 r  
    R16                                               0.000     0.000 r  wclk (IN)
                         net (fo=0)                   0.000     0.000    wclk
    R16                  IBUF (Prop_ibuf_I_O)         0.806     0.806 r  wclk_IBUF_inst/O
                         net (fo=1, routed)           1.868     2.674    wclk_IBUF
    BUFGCTRL_X0Y0        BUFG (Prop_bufg_I_O)         0.091     2.765 r  wclk_IBUF_BUFG_inst/O
                         net (fo=34, routed)          1.518     4.284    wrst_sync_inst/CLK
    SLICE_X0Y8           FDCE                                         r  wrst_sync_inst/sync_rst_n_reg/C

Slack:                    inf
  Source:                 wrst_n
                            (input port)
  Destination:            sync_r2w_inst/wq1_rptr_reg[1]/CLR
                            (recovery check against rising-edge clock write_clk_domain  {rise@0.000ns fall@5.000ns period=10.000ns})
  Path Group:             (none)
  Path Type:              Recovery (Max at Slow Process Corner)
  Data Path Delay:        3.272ns  (logic 1.061ns (32.415%)  route 2.211ns (67.585%))
  Logic Levels:           2  (IBUF=1 LUT1=1)
  Clock Path Skew:        4.284ns (DCD - SCD + CPR)
    Destination Clock Delay (DCD):    4.284ns
    Source Clock Delay      (SCD):    0.000ns
    Clock Pessimism Removal (CPR):    0.000ns
  Clock Uncertainty:      0.025ns  ((TSJ^2 + TIJ^2)^1/2 + DJ) / 2 + PE
    Total System Jitter     (TSJ):    0.050ns
    Total Input Jitter      (TIJ):    0.000ns
    Discrete Jitter          (DJ):    0.000ns
    Phase Error              (PE):    0.000ns

    Location             Delay type                Incr(ns)  Path(ns)    Netlist Resource(s)
  -------------------------------------------------------------------    -------------------
    R17                                               0.000     0.000 r  wrst_n (IN)
                         net (fo=0)                   0.000     0.000    wrst_n
    R17                  IBUF (Prop_ibuf_I_O)         0.937     0.937 r  wrst_n_IBUF_inst/O
                         net (fo=1, routed)           1.419     2.356    sync_r2w_inst/wrst_n_IBUF
    SLICE_X0Y13          LUT1 (Prop_lut1_I0_O)        0.124     2.480 f  sync_r2w_inst/rst_ff1_i_1/O
                         net (fo=12, routed)          0.792     3.272    sync_r2w_inst/wrst_n
    SLICE_X1Y8           FDCE                                         f  sync_r2w_inst/wq1_rptr_reg[1]/CLR
  -------------------------------------------------------------------    -------------------

                         (clock write_clk_domain rise edge)
                                                      0.000     0.000 r  
    R16                                               0.000     0.000 r  wclk (IN)
                         net (fo=0)                   0.000     0.000    wclk
    R16                  IBUF (Prop_ibuf_I_O)         0.806     0.806 r  wclk_IBUF_inst/O
                         net (fo=1, routed)           1.868     2.674    wclk_IBUF
    BUFGCTRL_X0Y0        BUFG (Prop_bufg_I_O)         0.091     2.765 r  wclk_IBUF_BUFG_inst/O
                         net (fo=34, routed)          1.518     4.284    sync_r2w_inst/CLK
    SLICE_X1Y8           FDCE                                         r  sync_r2w_inst/wq1_rptr_reg[1]/C

Slack:                    inf
  Source:                 wrst_n
                            (input port)
  Destination:            sync_r2w_inst/wq1_rptr_reg[3]/CLR
                            (recovery check against rising-edge clock write_clk_domain  {rise@0.000ns fall@5.000ns period=10.000ns})
  Path Group:             (none)
  Path Type:              Recovery (Max at Slow Process Corner)
  Data Path Delay:        3.272ns  (logic 1.061ns (32.415%)  route 2.211ns (67.585%))
  Logic Levels:           2  (IBUF=1 LUT1=1)
  Clock Path Skew:        4.284ns (DCD - SCD + CPR)
    Destination Clock Delay (DCD):    4.284ns
    Source Clock Delay      (SCD):    0.000ns
    Clock Pessimism Removal (CPR):    0.000ns
  Clock Uncertainty:      0.025ns  ((TSJ^2 + TIJ^2)^1/2 + DJ) / 2 + PE
    Total System Jitter     (TSJ):    0.050ns
    Total Input Jitter      (TIJ):    0.000ns
    Discrete Jitter          (DJ):    0.000ns
    Phase Error              (PE):    0.000ns

    Location             Delay type                Incr(ns)  Path(ns)    Netlist Resource(s)
  -------------------------------------------------------------------    -------------------
    R17                                               0.000     0.000 r  wrst_n (IN)
                         net (fo=0)                   0.000     0.000    wrst_n
    R17                  IBUF (Prop_ibuf_I_O)         0.937     0.937 r  wrst_n_IBUF_inst/O
                         net (fo=1, routed)           1.419     2.356    sync_r2w_inst/wrst_n_IBUF
    SLICE_X0Y13          LUT1 (Prop_lut1_I0_O)        0.124     2.480 f  sync_r2w_inst/rst_ff1_i_1/O
                         net (fo=12, routed)          0.792     3.272    sync_r2w_inst/wrst_n
    SLICE_X1Y8           FDCE                                         f  sync_r2w_inst/wq1_rptr_reg[3]/CLR
  -------------------------------------------------------------------    -------------------

                         (clock write_clk_domain rise edge)
                                                      0.000     0.000 r  
    R16                                               0.000     0.000 r  wclk (IN)
                         net (fo=0)                   0.000     0.000    wclk
    R16                  IBUF (Prop_ibuf_I_O)         0.806     0.806 r  wclk_IBUF_inst/O
                         net (fo=1, routed)           1.868     2.674    wclk_IBUF
    BUFGCTRL_X0Y0        BUFG (Prop_bufg_I_O)         0.091     2.765 r  wclk_IBUF_BUFG_inst/O
                         net (fo=34, routed)          1.518     4.284    sync_r2w_inst/CLK
    SLICE_X1Y8           FDCE                                         r  sync_r2w_inst/wq1_rptr_reg[3]/C

Slack:                    inf
  Source:                 wrst_n
                            (input port)
  Destination:            sync_r2w_inst/wq2_rptr_int_reg[1]/CLR
                            (recovery check against rising-edge clock write_clk_domain  {rise@0.000ns fall@5.000ns period=10.000ns})
  Path Group:             (none)
  Path Type:              Recovery (Max at Slow Process Corner)
  Data Path Delay:        3.272ns  (logic 1.061ns (32.415%)  route 2.211ns (67.585%))
  Logic Levels:           2  (IBUF=1 LUT1=1)
  Clock Path Skew:        4.284ns (DCD - SCD + CPR)
    Destination Clock Delay (DCD):    4.284ns
    Source Clock Delay      (SCD):    0.000ns
    Clock Pessimism Removal (CPR):    0.000ns
  Clock Uncertainty:      0.025ns  ((TSJ^2 + TIJ^2)^1/2 + DJ) / 2 + PE
    Total System Jitter     (TSJ):    0.050ns
    Total Input Jitter      (TIJ):    0.000ns
    Discrete Jitter          (DJ):    0.000ns
    Phase Error              (PE):    0.000ns

    Location             Delay type                Incr(ns)  Path(ns)    Netlist Resource(s)
  -------------------------------------------------------------------    -------------------
    R17                                               0.000     0.000 r  wrst_n (IN)
                         net (fo=0)                   0.000     0.000    wrst_n
    R17                  IBUF (Prop_ibuf_I_O)         0.937     0.937 r  wrst_n_IBUF_inst/O
                         net (fo=1, routed)           1.419     2.356    sync_r2w_inst/wrst_n_IBUF
    SLICE_X0Y13          LUT1 (Prop_lut1_I0_O)        0.124     2.480 f  sync_r2w_inst/rst_ff1_i_1/O
                         net (fo=12, routed)          0.792     3.272    sync_r2w_inst/wrst_n
    SLICE_X1Y8           FDCE                                         f  sync_r2w_inst/wq2_rptr_int_reg[1]/CLR
  -------------------------------------------------------------------    -------------------

                         (clock write_clk_domain rise edge)
                                                      0.000     0.000 r  
    R16                                               0.000     0.000 r  wclk (IN)
                         net (fo=0)                   0.000     0.000    wclk
    R16                  IBUF (Prop_ibuf_I_O)         0.806     0.806 r  wclk_IBUF_inst/O
                         net (fo=1, routed)           1.868     2.674    wclk_IBUF
    BUFGCTRL_X0Y0        BUFG (Prop_bufg_I_O)         0.091     2.765 r  wclk_IBUF_BUFG_inst/O
                         net (fo=34, routed)          1.518     4.284    sync_r2w_inst/CLK
    SLICE_X1Y8           FDCE                                         r  sync_r2w_inst/wq2_rptr_int_reg[1]/C

Slack:                    inf
  Source:                 wrst_n
                            (input port)
  Destination:            sync_r2w_inst/wq2_rptr_int_reg[3]/CLR
                            (recovery check against rising-edge clock write_clk_domain  {rise@0.000ns fall@5.000ns period=10.000ns})
  Path Group:             (none)
  Path Type:              Recovery (Max at Slow Process Corner)
  Data Path Delay:        3.272ns  (logic 1.061ns (32.415%)  route 2.211ns (67.585%))
  Logic Levels:           2  (IBUF=1 LUT1=1)
  Clock Path Skew:        4.284ns (DCD - SCD + CPR)
    Destination Clock Delay (DCD):    4.284ns
    Source Clock Delay      (SCD):    0.000ns
    Clock Pessimism Removal (CPR):    0.000ns
  Clock Uncertainty:      0.025ns  ((TSJ^2 + TIJ^2)^1/2 + DJ) / 2 + PE
    Total System Jitter     (TSJ):    0.050ns
    Total Input Jitter      (TIJ):    0.000ns
    Discrete Jitter          (DJ):    0.000ns
    Phase Error              (PE):    0.000ns

    Location             Delay type                Incr(ns)  Path(ns)    Netlist Resource(s)
  -------------------------------------------------------------------    -------------------
    R17                                               0.000     0.000 r  wrst_n (IN)
                         net (fo=0)                   0.000     0.000    wrst_n
    R17                  IBUF (Prop_ibuf_I_O)         0.937     0.937 r  wrst_n_IBUF_inst/O
                         net (fo=1, routed)           1.419     2.356    sync_r2w_inst/wrst_n_IBUF
    SLICE_X0Y13          LUT1 (Prop_lut1_I0_O)        0.124     2.480 f  sync_r2w_inst/rst_ff1_i_1/O
                         net (fo=12, routed)          0.792     3.272    sync_r2w_inst/wrst_n
    SLICE_X1Y8           FDCE                                         f  sync_r2w_inst/wq2_rptr_int_reg[3]/CLR
  -------------------------------------------------------------------    -------------------

                         (clock write_clk_domain rise edge)
                                                      0.000     0.000 r  
    R16                                               0.000     0.000 r  wclk (IN)
                         net (fo=0)                   0.000     0.000    wclk
    R16                  IBUF (Prop_ibuf_I_O)         0.806     0.806 r  wclk_IBUF_inst/O
                         net (fo=1, routed)           1.868     2.674    wclk_IBUF
    BUFGCTRL_X0Y0        BUFG (Prop_bufg_I_O)         0.091     2.765 r  wclk_IBUF_BUFG_inst/O
                         net (fo=34, routed)          1.518     4.284    sync_r2w_inst/CLK
    SLICE_X1Y8           FDCE                                         r  sync_r2w_inst/wq2_rptr_int_reg[3]/C

Slack:                    inf
  Source:                 winc
                            (input port)
  Destination:            mem_inst/mem_reg_0_15_0_5/RAMA/WE
                            (rising edge-triggered cell RAMD32 clocked by write_clk_domain  {rise@0.000ns fall@5.000ns period=10.000ns})
  Path Group:             (none)
  Path Type:              Setup (Max at Slow Process Corner)
  Data Path Delay:        3.132ns  (logic 1.063ns (33.924%)  route 2.070ns (66.076%))
  Logic Levels:           2  (IBUF=1 LUT2=1)
  Clock Path Skew:        4.282ns (DCD - SCD + CPR)
    Destination Clock Delay (DCD):    4.282ns
    Source Clock Delay      (SCD):    0.000ns
    Clock Pessimism Removal (CPR):    0.000ns
  Clock Uncertainty:      0.025ns  ((TSJ^2 + TIJ^2)^1/2 + DJ) / 2 + PE
    Total System Jitter     (TSJ):    0.050ns
    Total Input Jitter      (TIJ):    0.000ns
    Discrete Jitter          (DJ):    0.000ns
    Phase Error              (PE):    0.000ns

    Location             Delay type                Incr(ns)  Path(ns)    Netlist Resource(s)
  -------------------------------------------------------------------    -------------------
    U17                                               0.000     0.000 r  winc (IN)
                         net (fo=0)                   0.000     0.000    winc
    U17                  IBUF (Prop_ibuf_I_O)         0.939     0.939 r  winc_IBUF_inst/O
                         net (fo=9, routed)           1.431     2.370    wptr_full_inst/winc_IBUF
    SLICE_X3Y10          LUT2 (Prop_lut2_I0_O)        0.124     2.494 r  wptr_full_inst/mem_reg_0_15_0_5_i_1/O
                         net (fo=12, routed)          0.638     3.132    mem_inst/mem_reg_0_15_0_5/WE
    SLICE_X2Y11          RAMD32                                       r  mem_inst/mem_reg_0_15_0_5/RAMA/WE
  -------------------------------------------------------------------    -------------------

                         (clock write_clk_domain rise edge)
                                                      0.000     0.000 r  
    R16                                               0.000     0.000 r  wclk (IN)
                         net (fo=0)                   0.000     0.000    wclk
    R16                  IBUF (Prop_ibuf_I_O)         0.806     0.806 r  wclk_IBUF_inst/O
                         net (fo=1, routed)           1.868     2.674    wclk_IBUF
    BUFGCTRL_X0Y0        BUFG (Prop_bufg_I_O)         0.091     2.765 r  wclk_IBUF_BUFG_inst/O
                         net (fo=34, routed)          1.516     4.282    mem_inst/mem_reg_0_15_0_5/WCLK
    SLICE_X2Y11          RAMD32                                       r  mem_inst/mem_reg_0_15_0_5/RAMA/CLK

Slack:                    inf
  Source:                 winc
                            (input port)
  Destination:            mem_inst/mem_reg_0_15_0_5/RAMA_D1/WE
                            (rising edge-triggered cell RAMD32 clocked by write_clk_domain  {rise@0.000ns fall@5.000ns period=10.000ns})
  Path Group:             (none)
  Path Type:              Setup (Max at Slow Process Corner)
  Data Path Delay:        3.132ns  (logic 1.063ns (33.924%)  route 2.070ns (66.076%))
  Logic Levels:           2  (IBUF=1 LUT2=1)
  Clock Path Skew:        4.282ns (DCD - SCD + CPR)
    Destination Clock Delay (DCD):    4.282ns
    Source Clock Delay      (SCD):    0.000ns
    Clock Pessimism Removal (CPR):    0.000ns
  Clock Uncertainty:      0.025ns  ((TSJ^2 + TIJ^2)^1/2 + DJ) / 2 + PE
    Total System Jitter     (TSJ):    0.050ns
    Total Input Jitter      (TIJ):    0.000ns
    Discrete Jitter          (DJ):    0.000ns
    Phase Error              (PE):    0.000ns

    Location             Delay type                Incr(ns)  Path(ns)    Netlist Resource(s)
  -------------------------------------------------------------------    -------------------
    U17                                               0.000     0.000 r  winc (IN)
                         net (fo=0)                   0.000     0.000    winc
    U17                  IBUF (Prop_ibuf_I_O)         0.939     0.939 r  winc_IBUF_inst/O
                         net (fo=9, routed)           1.431     2.370    wptr_full_inst/winc_IBUF
    SLICE_X3Y10          LUT2 (Prop_lut2_I0_O)        0.124     2.494 r  wptr_full_inst/mem_reg_0_15_0_5_i_1/O
                         net (fo=12, routed)          0.638     3.132    mem_inst/mem_reg_0_15_0_5/WE
    SLICE_X2Y11          RAMD32                                       r  mem_inst/mem_reg_0_15_0_5/RAMA_D1/WE
  -------------------------------------------------------------------    -------------------

                         (clock write_clk_domain rise edge)
                                                      0.000     0.000 r  
    R16                                               0.000     0.000 r  wclk (IN)
                         net (fo=0)                   0.000     0.000    wclk
    R16                  IBUF (Prop_ibuf_I_O)         0.806     0.806 r  wclk_IBUF_inst/O
                         net (fo=1, routed)           1.868     2.674    wclk_IBUF
    BUFGCTRL_X0Y0        BUFG (Prop_bufg_I_O)         0.091     2.765 r  wclk_IBUF_BUFG_inst/O
                         net (fo=34, routed)          1.516     4.282    mem_inst/mem_reg_0_15_0_5/WCLK
    SLICE_X2Y11          RAMD32                                       r  mem_inst/mem_reg_0_15_0_5/RAMA_D1/CLK





Min Delay Paths
--------------------------------------------------------------------------------------
Slack:                    inf
  Source:                 wdata[0]
                            (input port)
  Destination:            mem_inst/mem_reg_0_15_0_5/RAMA/I
                            (rising edge-triggered cell RAMD32 clocked by write_clk_domain  {rise@0.000ns fall@5.000ns period=10.000ns})
  Path Group:             (none)
  Path Type:              Hold (Min at Fast Process Corner)
  Data Path Delay:        0.502ns  (logic 0.166ns (32.965%)  route 0.337ns (67.035%))
  Logic Levels:           1  (IBUF=1)
  Clock Path Skew:        1.939ns (DCD - SCD - CPR)
    Destination Clock Delay (DCD):    1.939ns
    Source Clock Delay      (SCD):    0.000ns
    Clock Pessimism Removal (CPR):    -0.000ns

    Location             Delay type                Incr(ns)  Path(ns)    Netlist Resource(s)
  -------------------------------------------------------------------    -------------------
    V14                                               0.000     0.000 r  wdata[0] (IN)
                         net (fo=0)                   0.000     0.000    wdata[0]
    V14                  IBUF (Prop_ibuf_I_O)         0.166     0.166 r  wdata_IBUF[0]_inst/O
                         net (fo=1, routed)           0.337     0.502    mem_inst/mem_reg_0_15_0_5/DIA0
    SLICE_X2Y11          RAMD32                                       r  mem_inst/mem_reg_0_15_0_5/RAMA/I
  -------------------------------------------------------------------    -------------------

                         (clock write_clk_domain rise edge)
                                                      0.000     0.000 r  
    R16                                               0.000     0.000 r  wclk (IN)
                         net (fo=0)                   0.000     0.000    wclk
    R16                  IBUF (Prop_ibuf_I_O)         0.357     0.357 r  wclk_IBUF_inst/O
                         net (fo=1, routed)           0.689     1.046    wclk_IBUF
    BUFGCTRL_X0Y0        BUFG (Prop_bufg_I_O)         0.029     1.075 r  wclk_IBUF_BUFG_inst/O
                         net (fo=34, routed)          0.864     1.939    mem_inst/mem_reg_0_15_0_5/WCLK
    SLICE_X2Y11          RAMD32                                       r  mem_inst/mem_reg_0_15_0_5/RAMA/CLK

Slack:                    inf
  Source:                 wdata[1]
                            (input port)
  Destination:            mem_inst/mem_reg_0_15_0_5/RAMA_D1/I
                            (rising edge-triggered cell RAMD32 clocked by write_clk_domain  {rise@0.000ns fall@5.000ns period=10.000ns})
  Path Group:             (none)
  Path Type:              Hold (Min at Fast Process Corner)
  Data Path Delay:        0.510ns  (logic 0.157ns (30.726%)  route 0.353ns (69.274%))
  Logic Levels:           1  (IBUF=1)
  Clock Path Skew:        1.939ns (DCD - SCD - CPR)
    Destination Clock Delay (DCD):    1.939ns
    Source Clock Delay      (SCD):    0.000ns
    Clock Pessimism Removal (CPR):    -0.000ns

    Location             Delay type                Incr(ns)  Path(ns)    Netlist Resource(s)
  -------------------------------------------------------------------    -------------------
    R13                                               0.000     0.000 r  wdata[1] (IN)
                         net (fo=0)                   0.000     0.000    wdata[1]
    R13                  IBUF (Prop_ibuf_I_O)         0.157     0.157 r  wdata_IBUF[1]_inst/O
                         net (fo=1, routed)           0.353     0.510    mem_inst/mem_reg_0_15_0_5/DIA1
    SLICE_X2Y11          RAMD32                                       r  mem_inst/mem_reg_0_15_0_5/RAMA_D1/I
  -------------------------------------------------------------------    -------------------

                         (clock write_clk_domain rise edge)
                                                      0.000     0.000 r  
    R16                                               0.000     0.000 r  wclk (IN)
                         net (fo=0)                   0.000     0.000    wclk
    R16                  IBUF (Prop_ibuf_I_O)         0.357     0.357 r  wclk_IBUF_inst/O
                         net (fo=1, routed)           0.689     1.046    wclk_IBUF
    BUFGCTRL_X0Y0        BUFG (Prop_bufg_I_O)         0.029     1.075 r  wclk_IBUF_BUFG_inst/O
                         net (fo=34, routed)          0.864     1.939    mem_inst/mem_reg_0_15_0_5/WCLK
    SLICE_X2Y11          RAMD32                                       r  mem_inst/mem_reg_0_15_0_5/RAMA_D1/CLK

Slack:                    inf
  Source:                 wdata[2]
                            (input port)
  Destination:            mem_inst/mem_reg_0_15_0_5/RAMB/I
                            (rising edge-triggered cell RAMD32 clocked by write_clk_domain  {rise@0.000ns fall@5.000ns period=10.000ns})
  Path Group:             (none)
  Path Type:              Hold (Min at Fast Process Corner)
  Data Path Delay:        0.545ns  (logic 0.161ns (29.502%)  route 0.384ns (70.498%))
  Logic Levels:           1  (IBUF=1)
  Clock Path Skew:        1.939ns (DCD - SCD - CPR)
    Destination Clock Delay (DCD):    1.939ns
    Source Clock Delay      (SCD):    0.000ns
    Clock Pessimism Removal (CPR):    -0.000ns

    Location             Delay type                Incr(ns)  Path(ns)    Netlist Resource(s)
  -------------------------------------------------------------------    -------------------
    P13                                               0.000     0.000 r  wdata[2] (IN)
                         net (fo=0)                   0.000     0.000    wdata[2]
    P13                  IBUF (Prop_ibuf_I_O)         0.161     0.161 r  wdata_IBUF[2]_inst/O
                         net (fo=1, routed)           0.384     0.545    mem_inst/mem_reg_0_15_0_5/DIB0
    SLICE_X2Y11          RAMD32                                       r  mem_inst/mem_reg_0_15_0_5/RAMB/I
  -------------------------------------------------------------------    -------------------

                         (clock write_clk_domain rise edge)
                                                      0.000     0.000 r  
    R16                                               0.000     0.000 r  wclk (IN)
                         net (fo=0)                   0.000     0.000    wclk
    R16                  IBUF (Prop_ibuf_I_O)         0.357     0.357 r  wclk_IBUF_inst/O
                         net (fo=1, routed)           0.689     1.046    wclk_IBUF
    BUFGCTRL_X0Y0        BUFG (Prop_bufg_I_O)         0.029     1.075 r  wclk_IBUF_BUFG_inst/O
                         net (fo=34, routed)          0.864     1.939    mem_inst/mem_reg_0_15_0_5/WCLK
    SLICE_X2Y11          RAMD32                                       r  mem_inst/mem_reg_0_15_0_5/RAMB/CLK

Slack:                    inf
  Source:                 wdata[3]
                            (input port)
  Destination:            mem_inst/mem_reg_0_15_0_5/RAMB_D1/I
                            (rising edge-triggered cell RAMD32 clocked by write_clk_domain  {rise@0.000ns fall@5.000ns period=10.000ns})
  Path Group:             (none)
  Path Type:              Hold (Min at Fast Process Corner)
  Data Path Delay:        0.552ns  (logic 0.169ns (30.531%)  route 0.384ns (69.469%))
  Logic Levels:           1  (IBUF=1)
  Clock Path Skew:        1.939ns (DCD - SCD - CPR)
    Destination Clock Delay (DCD):    1.939ns
    Source Clock Delay      (SCD):    0.000ns
    Clock Pessimism Removal (CPR):    -0.000ns

    Location             Delay type                Incr(ns)  Path(ns)    Netlist Resource(s)
  -------------------------------------------------------------------    -------------------
    V16                                               0.000     0.000 r  wdata[3] (IN)
                         net (fo=0)                   0.000     0.000    wdata[3]
    V16                  IBUF (Prop_ibuf_I_O)         0.169     0.169 r  wdata_IBUF[3]_inst/O
                         net (fo=1, routed)           0.384     0.552    mem_inst/mem_reg_0_15_0_5/DIB1
    SLICE_X2Y11          RAMD32                                       r  mem_inst/mem_reg_0_15_0_5/RAMB_D1/I
  -------------------------------------------------------------------    -------------------

                         (clock write_clk_domain rise edge)
                                                      0.000     0.000 r  
    R16                                               0.000     0.000 r  wclk (IN)
                         net (fo=0)                   0.000     0.000    wclk
    R16                  IBUF (Prop_ibuf_I_O)         0.357     0.357 r  wclk_IBUF_inst/O
                         net (fo=1, routed)           0.689     1.046    wclk_IBUF
    BUFGCTRL_X0Y0        BUFG (Prop_bufg_I_O)         0.029     1.075 r  wclk_IBUF_BUFG_inst/O
                         net (fo=34, routed)          0.864     1.939    mem_inst/mem_reg_0_15_0_5/WCLK
    SLICE_X2Y11          RAMD32                                       r  mem_inst/mem_reg_0_15_0_5/RAMB_D1/CLK

Slack:                    inf
  Source:                 wdata[5]
                            (input port)
  Destination:            mem_inst/mem_reg_0_15_0_5/RAMC_D1/I
                            (rising edge-triggered cell RAMD32 clocked by write_clk_domain  {rise@0.000ns fall@5.000ns period=10.000ns})
  Path Group:             (none)
  Path Type:              Hold (Min at Fast Process Corner)
  Data Path Delay:        0.576ns  (logic 0.151ns (26.176%)  route 0.425ns (73.824%))
  Logic Levels:           1  (IBUF=1)
  Clock Path Skew:        1.939ns (DCD - SCD - CPR)
    Destination Clock Delay (DCD):    1.939ns
    Source Clock Delay      (SCD):    0.000ns
    Clock Pessimism Removal (CPR):    -0.000ns

    Location             Delay type                Incr(ns)  Path(ns)    Netlist Resource(s)
  -------------------------------------------------------------------    -------------------
    T15                                               0.000     0.000 r  wdata[5] (IN)
                         net (fo=0)                   0.000     0.000    wdata[5]
    T15                  IBUF (Prop_ibuf_I_O)         0.151     0.151 r  wdata_IBUF[5]_inst/O
                         net (fo=1, routed)           0.425     0.576    mem_inst/mem_reg_0_15_0_5/DIC1
    SLICE_X2Y11          RAMD32                                       r  mem_inst/mem_reg_0_15_0_5/RAMC_D1/I
  -------------------------------------------------------------------    -------------------

                         (clock write_clk_domain rise edge)
                                                      0.000     0.000 r  
    R16                                               0.000     0.000 r  wclk (IN)
                         net (fo=0)                   0.000     0.000    wclk
    R16                  IBUF (Prop_ibuf_I_O)         0.357     0.357 r  wclk_IBUF_inst/O
                         net (fo=1, routed)           0.689     1.046    wclk_IBUF
    BUFGCTRL_X0Y0        BUFG (Prop_bufg_I_O)         0.029     1.075 r  wclk_IBUF_BUFG_inst/O
                         net (fo=34, routed)          0.864     1.939    mem_inst/mem_reg_0_15_0_5/WCLK
    SLICE_X2Y11          RAMD32                                       r  mem_inst/mem_reg_0_15_0_5/RAMC_D1/CLK

Slack:                    inf
  Source:                 wdata[6]
                            (input port)
  Destination:            mem_inst/mem_reg_0_15_6_7/SP/I
                            (rising edge-triggered cell RAMD32 clocked by write_clk_domain  {rise@0.000ns fall@5.000ns period=10.000ns})
  Path Group:             (none)
  Path Type:              Hold (Min at Fast Process Corner)
  Data Path Delay:        0.592ns  (logic 0.153ns (25.769%)  route 0.439ns (74.231%))
  Logic Levels:           1  (IBUF=1)
  Clock Path Skew:        1.939ns (DCD - SCD - CPR)
    Destination Clock Delay (DCD):    1.939ns
    Source Clock Delay      (SCD):    0.000ns
    Clock Pessimism Removal (CPR):    -0.000ns

    Location             Delay type                Incr(ns)  Path(ns)    Netlist Resource(s)
  -------------------------------------------------------------------    -------------------
    R15                                               0.000     0.000 r  wdata[6] (IN)
                         net (fo=0)                   0.000     0.000    wdata[6]
    R15                  IBUF (Prop_ibuf_I_O)         0.153     0.153 r  wdata_IBUF[6]_inst/O
                         net (fo=2, routed)           0.439     0.592    mem_inst/mem_reg_0_15_6_7/D
    SLICE_X2Y10          RAMD32                                       r  mem_inst/mem_reg_0_15_6_7/SP/I
  -------------------------------------------------------------------    -------------------

                         (clock write_clk_domain rise edge)
                                                      0.000     0.000 r  
    R16                                               0.000     0.000 r  wclk (IN)
                         net (fo=0)                   0.000     0.000    wclk
    R16                  IBUF (Prop_ibuf_I_O)         0.357     0.357 r  wclk_IBUF_inst/O
                         net (fo=1, routed)           0.689     1.046    wclk_IBUF
    BUFGCTRL_X0Y0        BUFG (Prop_bufg_I_O)         0.029     1.075 r  wclk_IBUF_BUFG_inst/O
                         net (fo=34, routed)          0.864     1.939    mem_inst/mem_reg_0_15_6_7/WCLK
    SLICE_X2Y10          RAMD32                                       r  mem_inst/mem_reg_0_15_6_7/SP/CLK

Slack:                    inf
  Source:                 wdata[7]
                            (input port)
  Destination:            mem_inst/mem_reg_0_15_6_7__0/DP/I
                            (rising edge-triggered cell RAMD32 clocked by write_clk_domain  {rise@0.000ns fall@5.000ns period=10.000ns})
  Path Group:             (none)
  Path Type:              Hold (Min at Fast Process Corner)
  Data Path Delay:        0.592ns  (logic 0.168ns (28.298%)  route 0.425ns (71.702%))
  Logic Levels:           1  (IBUF=1)
  Clock Path Skew:        1.939ns (DCD - SCD - CPR)
    Destination Clock Delay (DCD):    1.939ns
    Source Clock Delay      (SCD):    0.000ns
    Clock Pessimism Removal (CPR):    -0.000ns

    Location             Delay type                Incr(ns)  Path(ns)    Netlist Resource(s)
  -------------------------------------------------------------------    -------------------
    V17                                               0.000     0.000 r  wdata[7] (IN)
                         net (fo=0)                   0.000     0.000    wdata[7]
    V17                  IBUF (Prop_ibuf_I_O)         0.168     0.168 r  wdata_IBUF[7]_inst/O
                         net (fo=2, routed)           0.425     0.592    mem_inst/mem_reg_0_15_6_7__0/D
    SLICE_X2Y10          RAMD32                                       r  mem_inst/mem_reg_0_15_6_7__0/DP/I
  -------------------------------------------------------------------    -------------------

                         (clock write_clk_domain rise edge)
                                                      0.000     0.000 r  
    R16                                               0.000     0.000 r  wclk (IN)
                         net (fo=0)                   0.000     0.000    wclk
    R16                  IBUF (Prop_ibuf_I_O)         0.357     0.357 r  wclk_IBUF_inst/O
                         net (fo=1, routed)           0.689     1.046    wclk_IBUF
    BUFGCTRL_X0Y0        BUFG (Prop_bufg_I_O)         0.029     1.075 r  wclk_IBUF_BUFG_inst/O
                         net (fo=34, routed)          0.864     1.939    mem_inst/mem_reg_0_15_6_7__0/WCLK
    SLICE_X2Y10          RAMD32                                       r  mem_inst/mem_reg_0_15_6_7__0/DP/CLK

Slack:                    inf
  Source:                 wdata[7]
                            (input port)
  Destination:            mem_inst/mem_reg_0_15_6_7__0/SP/I
                            (rising edge-triggered cell RAMD32 clocked by write_clk_domain  {rise@0.000ns fall@5.000ns period=10.000ns})
  Path Group:             (none)
  Path Type:              Hold (Min at Fast Process Corner)
  Data Path Delay:        0.592ns  (logic 0.168ns (28.298%)  route 0.425ns (71.702%))
  Logic Levels:           1  (IBUF=1)
  Clock Path Skew:        1.939ns (DCD - SCD - CPR)
    Destination Clock Delay (DCD):    1.939ns
    Source Clock Delay      (SCD):    0.000ns
    Clock Pessimism Removal (CPR):    -0.000ns

    Location             Delay type                Incr(ns)  Path(ns)    Netlist Resource(s)
  -------------------------------------------------------------------    -------------------
    V17                                               0.000     0.000 r  wdata[7] (IN)
                         net (fo=0)                   0.000     0.000    wdata[7]
    V17                  IBUF (Prop_ibuf_I_O)         0.168     0.168 r  wdata_IBUF[7]_inst/O
                         net (fo=2, routed)           0.425     0.592    mem_inst/mem_reg_0_15_6_7__0/D
    SLICE_X2Y10          RAMD32                                       r  mem_inst/mem_reg_0_15_6_7__0/SP/I
  -------------------------------------------------------------------    -------------------

                         (clock write_clk_domain rise edge)
                                                      0.000     0.000 r  
    R16                                               0.000     0.000 r  wclk (IN)
                         net (fo=0)                   0.000     0.000    wclk
    R16                  IBUF (Prop_ibuf_I_O)         0.357     0.357 r  wclk_IBUF_inst/O
                         net (fo=1, routed)           0.689     1.046    wclk_IBUF
    BUFGCTRL_X0Y0        BUFG (Prop_bufg_I_O)         0.029     1.075 r  wclk_IBUF_BUFG_inst/O
                         net (fo=34, routed)          0.864     1.939    mem_inst/mem_reg_0_15_6_7__0/WCLK
    SLICE_X2Y10          RAMD32                                       r  mem_inst/mem_reg_0_15_6_7__0/SP/CLK

Slack:                    inf
  Source:                 wdata[4]
                            (input port)
  Destination:            mem_inst/mem_reg_0_15_0_5/RAMC/I
                            (rising edge-triggered cell RAMD32 clocked by write_clk_domain  {rise@0.000ns fall@5.000ns period=10.000ns})
  Path Group:             (none)
  Path Type:              Hold (Min at Fast Process Corner)
  Data Path Delay:        0.600ns  (logic 0.169ns (28.184%)  route 0.431ns (71.816%))
  Logic Levels:           1  (IBUF=1)
  Clock Path Skew:        1.939ns (DCD - SCD - CPR)
    Destination Clock Delay (DCD):    1.939ns
    Source Clock Delay      (SCD):    0.000ns
    Clock Pessimism Removal (CPR):    -0.000ns

    Location             Delay type                Incr(ns)  Path(ns)    Netlist Resource(s)
  -------------------------------------------------------------------    -------------------
    U15                                               0.000     0.000 r  wdata[4] (IN)
                         net (fo=0)                   0.000     0.000    wdata[4]
    U15                  IBUF (Prop_ibuf_I_O)         0.169     0.169 r  wdata_IBUF[4]_inst/O
                         net (fo=1, routed)           0.431     0.600    mem_inst/mem_reg_0_15_0_5/DIC0
    SLICE_X2Y11          RAMD32                                       r  mem_inst/mem_reg_0_15_0_5/RAMC/I
  -------------------------------------------------------------------    -------------------

                         (clock write_clk_domain rise edge)
                                                      0.000     0.000 r  
    R16                                               0.000     0.000 r  wclk (IN)
                         net (fo=0)                   0.000     0.000    wclk
    R16                  IBUF (Prop_ibuf_I_O)         0.357     0.357 r  wclk_IBUF_inst/O
                         net (fo=1, routed)           0.689     1.046    wclk_IBUF
    BUFGCTRL_X0Y0        BUFG (Prop_bufg_I_O)         0.029     1.075 r  wclk_IBUF_BUFG_inst/O
                         net (fo=34, routed)          0.864     1.939    mem_inst/mem_reg_0_15_0_5/WCLK
    SLICE_X2Y11          RAMD32                                       r  mem_inst/mem_reg_0_15_0_5/RAMC/CLK

Slack:                    inf
  Source:                 wdata[6]
                            (input port)
  Destination:            mem_inst/mem_reg_0_15_6_7/DP/I
                            (rising edge-triggered cell RAMD32 clocked by write_clk_domain  {rise@0.000ns fall@5.000ns period=10.000ns})
  Path Group:             (none)
  Path Type:              Hold (Min at Fast Process Corner)
  Data Path Delay:        0.721ns  (logic 0.153ns (21.152%)  route 0.569ns (78.848%))
  Logic Levels:           1  (IBUF=1)
  Clock Path Skew:        1.939ns (DCD - SCD - CPR)
    Destination Clock Delay (DCD):    1.939ns
    Source Clock Delay      (SCD):    0.000ns
    Clock Pessimism Removal (CPR):    -0.000ns

    Location             Delay type                Incr(ns)  Path(ns)    Netlist Resource(s)
  -------------------------------------------------------------------    -------------------
    R15                                               0.000     0.000 r  wdata[6] (IN)
                         net (fo=0)                   0.000     0.000    wdata[6]
    R15                  IBUF (Prop_ibuf_I_O)         0.153     0.153 r  wdata_IBUF[6]_inst/O
                         net (fo=2, routed)           0.569     0.721    mem_inst/mem_reg_0_15_6_7/D
    SLICE_X2Y10          RAMD32                                       r  mem_inst/mem_reg_0_15_6_7/DP/I
  -------------------------------------------------------------------    -------------------

                         (clock write_clk_domain rise edge)
                                                      0.000     0.000 r  
    R16                                               0.000     0.000 r  wclk (IN)
                         net (fo=0)                   0.000     0.000    wclk
    R16                  IBUF (Prop_ibuf_I_O)         0.357     0.357 r  wclk_IBUF_inst/O
                         net (fo=1, routed)           0.689     1.046    wclk_IBUF
    BUFGCTRL_X0Y0        BUFG (Prop_bufg_I_O)         0.029     1.075 r  wclk_IBUF_BUFG_inst/O
                         net (fo=34, routed)          0.864     1.939    mem_inst/mem_reg_0_15_6_7/WCLK
    SLICE_X2Y10          RAMD32                                       r  mem_inst/mem_reg_0_15_6_7/DP/CLK





